K,archetype,best_n_clusters,purity,balance,cluster_score,ari,nmi,cluster_sizes,decode_accuracy_overall,decode_intact,decode_intact_sem,decode_rest,decode_rest_sem,decode_word,decode_word_sem,cluster_rank,decode_rank,joint_rank_score
5,1,2,0.6111111111111112,1.0,0.16137845091894631,0.31658682867936283,0.3279164701672274,"[54, 54]",0.007111111111111111,0.007000000000000001,0.00044337478117411754,0.0069166666666666664,0.0006579288490181673,0.007416666666666667,0.0005532537786493135,1.0,2.0,-3.0
10,2,2,0.5833333333333334,0.9907407407407407,0.13905781665984804,0.26007184556124885,0.26178482325026525,"[53, 55]",0.006750000000000001,0.007916666666666667,0.0005019548679499876,0.004,0.0005748776656683841,0.008333333333333335,0.0005967623950328606,4.0,2.0,-6.0
