analysis_type,fit_scope,condition,K,archetype,mean_accuracy,sem_accuracy,std_accuracy,count,rank_mean,error_mean
spatial,within,intact,5,0,0.007916666666666666,0.0005558225853982063,0.0035153306896435585,40,0.6989761111111111,0.36797583333333334
spatial,within,intact,5,1,0.007916666666666666,0.0005428570089754134,0.003433329184297551,40,0.6655883333333333,0.33574777777777765
spatial,within,intact,5,2,0.007166666666666667,0.000514047677015483,0.0032511229705750244,40,0.6170263888888889,0.4104672222222221
spatial,within,intact,5,3,0.007333333333333333,0.0005495400822454191,0.0034755966509035655,40,0.6109541666666667,0.37787555555555546
spatial,within,intact,5,4,0.007083333333333333,0.0005989960736902173,0.003788383804718293,40,0.5950216666666667,0.35078972222222216
spatial,within,intact,10,0,0.007416666666666667,0.0005784287095915728,0.0036583043726829078,40,0.7115191666666667,0.38719638888888885
spatial,within,intact,10,1,0.008666666666666666,0.00047441672090180913,0.003000474796236256,40,0.6737183333333335,0.29143222222222215
spatial,within,intact,10,2,0.00825,0.0006425942346670646,0.004064122785681311,40,0.6896969444444446,0.33983249999999987
spatial,within,intact,10,3,0.005833333333333334,0.0006399563731569205,0.004047439484633018,40,0.61114,0.41110138888888875
spatial,within,intact,10,4,0.0075,0.0005566229063100617,0.0035203923635246104,40,0.6196600000000001,0.3748002777777777
spatial,within,intact,10,5,0.007416666666666666,0.0006481125346341155,0.004099023579097137,40,0.6282775,0.39329583333333323
spatial,within,intact,10,6,0.008083333333333335,0.0005047847980156418,0.0031925393799149436,40,0.5987061111111112,0.35952999999999996
spatial,within,intact,10,7,0.007333333333333333,0.0007753319296531009,0.004903629680714485,40,0.6066547222222224,0.3438547222222222
spatial,within,intact,10,8,0.007916666666666666,0.0007327066086497201,0.004634043479981491,40,0.5478741666666667,0.3254880555555556
spatial,within,intact,10,9,0.004666666666666667,0.0004591581544807963,0.0029039711487975277,40,0.5605944444444445,0.3592144444444444
spatial,within,intact,25,0,0.006583333333333334,0.0007109992566943675,0.004496754131681843,40,0.5859730555555556,0.32959444444444436
spatial,within,intact,25,1,0.00825,0.0005722388181146617,0.003619156061610303,40,0.7080927777777779,0.3941333333333333
spatial,within,intact,25,2,0.009833333333333335,0.0006309898162000304,0.003990729999126216,40,0.6962983333333334,0.3192883333333333
spatial,within,intact,25,3,0.008416666666666666,0.0005467789649092551,0.0034581338115650556,40,0.6860975,0.3286619444444444
spatial,within,intact,25,4,0.007583333333333333,0.0004919219241781967,0.0031111874227515096,40,0.6726869444444445,0.3231491666666667
spatial,within,intact,25,5,0.007000000000000001,0.0004744167209018092,0.0030004747962362566,40,0.6103977777777779,0.40545583333333324
spatial,within,intact,25,6,0.005833333333333334,0.0005304140187994953,0.0033546328045795494,40,0.6254391666666667,0.3652808333333333
spatial,within,intact,25,7,0.007916666666666666,0.0005159493228057419,0.0032631500345752028,40,0.6103844444444444,0.38250416666666653
spatial,within,intact,25,8,0.0069166666666666664,0.0005117911677922933,0.003236851553162112,40,0.6163938888888889,0.40233833333333335
spatial,within,intact,25,9,0.007083333333333333,0.00048019909213905024,0.003037045723008912,40,0.6067727777777778,0.33938499999999994
spatial,within,intact,25,10,0.005166666666666667,0.0004913786640188923,0.003107751543820654,40,0.5565027777777778,0.3558344444444444
spatial,within,intact,25,11,0.00575,0.0006314129680188206,0.003993406246213056,40,0.5604394444444445,0.32134944444444447
spatial,within,intact,25,12,0.004083333333333333,0.0006025527367540542,0.003810878117021328,40,0.5700899999999999,0.3070083333333333
spatial,within,intact,25,13,0.006750000000000001,0.0006590105247982553,0.0041679485207707255,40,0.5526950000000002,0.3269936111111111
spatial,within,intact,25,14,0.008333333333333335,0.0008182393717706753,0.005175000172041232,40,0.5869255555555556,0.3314263888888889
spatial,within,intact,25,15,0.007583333333333333,0.0007059726877843333,0.004464963318538847,40,0.5379422222222223,0.3328727777777777
spatial,within,intact,25,16,0.005,0.0006201736729460423,0.003922322702763681,40,0.5683030555555556,0.3269574999999999
spatial,within,intact,25,17,0.0041666666666666675,0.0006287281966789348,0.003976426261351493,40,0.549628611111111,0.3279455555555555
spatial,within,intact,25,18,0.0055,0.0006264584123867621,0.003962070885030416,40,0.5453730555555556,0.3166427777777778
spatial,within,intact,25,19,0.004666666666666667,0.0005443310539518173,0.0034426518632954817,40,0.5180727777777777,0.3479563888888888
spatial,within,intact,25,20,0.004083333333333333,0.0006590105247982552,0.004167948520770725,40,0.5422736111111112,0.3343711111111111
spatial,within,intact,25,21,0.005333333333333334,0.0005822639771026016,0.0036825607342247,40,0.5616569444444444,0.33703583333333337
spatial,within,intact,25,22,0.005333333333333334,0.0006178724639975321,0.0039077685794651745,40,0.4927894444444444,0.35201138888888883
spatial,within,intact,25,23,0.004,0.0006338054920158089,0.0040085378965872415,40,0.49336888888888886,0.33880527777777775
spatial,within,intact,25,24,0.004333333333333333,0.0006877023141843227,0.004349411329982359,40,0.5195355555555555,0.32769138888888877
spatial,within,intact,50,0,0.005333333333333333,0.0005310850045437943,0.003358876491038526,40,0.5591488888888889,0.3345105555555555
spatial,within,intact,50,1,0.007750000000000002,0.0004831564663131095,0.0030557497995756847,40,0.7036000000000001,0.3886372222222222
spatial,within,intact,50,2,0.009333333333333334,0.0006109168300344762,0.0038637772876778144,40,0.6926302777777777,0.31603972222222215
spatial,within,intact,50,3,0.008583333333333335,0.0005833333333333333,0.003689323936863109,40,0.6768888888888889,0.32036499999999996
spatial,within,intact,50,4,0.007083333333333333,0.00044955660333392903,0.002843245607408123,40,0.5963244444444447,0.4081372222222221
spatial,within,intact,50,5,0.0075,0.00040911968588533767,0.002587500086020616,40,0.6095005555555556,0.37974444444444433
spatial,within,intact,50,6,0.006333333333333334,0.0006730463973541891,0.004256719173219925,40,0.6254891666666668,0.3612686111111111
spatial,within,intact,50,7,0.007833333333333335,0.0006596856715021065,0.004172218523448575,40,0.6117741666666667,0.38357777777777774
spatial,within,intact,50,8,0.008083333333333335,0.0005583795745617396,0.003531502509061826,40,0.6277188888888889,0.3767122222222222
spatial,within,intact,50,9,0.007250000000000001,0.000652493573338361,0.004126731700742675,40,0.6189105555555555,0.39506055555555547
spatial,within,intact,50,10,0.008333333333333333,0.0008094878969266033,0.005119650985255363,40,0.6310133333333334,0.31094222222222223
spatial,within,intact,50,11,0.007000000000000001,0.0007434423667686371,0.004701942376110336,40,0.6092758333333335,0.34183555555555556
spatial,within,intact,50,12,0.00475,0.0005954181656808868,0.0037657551275822065,40,0.5581675,0.31554527777777774
spatial,within,intact,50,13,0.007333333333333335,0.0007081133393917258,0.004478501988051368,40,0.5657827777777777,0.34155749999999996
spatial,within,intact,50,14,0.00525,0.0005583795745617396,0.0035315025090618263,40,0.5519219444444445,0.3038783333333333
spatial,within,intact,50,15,0.004916666666666667,0.0004772233913401199,0.0030182257386893066,40,0.5552713888888888,0.34410250000000003
spatial,within,intact,50,16,0.0055,0.0006377265532304238,0.0040333368651535,40,0.5514902777777777,0.3350705555555556
spatial,within,intact,50,17,0.007083333333333333,0.000737551002630653,0.004664682117707407,40,0.5888136111111112,0.32864222222222217
spatial,within,intact,50,18,0.007083333333333333,0.000677134695619266,0.0042825758417634405,40,0.5822719444444445,0.3402783333333333
spatial,within,intact,50,19,0.00575,0.0007159905377464497,0.0045283217648150855,40,0.5527677777777777,0.33124611111111113
spatial,within,intact,50,20,0.005666666666666666,0.0006558958989042623,0.004148249897002013,40,0.5112108333333334,0.33940444444444445
spatial,within,intact,50,21,0.00525,0.0006302839318575675,0.00398626559455255,40,0.5273602777777778,0.3205344444444444
spatial,within,intact,50,22,0.00525,0.0005583795745617396,0.003531502509061826,40,0.5486011111111113,0.36661499999999997
spatial,within,intact,50,23,0.005416666666666667,0.0007706095193669952,0.004873762535614682,40,0.5943797222222225,0.3269958333333333
spatial,within,intact,50,24,0.00575,0.0007059726877843334,0.004464963318538848,40,0.5652905555555557,0.3349455555555555
spatial,within,intact,50,25,0.00625,0.0006978548735241623,0.004413621753170177,40,0.5701125,0.3366716666666666
spatial,within,intact,50,26,0.006166666666666666,0.0008055187141590188,0.005094547669265247,40,0.5372233333333334,0.32950888888888885
spatial,within,intact,50,27,0.005666666666666667,0.0006338054920158089,0.0040085378965872415,40,0.5387966666666667,0.3211122222222222
spatial,within,intact,50,28,0.004583333333333333,0.0006049122278635169,0.0038258008490709675,40,0.5464780555555556,0.33433972222222214
spatial,within,intact,50,29,0.004083333333333333,0.00045428476077747075,0.0028731491007230646,40,0.588708888888889,0.3318883333333333
spatial,within,intact,50,30,0.004,0.0005495400822454191,0.0034755966509035655,40,0.5510852777777778,0.3263905555555555
spatial,within,intact,50,31,0.0055,0.0006596856715021065,0.004172218523448575,40,0.5298516666666667,0.32382138888888884
spatial,within,intact,50,32,0.005583333333333333,0.0006013695196343919,0.003803394794892054,40,0.5302366666666666,0.33057055555555553
spatial,within,intact,50,33,0.006500000000000001,0.0005840959605818988,0.003694147215085458,40,0.5631013888888889,0.31774361111111116
spatial,within,intact,50,34,0.0035000000000000005,0.00047666337934435156,0.0030146839118420175,40,0.5368997222222223,0.32664666666666664
spatial,within,intact,50,35,0.005666666666666666,0.0007181013268818792,0.004541671567471675,40,0.5781316666666667,0.3160283333333333
spatial,within,intact,50,36,0.0055,0.0006703955544528912,0.004239953770645144,40,0.5475547222222221,0.3455505555555555
spatial,within,intact,50,37,0.004666666666666667,0.0005822639771026016,0.0036825607342247,40,0.5410122222222222,0.31708916666666664
spatial,within,intact,50,38,0.006333333333333332,0.0007141228955659593,0.004516509758525979,40,0.5880658333333334,0.3372625
spatial,within,intact,50,39,0.004416666666666668,0.0005894067228156503,0.0037277354246259744,40,0.522616388888889,0.3308869444444444
spatial,within,intact,50,40,0.005,0.0005967623950328607,0.003774256780481986,40,0.529666388888889,0.3355663888888889
spatial,within,intact,50,41,0.004666666666666667,0.0006515377383555189,0.004120686469516576,40,0.5315363888888889,0.32656277777777776
spatial,within,intact,50,42,0.004416666666666667,0.0004366979828269512,0.002761920550668525,40,0.5034077777777778,0.34528583333333335
spatial,within,intact,50,43,0.006666666666666666,0.0007453559924999299,0.004714045207910317,40,0.5574058333333334,0.3299333333333333
spatial,within,intact,50,44,0.0055000000000000005,0.0005277215444626347,0.0033376041016874875,40,0.49092722222222224,0.36167027777777777
spatial,within,intact,50,45,0.0019166666666666666,0.00031322920619338105,0.001981035442515208,40,0.510288611111111,0.33887527777777776
spatial,within,intact,50,46,0.0034166666666666664,0.0006025527367540542,0.0038108781170213277,40,0.5238133333333334,0.32878999999999997
spatial,within,intact,50,47,0.003166666666666666,0.0005330928945203023,0.0033715755022721006,40,0.538266111111111,0.3370683333333333
spatial,within,intact,50,48,0.004416666666666667,0.0005647213971599238,0.003571611716915804,40,0.5406213888888889,0.32460194444444435
spatial,within,intact,50,49,0.002416666666666667,0.0004301245430187895,0.002720346466956902,40,0.5116625000000001,0.3247108333333332
spatial,within,intact,75,0,0.007083333333333333,0.000737551002630653,0.004664682117707407,40,0.5770491666666666,0.3263419444444444
spatial,within,intact,75,1,0.009333333333333332,0.0007567361314550618,0.004786019526285168,40,0.7084138888888889,0.39116166666666663
spatial,within,intact,75,2,0.00775,0.0006246081392643932,0.003950368730310261,40,0.6926822222222222,0.3155216666666666
spatial,within,intact,75,3,0.007000000000000001,0.0007040784727049221,0.004452983250480495,40,0.6699980555555557,0.32741638888888874
spatial,within,intact,75,4,0.0075000000000000015,0.0003726779962499649,0.0023570226039551583,40,0.594838888888889,0.4083997222222221
spatial,within,intact,75,5,0.008166666666666666,0.00061959917196776,0.003918689239544947,40,0.6710352777777778,0.3502152777777777
spatial,within,intact,75,6,0.009333333333333334,0.0006877023141843227,0.004349411329982359,40,0.623633888888889,0.38552027777777764
spatial,within,intact,75,7,0.0065833333333333325,0.0006481125346341155,0.004099023579097137,40,0.581563888888889,0.3737369444444444
spatial,within,intact,75,8,0.008,0.0007240279857964913,0.004579155049641907,40,0.6222422222222221,0.3097255555555555
spatial,within,intact,75,9,0.008749999999999999,0.0006503067433133847,0.004112900973273538,40,0.6364075000000001,0.3697430555555556
spatial,within,intact,75,10,0.006666666666666666,0.0006537204504606134,0.004134491152973615,40,0.5919405555555557,0.39237694444444443
spatial,within,intact,75,11,0.008083333333333335,0.0005322571942188482,0.0033662900694843324,40,0.5976466666666667,0.3693086111111111
spatial,within,intact,75,12,0.00625,0.0006665331062793369,0.004215525503499566,40,0.629141388888889,0.3358213888888889
spatial,within,intact,75,13,0.0065833333333333325,0.0006590105247982552,0.004167948520770725,40,0.6288597222222222,0.30939861111111105
spatial,within,intact,75,14,0.008083333333333335,0.0008679764921259047,0.005489565341202127,40,0.5930902777777778,0.35903166666666664
spatial,within,intact,75,15,0.005166666666666667,0.0007637626158259732,0.004830458915396479,40,0.5615308333333334,0.3130427777777777
spatial,within,intact,75,16,0.006500000000000001,0.000674631903431942,0.004266746794119403,40,0.5984827777777777,0.33743777777777767
spatial,within,intact,75,17,0.006416666666666666,0.0008387643536927645,0.005304811555656397,40,0.5740216666666667,0.3319794444444444
spatial,within,intact,75,18,0.004583333333333333,0.0005019548679499876,0.003174641330662029,40,0.5715797222222223,0.3244697222222222
spatial,within,intact,75,19,0.007666666666666666,0.0006558958989042623,0.004148249897002013,40,0.5671305555555556,0.31322777777777777
spatial,within,intact,75,20,0.00575,0.0006535842445105027,0.004133629710907181,40,0.5643944444444445,0.3396669444444444
spatial,within,intact,75,21,0.005,0.0006959385636178557,0.004401501945156832,40,0.5578836111111112,0.3394352777777777
spatial,within,intact,75,22,0.004333333333333333,0.0005495400822454191,0.0034755966509035655,40,0.5551216666666667,0.3414708333333333
spatial,within,intact,75,23,0.007916666666666666,0.0009065093817822623,0.005733268733486193,40,0.5591177777777778,0.3522091666666667
spatial,within,intact,75,24,0.005,0.00046225016352102424,0.0029235267310234307,40,0.5497019444444444,0.33862444444444445
spatial,within,intact,75,25,0.003916666666666667,0.0004904718932443306,0.003102016621894074,40,0.5377169444444444,0.31365999999999994
spatial,within,intact,75,26,0.003916666666666667,0.00041150650886420594,0.0026025956799903193,40,0.5551541666666667,0.33679166666666666
spatial,within,intact,75,27,0.006500000000000001,0.000674631903431942,0.004266746794119403,40,0.5702316666666667,0.3351075
spatial,within,intact,75,28,0.006500000000000001,0.0006954266558151432,0.004398264355939664,40,0.5539366666666667,0.35267527777777785
spatial,within,intact,75,29,0.00575,0.0006643924886069821,0.004201987048611068,40,0.5656241666666666,0.32824
spatial,within,intact,75,30,0.007166666666666666,0.000637726553230424,0.004033336865153501,40,0.5829902777777778,0.3270363888888888
spatial,within,intact,75,31,0.005083333333333334,0.0005596536881967729,0.0035395607112309897,40,0.5561783333333334,0.3354755555555555
spatial,within,intact,75,32,0.009666666666666667,0.000771648621745413,0.004880334396090479,40,0.5937794444444446,0.33902805555555543
spatial,within,intact,75,33,0.00475,0.0006739717291829767,0.004262571485560761,40,0.547498888888889,0.33440027777777775
spatial,within,intact,75,34,0.0075,0.0006933752452815363,0.004385290096535145,40,0.5913669444444445,0.3502755555555555
spatial,within,intact,75,35,0.00475,0.0005322571942188483,0.003366290069484333,40,0.5292613888888889,0.3187311111111111
spatial,within,intact,75,36,0.00475,0.0005583795745617396,0.0035315025090618263,40,0.5161127777777776,0.3511058333333333
spatial,within,intact,75,37,0.006500000000000001,0.0008684892079199971,0.005492808040605476,40,0.5898386111111111,0.3218713888888889
spatial,within,intact,75,38,0.005833333333333334,0.0006933752452815364,0.004385290096535146,40,0.5752972222222222,0.31869333333333333
spatial,within,intact,75,39,0.00475,0.0004904718932443306,0.003102016621894074,40,0.5687075000000001,0.33006055555555547
spatial,within,intact,75,40,0.007000000000000001,0.0007337993857053428,0.004640954808922571,40,0.5715027777777778,0.32388138888888884
spatial,within,intact,75,41,0.005416666666666667,0.0006718548123582125,0.004249182927993988,40,0.5324766666666667,0.3254311111111111
spatial,within,intact,75,42,0.0085,0.0007912448268825371,0.005004271679548888,40,0.5348547222222223,0.34479916666666666
spatial,within,intact,75,43,0.00575,0.0006084343084444759,0.003848076442547927,40,0.5493186111111112,0.31913249999999993
spatial,within,intact,75,44,0.0065833333333333325,0.0007009100718172972,0.004432944523789707,40,0.5530638888888889,0.33780555555555547
spatial,within,intact,75,45,0.005416666666666667,0.0006165742596507072,0.0038995580142565786,40,0.583865,0.33067888888888886
spatial,within,intact,75,46,0.0020833333333333337,0.0003517862436957438,0.0022248915591872,40,0.5427913888888888,0.33002972222222215
spatial,within,intact,75,47,0.006083333333333334,0.0006302839318575675,0.00398626559455255,40,0.5253180555555556,0.3268855555555555
spatial,within,intact,75,48,0.0035833333333333333,0.00048315646631310954,0.003055749799575685,40,0.5285438888888889,0.3338147222222222
spatial,within,intact,75,49,0.005333333333333333,0.0006405126152203485,0.004050957468334666,40,0.5367305555555556,0.33328888888888886
spatial,within,intact,75,50,0.005333333333333333,0.0007040784727049221,0.004452983250480495,40,0.5670613888888889,0.32600138888888885
spatial,within,intact,75,51,0.004333333333333333,0.0005229763603684908,0.0033075929223788923,40,0.5270086111111111,0.3227819444444444
spatial,within,intact,75,52,0.005666666666666667,0.0006338054920158089,0.0040085378965872415,40,0.5707530555555556,0.31601888888888885
spatial,within,intact,75,53,0.003166666666666667,0.0005056659032384978,0.0031981119786399334,40,0.550991388888889,0.31018388888888887
spatial,within,intact,75,54,0.006333333333333332,0.0008672581807839878,0.005485022341382949,40,0.5684741666666666,0.33825694444444443
spatial,within,intact,75,55,0.00525,0.0005047847980156418,0.0031925393799149436,40,0.5454827777777779,0.34427472222222216
spatial,within,intact,75,56,0.0037500000000000007,0.0005362566783465032,0.003391585028102495,40,0.5345163888888889,0.33224249999999994
spatial,within,intact,75,57,0.00375,0.0006107710786713059,0.003862855475118429,40,0.5213477777777777,0.32914833333333327
spatial,within,intact,75,58,0.004916666666666666,0.0006314129680188206,0.003993406246213056,40,0.5099133333333332,0.3366191666666667
spatial,within,intact,75,59,0.004916666666666667,0.000596613185780614,0.0037733130983118456,40,0.5103130555555555,0.32843388888888886
spatial,within,intact,75,60,0.004083333333333333,0.0006481125346341155,0.004099023579097137,40,0.5082963888888888,0.3377180555555555
spatial,within,intact,75,61,0.005583333333333333,0.0007297845367541505,0.0046155626746279595,40,0.5471541666666667,0.3339294444444444
spatial,within,intact,75,62,0.005416666666666667,0.0007327066086497203,0.004634043479981492,40,0.5226358333333333,0.3270597222222221
spatial,within,intact,75,63,0.0036666666666666666,0.0004891995904702285,0.0030939698726150473,40,0.5159869444444445,0.3371033333333333
spatial,within,intact,75,64,0.006166666666666666,0.0005913671446023187,0.003740134220666952,40,0.5013708333333333,0.36513999999999996
spatial,within,intact,75,65,0.005166666666666667,0.0007055942515803596,0.004462569877831597,40,0.5105972222222223,0.3417286111111111
spatial,within,intact,75,66,0.003,0.0005175000172041232,0.003272957487082702,40,0.5024708333333333,0.33997805555555555
spatial,within,intact,75,67,0.0028333333333333335,0.0005277215444626347,0.0033376041016874875,40,0.5334775,0.32829833333333325
spatial,within,intact,75,68,0.0032500000000000003,0.0004697016692749325,0.002970654191383831,40,0.5220030555555555,0.339753611111111
spatial,within,intact,75,69,0.0035833333333333333,0.0006013695196343918,0.0038033947948920535,40,0.5015274999999999,0.3266911111111111
spatial,within,intact,75,70,0.005166666666666667,0.0006421784505829843,0.00406149313624023,40,0.5429358333333333,0.337495
spatial,within,intact,75,71,0.004083333333333333,0.0006142595663193327,0.0038849186082326862,40,0.5323641666666667,0.33746388888888895
spatial,within,intact,75,72,0.004666666666666668,0.000673046397354189,0.0042567191732199245,40,0.5340855555555555,0.3345655555555555
spatial,within,intact,75,73,0.0045,0.0005410499447694665,0.003421900306759639,40,0.526651388888889,0.3341905555555556
spatial,within,intact,75,74,0.003166666666666666,0.0005056659032384976,0.003198111978639933,40,0.5047552777777777,0.3290469444444444
spatial,within,intact,100,0,0.00875,0.0007029394935724779,0.004445779713948642,40,0.6418236111111112,0.3131155555555555
spatial,within,intact,100,1,0.005166666666666667,0.0006851081807811226,0.004333004589765487,40,0.5391919444444445,0.3333847222222222
spatial,within,intact,100,2,0.006333333333333334,0.0006292943635623921,0.0039800070151264615,40,0.5552319444444445,0.3109988888888888
spatial,within,intact,100,3,0.006416666666666666,0.0006792351572617534,0.0042958603276195976,40,0.5929633333333334,0.30817388888888886
spatial,within,intact,100,4,0.007750000000000002,0.0007678317049103449,0.0048561940944139665,40,0.5804977777777778,0.336016111111111
spatial,within,intact,100,5,0.009000000000000001,0.0005748776656683841,0.0036358455989457554,40,0.6967233333333335,0.393956111111111
spatial,within,intact,100,6,0.007666666666666666,0.00041688028711990425,0.002636582437847706,40,0.6415736111111112,0.3245266666666666
spatial,within,intact,100,7,0.0069166666666666664,0.0005255237517707583,0.003323704040225084,40,0.6561536111111111,0.3389488888888888
spatial,within,intact,100,8,0.007166666666666667,0.0004706484585228889,0.0029766422123592316,40,0.5956261111111113,0.41201027777777754
spatial,within,intact,100,9,0.0075000000000000015,0.0005304140187994953,0.0033546328045795494,40,0.6754516666666668,0.36746388888888887
spatial,within,intact,100,10,0.009666666666666667,0.0008337605742398084,0.0052731648756954115,40,0.6676441666666667,0.2974375
spatial,within,intact,100,11,0.008749999999999999,0.0007423637845450089,0.004695120823169468,40,0.6603808333333335,0.3490997222222222
spatial,within,intact,100,12,0.008333333333333333,0.0007826465438086419,0.004949891362588122,40,0.6496769444444445,0.3671197222222222
spatial,within,intact,100,13,0.007333333333333333,0.0005091750772173156,0.0032203059435976533,40,0.6576127777777778,0.32628250000000003
spatial,within,intact,100,14,0.008166666666666666,0.0005591762357951763,0.0035365410371042644,40,0.6307233333333334,0.3114480555555555
spatial,within,intact,100,15,0.005333333333333333,0.0005572623354770269,0.0035244364686645184,40,0.6265211111111112,0.3579127777777777
spatial,within,intact,100,16,0.005416666666666667,0.000568492533533872,0.0035954624775333737,40,0.5689563888888889,0.3751805555555555
spatial,within,intact,100,17,0.00825,0.0006084343084444759,0.003848076442547927,40,0.5964388888888891,0.3742711111111111
spatial,within,intact,100,18,0.008333333333333333,0.0006085806194501846,0.0038490017945975053,40,0.6314205555555555,0.3752413888888889
spatial,within,intact,100,19,0.006666666666666668,0.0005967623950328606,0.0037742567804819856,40,0.610541388888889,0.37674833333333324
spatial,within,intact,100,20,0.006833333333333333,0.0005717718748968656,0.0036162028533978947,40,0.6027272222222223,0.3951969444444444
spatial,within,intact,100,21,0.0065833333333333325,0.0006906735223894966,0.0043682029006442205,40,0.6295613888888889,0.34122277777777776
spatial,within,intact,100,22,0.008583333333333335,0.000652493573338361,0.004126731700742675,40,0.6288041666666667,0.3146197222222222
spatial,within,intact,100,23,0.004583333333333333,0.0005808861979155425,0.003673846893536936,40,0.5735722222222222,0.34975888888888895
spatial,within,intact,100,24,0.004833333333333334,0.0006421784505829843,0.00406149313624023,40,0.5613736111111112,0.3223969444444444
spatial,within,intact,100,25,0.007333333333333333,0.0007567361314550618,0.004786019526285168,40,0.5765827777777778,0.3033277777777777
spatial,within,intact,100,26,0.005833333333333334,0.0006172958213483476,0.0039041215711303414,40,0.585145,0.3481213888888888
spatial,within,intact,100,27,0.00525,0.0006947862406725684,0.004394214014942469,40,0.5709816666666667,0.3313030555555555
spatial,within,intact,100,28,0.00525,0.0006844581111966647,0.004328893188716515,40,0.5738308333333333,0.32886388888888896
spatial,within,intact,100,29,0.00825,0.0007825327787751449,0.0049491718493402505,40,0.5851291666666668,0.3129911111111111
spatial,within,intact,100,30,0.005833333333333334,0.0005816520337100941,0.003678690464385871,40,0.5689180555555556,0.33814749999999993
spatial,within,intact,100,31,0.005916666666666667,0.0007687587583176067,0.0048620572949731,40,0.5577466666666666,0.3414916666666666
spatial,within,intact,100,32,0.00425,0.0006425942346670647,0.0040641227856813116,40,0.5499955555555556,0.33845361111111105
spatial,within,intact,100,33,0.006416666666666666,0.0007099967898486877,0.0044904139746595375,40,0.5652963888888889,0.34795638888888875
spatial,within,intact,100,34,0.00475,0.00042846542577274665,0.0027098532881513794,40,0.5534894444444445,0.31120722222222225
spatial,within,intact,100,35,0.003916666666666667,0.0006633195892576047,0.004195201437322778,40,0.5722636111111112,0.34183166666666664
spatial,within,intact,100,36,0.005583333333333333,0.0005519648921491675,0.003490932495281123,40,0.5660638888888888,0.3402077777777778
spatial,within,intact,100,37,0.007000000000000001,0.0007141228955659593,0.004516509758525979,40,0.5536183333333333,0.3481488888888889
spatial,within,intact,100,38,0.00375,0.0005621932528599516,0.003555622328432836,40,0.5521919444444444,0.347685
spatial,within,intact,100,39,0.004083333333333333,0.0005131809630673188,0.003245641390262953,40,0.57247,0.3304875
spatial,within,intact,100,40,0.007833333333333335,0.000787635937708768,0.004981447060324421,40,0.582725,0.3269669444444444
spatial,within,intact,100,41,0.005416666666666668,0.0006503067433133847,0.004112900973273538,40,0.5600447222222222,0.3322922222222222
spatial,within,intact,100,42,0.008666666666666666,0.000673046397354189,0.0042567191732199245,40,0.5905958333333334,0.3445033333333333
spatial,within,intact,100,43,0.0036666666666666666,0.0005699002761767401,0.0036043658237549904,40,0.5289516666666667,0.3407961111111111
spatial,within,intact,100,44,0.0042499999999999994,0.000584553059355846,0.0036970381615681453,40,0.5467447222222223,0.33682138888888885
spatial,within,intact,100,45,0.0069166666666666664,0.0007394798741889357,0.004676881372583591,40,0.5855513888888888,0.35535249999999996
spatial,within,intact,100,46,0.005083333333333334,0.0005722388181146617,0.003619156061610303,40,0.5357538888888889,0.3207122222222222
spatial,within,intact,100,47,0.004333333333333333,0.0005623515948579822,0.003556623771158913,40,0.5693983333333333,0.34209638888888894
spatial,within,intact,100,48,0.00925,0.001009128562592723,0.006382289419449593,40,0.6104730555555558,0.3407474999999999
spatial,within,intact,100,49,0.006333333333333334,0.0008077262236808042,0.005108509185355949,40,0.5841563888888889,0.34949805555555546
spatial,within,intact,100,50,0.00475,0.000652493573338361,0.004126731700742675,40,0.5279030555555554,0.34893472222222216
spatial,within,intact,100,51,0.006666666666666666,0.0008006407690254356,0.005063696835418333,40,0.5940166666666667,0.3264880555555555
spatial,within,intact,100,52,0.0035000000000000005,0.0004614791034954486,0.0029186501192363773,40,0.5738000000000001,0.3199172222222222
spatial,within,intact,100,53,0.005333333333333333,0.0007529618628798984,0.004762148955887739,40,0.5681466666666666,0.3297819444444444
spatial,within,intact,100,54,0.00625,0.0006978548735241622,0.004413621753170176,40,0.5656255555555556,0.3352713888888889
spatial,within,intact,100,55,0.004833333333333334,0.0005591762357951763,0.003536541037104265,40,0.5191952777777777,0.32587055555555555
spatial,within,intact,100,56,0.005833333333333334,0.0006618415127764261,0.0041858532608498745,40,0.5412433333333334,0.35404388888888894
spatial,within,intact,100,57,0.006,0.0006877023141843227,0.004349411329982359,40,0.5466527777777779,0.3139402777777777
spatial,within,intact,100,58,0.005666666666666667,0.0005871365639519861,0.0037133776793067774,40,0.5528752777777779,0.33485833333333326
spatial,within,intact,100,59,0.00525,0.0006188802957865281,0.003914142667368273,40,0.5838463888888888,0.3292283333333333
spatial,within,intact,100,60,0.003166666666666666,0.0005462902602399647,0.0034550429718488217,40,0.5613150000000001,0.33627444444444443
spatial,within,intact,100,61,0.00475,0.0005954181656808868,0.0037657551275822065,40,0.5469488888888889,0.3509294444444444
spatial,within,intact,100,62,0.0055,0.000626458412386762,0.003962070885030415,40,0.5548627777777778,0.3427097222222222
spatial,within,intact,100,63,0.00375,0.0005621932528599516,0.003555622328432836,40,0.5452252777777779,0.33331583333333326
spatial,within,intact,100,64,0.004333333333333333,0.0004949891362588122,0.003130586175234568,40,0.5439644444444445,0.3327911111111111
spatial,within,intact,100,65,0.0035000000000000005,0.0005056659032384978,0.0031981119786399334,40,0.5336180555555555,0.32094000000000006
spatial,within,intact,100,66,0.005333333333333333,0.0006938886664887108,0.004388537257362555,40,0.5141455555555556,0.32810083333333323
spatial,within,intact,100,67,0.004083333333333333,0.0004991088925371763,0.003156641801723386,40,0.5293119444444445,0.35022222222222216
spatial,within,intact,100,68,0.002666666666666667,0.00038118124993124375,0.0024108019022652635,40,0.5368711111111112,0.32891166666666666
spatial,within,intact,100,69,0.004916666666666667,0.0006535842445105027,0.004133629710907181,40,0.5344830555555556,0.3347388888888888
spatial,within,intact,100,70,0.005,0.000642732769590452,0.004064998957468074,40,0.5237186111111112,0.3299375
spatial,within,intact,100,71,0.005166666666666667,0.0006079951641733013,0.003845299050311274,40,0.5415508333333333,0.33605388888888876
spatial,within,intact,100,72,0.005416666666666667,0.0006165742596507072,0.0038995580142565786,40,0.5524588888888889,0.3195652777777778
spatial,within,intact,100,73,0.004666666666666667,0.0006292943635623921,0.0039800070151264615,40,0.5235747222222222,0.32062277777777776
spatial,within,intact,100,74,0.006833333333333333,0.0007055942515803596,0.004462569877831597,40,0.5905686111111111,0.31890583333333333
spatial,within,intact,100,75,0.0042499999999999994,0.0005596536881967729,0.0035395607112309897,40,0.5453025,0.3184944444444444
spatial,within,intact,100,76,0.006166666666666667,0.0006596856715021065,0.004172218523448575,40,0.5703097222222222,0.3404061111111111
spatial,within,intact,100,77,0.005416666666666667,0.0006392603899459486,0.0040430377003132,40,0.5459927777777779,0.34427055555555547
spatial,within,intact,100,78,0.004416666666666667,0.0006998931542388648,0.004426512972308688,40,0.5237686111111112,0.33102611111111113
spatial,within,intact,100,79,0.005,0.0006315539556208946,0.003994297930101854,40,0.5294822222222223,0.33876138888888885
spatial,within,intact,100,80,0.004916666666666666,0.000584553059355846,0.0036970381615681453,40,0.5310547222222223,0.33171361111111114
spatial,within,intact,100,81,0.0032500000000000003,0.000540226553720501,0.0034166927245201863,40,0.5139855555555556,0.32912749999999996
spatial,within,intact,100,82,0.004833333333333334,0.0005717718748968656,0.003616202853397895,40,0.5356316666666666,0.33634166666666665
spatial,within,intact,100,83,0.004333333333333333,0.0005871365639519862,0.003713377679306778,40,0.5268533333333333,0.33262222222222215
spatial,within,intact,100,84,0.003333333333333333,0.0005063696835418333,0.003202563076101743,40,0.5080291666666665,0.3342133333333333
spatial,within,intact,100,85,0.00425,0.0006958106219744144,0.004400692771155112,40,0.5211744444444445,0.33687194444444446
spatial,within,intact,100,86,0.006,0.0007753319296531009,0.004903629680714485,40,0.5029455555555555,0.35742861111111107
spatial,within,intact,100,87,0.0036666666666666666,0.0005310850045437943,0.003358876491038526,40,0.5114266666666667,0.33890444444444445
spatial,within,intact,100,88,0.0036666666666666666,0.0005035486605694166,0.0031847213602527527,40,0.5013413888888889,0.3379941666666667
spatial,within,intact,100,89,0.0025833333333333333,0.0004217636961434867,0.002667467828369185,40,0.5341808333333333,0.3247777777777778
spatial,within,intact,100,90,0.002916666666666667,0.00046513025470953175,0.002941742027072761,40,0.5041913888888889,0.33569305555555556
spatial,within,intact,100,91,0.004416666666666667,0.0005389065112987853,0.003408344043198855,40,0.5227888888888889,0.34143694444444445
spatial,within,intact,100,92,0.0036666666666666666,0.0004891995904702285,0.0030939698726150473,40,0.524565,0.3258211111111111
spatial,within,intact,100,93,0.00425,0.0006425942346670646,0.004064122785681311,40,0.5225975,0.3416638888888889
spatial,within,intact,100,94,0.0045,0.0005913671446023187,0.003740134220666952,40,0.5274727777777778,0.3315152777777778
spatial,within,intact,100,95,0.002916666666666667,0.0004334237249576047,0.002741212325640795,40,0.5084472222222223,0.33714222222222223
spatial,within,intact,100,96,0.0045,0.0005277215444626347,0.0033376041016874875,40,0.5425333333333333,0.33098388888888886
spatial,within,intact,100,97,0.0055000000000000005,0.0007015448967566097,0.0044369595092371185,40,0.5273416666666666,0.3244713888888889
spatial,within,intact,100,98,0.003,0.0004744167209018092,0.0030004747962362566,40,0.5300072222222222,0.34330194444444445
spatial,within,intact,100,99,0.0037500000000000007,0.0005362566783465032,0.0033915850281024955,40,0.5157244444444445,0.3163055555555555
spatial,within,rest,5,0,0.00475,0.0006072625513464554,0.0038406655999594984,40,0.5428677777777777,0.3485988888888889
spatial,within,rest,5,1,0.006416666666666666,0.0006896415105730029,0.004361675884819565,40,0.5455608333333334,0.3775222222222222
spatial,within,rest,5,2,0.006500000000000001,0.0005056659032384976,0.003198111978639933,40,0.52746,0.36869194444444436
spatial,within,rest,5,3,0.0028333333333333335,0.0005277215444626347,0.0033376041016874875,40,0.5054008333333333,0.33667472222222217
spatial,within,rest,5,4,0.0030833333333333333,0.00048315646631310954,0.003055749799575685,40,0.49418444444444454,0.3398225
spatial,within,rest,10,0,0.004333333333333333,0.0005495400822454191,0.0034755966509035655,40,0.5473552777777778,0.33889555555555556
spatial,within,rest,10,1,0.004666666666666667,0.0005822639771026017,0.0036825607342247002,40,0.5338880555555556,0.37399583333333325
spatial,within,rest,10,2,0.0065833333333333325,0.0006025527367540542,0.0038108781170213277,40,0.5268327777777777,0.35952499999999993
spatial,within,rest,10,3,0.004,0.0006449452813645634,0.0040789921105803375,40,0.5167291666666667,0.3537527777777778
spatial,within,rest,10,4,0.005666666666666667,0.0005871365639519862,0.003713377679306778,40,0.5298872222222222,0.35859444444444444
spatial,within,rest,10,5,0.004916666666666666,0.0005596536881967729,0.0035395607112309897,40,0.49663222222222225,0.36189111111111105
spatial,within,rest,10,6,0.004166666666666667,0.0005566229063100618,0.003520392363524611,40,0.5008194444444445,0.34337138888888885
spatial,within,rest,10,7,0.002916666666666667,0.0003415128901389436,0.0021599171662918387,40,0.5002844444444444,0.34542527777777765
spatial,within,rest,10,8,0.0035833333333333333,0.00046818282400698627,0.0029610481704636735,40,0.5113636111111111,0.3375836111111111
spatial,within,rest,10,9,0.004333333333333333,0.000599144689515278,0.003789323733725367,40,0.481431388888889,0.3568855555555555
spatial,within,rest,25,0,0.004833333333333334,0.0006309898162000304,0.003990729999126216,40,0.5447897222222222,0.3191225000000001
spatial,within,rest,25,1,0.006,0.0005229763603684908,0.0033075929223788923,40,0.5415802777777777,0.3169638888888889
spatial,within,rest,25,2,0.005166666666666667,0.00051956041029222,0.003285988557150009,40,0.5237036111111111,0.3406183333333333
spatial,within,rest,25,3,0.005583333333333333,0.0006359090673047066,0.004021842074872368,40,0.5308769444444443,0.34295083333333326
spatial,within,rest,25,4,0.0052499999999999995,0.0005709927876363795,0.003611275472919581,40,0.5266872222222222,0.32923472222222233
spatial,within,rest,25,5,0.005166666666666667,0.000674631903431942,0.004266746794119403,40,0.518262777777778,0.3752627777777778
spatial,within,rest,25,6,0.0045,0.0007693375994193588,0.004865718207542816,40,0.5272861111111112,0.3505375
spatial,within,rest,25,7,0.005833333333333334,0.0006172958213483476,0.0039041215711303414,40,0.5286938888888889,0.3599044444444444
spatial,within,rest,25,8,0.00575,0.0007452365348515147,0.004713289691404478,40,0.5291597222222222,0.3209147222222222
spatial,within,rest,25,9,0.004666666666666666,0.0006062354060275328,0.0038341693625679476,40,0.513115,0.3332686111111111
spatial,within,rest,25,10,0.006166666666666666,0.0005410499447694665,0.003421900306759639,40,0.5339536111111112,0.3536366666666667
spatial,within,rest,25,11,0.0032500000000000003,0.000540226553720501,0.0034166927245201863,40,0.5088169444444445,0.3370858333333333
spatial,within,rest,25,12,0.005083333333333334,0.0006535842445105027,0.004133629710907181,40,0.4966380555555555,0.3598436111111111
spatial,within,rest,25,13,0.0025,0.000426173593297299,0.0026953584668754664,40,0.5227594444444446,0.33304083333333334
spatial,within,rest,25,14,0.0035000000000000005,0.0005056659032384978,0.0031981119786399334,40,0.5075444444444444,0.33438027777777773
spatial,within,rest,25,15,0.004083333333333333,0.000565981234525278,0.003579579628027614,40,0.5151597222222222,0.31719583333333334
spatial,within,rest,25,16,0.005666666666666667,0.0007081133393917258,0.004478501988051368,40,0.5068097222222223,0.3420924999999999
spatial,within,rest,25,17,0.0032500000000000003,0.0005131809630673188,0.003245641390262953,40,0.5084916666666668,0.3346025
spatial,within,rest,25,18,0.00275,0.00041150650886420594,0.0026025956799903193,40,0.5089766666666667,0.33529055555555554
spatial,within,rest,25,19,0.002666666666666667,0.0004653216269680751,0.002942952371508696,40,0.5070447222222222,0.3455525
spatial,within,rest,25,20,0.0032500000000000003,0.00045428476077747075,0.0028731491007230646,40,0.49979527777777777,0.32717416666666665
spatial,within,rest,25,21,0.0029166666666666664,0.0005869849078564814,0.0037124185219410922,40,0.5019261111111111,0.3402613888888889
spatial,within,rest,25,22,0.002833333333333333,0.00040562287229631733,0.0025653842950319515,40,0.49861666666666676,0.33705999999999997
spatial,within,rest,25,23,0.00275,0.00044477818665896303,0.0028130242468036807,40,0.4811147222222222,0.33964527777777775
spatial,within,rest,25,24,0.0015,0.0003764809314399492,0.0023810744779438693,40,0.49916527777777775,0.3384183333333333
spatial,within,rest,50,0,0.0034166666666666664,0.0004846283858428769,0.0030650590360687827,40,0.5181486111111111,0.3222619444444444
spatial,within,rest,50,1,0.0030833333333333333,0.0005389065112987853,0.003408344043198855,40,0.48106666666666664,0.3541719444444445
spatial,within,rest,50,2,0.004416666666666668,0.0005117911677922935,0.0032368515531621123,40,0.5374605555555555,0.33687999999999996
spatial,within,rest,50,3,0.005166666666666667,0.0005462902602399647,0.0034550429718488217,40,0.5321797222222223,0.3155063888888889
spatial,within,rest,50,4,0.003833333333333333,0.0005791977947731548,0.003663168494459874,40,0.5305308333333333,0.3407541666666666
spatial,within,rest,50,5,0.007083333333333333,0.000717977334594521,0.0045408873713909835,40,0.5393600000000001,0.32492305555555556
spatial,within,rest,50,6,0.005083333333333334,0.0006535842445105027,0.004133629710907181,40,0.5137019444444445,0.3392186111111111
spatial,within,rest,50,7,0.0035000000000000005,0.00051956041029222,0.003285988557150009,40,0.51612,0.3245255555555555
spatial,within,rest,50,8,0.004666666666666667,0.0005035486605694166,0.0031847213602527527,40,0.5069463888888889,0.3417066666666667
spatial,within,rest,50,9,0.004666666666666667,0.0005943705521611524,0.003759129437922314,40,0.5271408333333334,0.32781472222222224
spatial,within,rest,50,10,0.004416666666666668,0.0005117911677922935,0.0032368515531621123,40,0.5360372222222223,0.3267697222222222
spatial,within,rest,50,11,0.003916666666666667,0.0005047847980156418,0.0031925393799149436,40,0.5002072222222222,0.33641305555555556
spatial,within,rest,50,12,0.0035000000000000005,0.0004913786640188923,0.0031077515438206536,40,0.5138691666666666,0.33997611111111103
spatial,within,rest,50,13,0.0037500000000000007,0.0005090001931052645,0.0032191998793563385,40,0.5247197222222223,0.3334802777777778
spatial,within,rest,50,14,0.00275,0.00041150650886420594,0.0026025956799903193,40,0.5277997222222222,0.3340322222222221
spatial,within,rest,50,15,0.005083333333333334,0.0006425942346670646,0.004064122785681311,40,0.5454358333333333,0.3276449999999999
spatial,within,rest,50,16,0.0038333333333333336,0.00043934034986550346,0.002778632347180483,40,0.5124830555555555,0.33050222222222214
spatial,within,rest,50,17,0.004083333333333333,0.0004846283858428769,0.0030650590360687827,40,0.5140994444444444,0.3286994444444445
spatial,within,rest,50,18,0.0037500000000000007,0.000522806092950542,0.003306516056674825,40,0.5211825,0.3449847222222222
spatial,within,rest,50,19,0.0041666666666666675,0.000502840931954632,0.0031802452914767624,40,0.5286608333333334,0.33947805555555555
spatial,within,rest,50,20,0.006,0.0006338054920158089,0.0040085378965872415,40,0.533061388888889,0.34037999999999996
spatial,within,rest,50,21,0.0045,0.0005410499447694665,0.003421900306759639,40,0.5178158333333334,0.33176694444444443
spatial,within,rest,50,22,0.002916666666666667,0.00044955660333392903,0.002843245607408123,40,0.510176111111111,0.33664277777777774
spatial,within,rest,50,23,0.0021666666666666666,0.00038766596482655045,0.0024518148403572426,40,0.5247483333333334,0.34108694444444443
spatial,within,rest,50,24,0.0045,0.00043934034986550346,0.002778632347180483,40,0.5096005555555555,0.33466444444444443
spatial,within,rest,50,25,0.0028333333333333335,0.0004706484585228889,0.0029766422123592316,40,0.5157983333333334,0.33303722222222215
spatial,within,rest,50,26,0.002916666666666667,0.0004651302547095317,0.0029417420270727605,40,0.49636305555555554,0.3511494444444444
spatial,within,rest,50,27,0.0045000000000000005,0.0007015448967566097,0.0044369595092371185,40,0.497446388888889,0.3553138888888889
spatial,within,rest,50,28,0.003833333333333333,0.00045526361293755647,0.002879339905359958,40,0.49481833333333336,0.3450124999999999
spatial,within,rest,50,29,0.0020833333333333337,0.00044156384869985954,0.002792694988563072,40,0.49739055555555556,0.33301638888888885
spatial,within,rest,50,30,0.00225,0.0004366979828269512,0.002761920550668525,40,0.5024052777777778,0.3351388888888889
spatial,within,rest,50,31,0.004333333333333333,0.0005495400822454191,0.0034755966509035655,40,0.49593472222222224,0.3289641666666667
spatial,within,rest,50,32,0.004,0.000622466374565235,0.003936823020987291,40,0.516843611111111,0.33720916666666667
spatial,within,rest,50,33,0.002333333333333333,0.0003417734875749095,0.002161565329191943,40,0.46989277777777777,0.33050805555555546
spatial,within,rest,50,34,0.0027500000000000003,0.0005322571942188482,0.0033662900694843324,40,0.5037794444444446,0.33124027777777776
spatial,within,rest,50,35,0.0025833333333333333,0.0004217636961434868,0.0026674678283691855,40,0.4684861111111111,0.3410394444444445
spatial,within,rest,50,36,0.0028333333333333335,0.0004706484585228889,0.0029766422123592316,40,0.4767836111111112,0.3575747222222222
spatial,within,rest,50,37,0.003333333333333333,0.0005337605126836238,0.003375797890278889,40,0.48780972222222224,0.3271755555555555
spatial,within,rest,50,38,0.0026666666666666666,0.0004336290903919939,0.0027425111706914744,40,0.5083577777777778,0.3269386111111111
spatial,within,rest,50,39,0.003333333333333334,0.0003958473906635696,0.0025035587206627026,40,0.47265694444444445,0.3529125000000001
spatial,within,rest,50,40,0.0037500000000000007,0.000522806092950542,0.003306516056674825,40,0.5211636111111112,0.3374433333333333
spatial,within,rest,50,41,0.00275,0.00046051346296568745,0.0029125428722863436,40,0.5110097222222222,0.3310011111111111
spatial,within,rest,50,42,0.004416666666666667,0.0006359090673047066,0.004021842074872368,40,0.492375,0.34120500000000004
spatial,within,rest,50,43,0.0032500000000000003,0.0005131809630673188,0.003245641390262953,40,0.48839333333333335,0.33049805555555556
spatial,within,rest,50,44,0.0034166666666666664,0.0004991088925371763,0.003156641801723386,40,0.47322305555555555,0.3314205555555555
spatial,within,rest,50,45,0.0025,0.0004884710724331468,0.0030893623199876614,40,0.5069155555555556,0.3400119444444444
spatial,within,rest,50,46,0.0020833333333333333,0.00037148159510072033,0.0023494558987014465,40,0.4837975,0.3415319444444444
spatial,within,rest,50,47,0.0030833333333333338,0.0004027593570795094,0.0025472738346326235,40,0.47933305555555544,0.3304261111111112
spatial,within,rest,50,48,0.0036666666666666666,0.0004891995904702285,0.0030939698726150473,40,0.5071644444444445,0.33915749999999995
spatial,within,rest,50,49,0.0018333333333333333,0.00041258686385768536,0.002609428444912182,40,0.46404555555555554,0.3244188888888889
spatial,within,rest,75,0,0.002333333333333333,0.0004336290903919939,0.0027425111706914744,40,0.5059119444444444,0.34016972222222225
spatial,within,rest,75,1,0.0035833333333333333,0.0005117911677922935,0.0032368515531621123,40,0.5239344444444445,0.3300619444444444
spatial,within,rest,75,2,0.004416666666666667,0.0005894067228156503,0.003727735424625975,40,0.4995252777777777,0.3334827777777778
spatial,within,rest,75,3,0.00425,0.0005467789649092551,0.0034581338115650556,40,0.5407480555555556,0.34164055555555556
spatial,within,rest,75,4,0.004916666666666667,0.0006200300976060129,0.003921414652583029,40,0.5096844444444445,0.3525072222222222
spatial,within,rest,75,5,0.006833333333333333,0.0005591762357951763,0.003536541037104265,40,0.5450366666666667,0.32345888888888885
spatial,within,rest,75,6,0.005166666666666667,0.0005591762357951763,0.003536541037104265,40,0.5189966666666666,0.3266775
spatial,within,rest,75,7,0.003583333333333333,0.0005894067228156503,0.003727735424625975,40,0.5230044444444445,0.3222649999999999
spatial,within,rest,75,8,0.004333333333333333,0.0005495400822454191,0.0034755966509035655,40,0.5313286111111111,0.3242791666666666
spatial,within,rest,75,9,0.005083333333333334,0.0004301245430187895,0.002720346466956902,40,0.5295027777777779,0.32719
spatial,within,rest,75,10,0.0018333333333333333,0.0003764809314399492,0.0023810744779438693,40,0.5041180555555556,0.3339008333333332
spatial,within,rest,75,11,0.0018333333333333333,0.00035706144778297963,0.0022582548792629896,40,0.5084358333333334,0.3282497222222222
spatial,within,rest,75,12,0.003333333333333333,0.00047740991602628855,0.0030194054243855885,40,0.5201222222222223,0.33276527777777776
spatial,within,rest,75,13,0.0037500000000000007,0.000522806092950542,0.003306516056674825,40,0.5122652777777777,0.33735499999999996
spatial,within,rest,75,14,0.004333333333333333,0.000622466374565235,0.003936823020987291,40,0.5125325000000001,0.3423722222222222
spatial,within,rest,75,15,0.0025833333333333333,0.0003865159594306383,0.0024445415676121107,40,0.5149527777777778,0.33980972222222217
spatial,within,rest,75,16,0.0025833333333333333,0.0003477133279075716,0.002199132177969832,40,0.5142408333333333,0.3422958333333333
spatial,within,rest,75,17,0.003166666666666667,0.0005462902602399647,0.0034550429718488217,40,0.5330438888888889,0.33264222222222223
spatial,within,rest,75,18,0.005416666666666666,0.0005159493228057419,0.0032631500345752028,40,0.5464672222222222,0.3334941666666667
spatial,within,rest,75,19,0.0034166666666666664,0.0005532537786493134,0.003499084129252931,40,0.5086480555555555,0.33114638888888887
spatial,within,rest,75,20,0.004333333333333333,0.0006666666666666665,0.004216370213557839,40,0.5171491666666667,0.3309572222222222
spatial,within,rest,75,21,0.0025833333333333333,0.00043832593994609724,0.0027722166555277,40,0.5099855555555555,0.3290241666666667
spatial,within,rest,75,22,0.004083333333333333,0.0006257474163429115,0.003957574151218542,40,0.5132836111111112,0.3426027777777777
spatial,within,rest,75,23,0.004083333333333333,0.0005784287095915728,0.0036583043726829078,40,0.5166658333333333,0.34242416666666664
spatial,within,rest,75,24,0.0045,0.0005,0.0031622776601683794,40,0.5139097222222222,0.35420138888888897
spatial,within,rest,75,25,0.005916666666666667,0.000680282956044689,0.0043024871889868555,40,0.5231816666666667,0.3317636111111111
spatial,within,rest,75,26,0.00225,0.0004366979828269512,0.002761920550668525,40,0.5084180555555555,0.35210027777777775
spatial,within,rest,75,27,0.0035000000000000005,0.0005462902602399647,0.0034550429718488217,40,0.5229411111111111,0.3359641666666667
spatial,within,rest,75,28,0.0019166666666666666,0.00041150650886420594,0.0026025956799903193,40,0.4981086111111111,0.34456194444444443
spatial,within,rest,75,29,0.004083333333333333,0.000540226553720501,0.0034166927245201863,40,0.5030069444444445,0.33643333333333336
spatial,within,rest,75,30,0.0025833333333333333,0.00045428476077747086,0.002873149100723065,40,0.5087036111111111,0.3385644444444445
spatial,within,rest,75,31,0.003333333333333333,0.0005469417694282446,0.003459163477751806,40,0.49433194444444445,0.32714999999999994
spatial,within,rest,75,32,0.005,0.0005723943812052382,0.003620139928982456,40,0.5206505555555555,0.3298622222222222
spatial,within,rest,75,33,0.0020833333333333333,0.000330920756388213,0.002092926630424937,40,0.4974133333333334,0.3463086111111111
spatial,within,rest,75,34,0.004916666666666666,0.0004919219241781967,0.0031111874227515096,40,0.4866022222222222,0.3382752777777777
spatial,within,rest,75,35,0.002666666666666667,0.0004336290903919939,0.0027425111706914744,40,0.49899666666666675,0.33949166666666664
spatial,within,rest,75,36,0.00225,0.0004200715581423169,0.002656765807971143,40,0.5015566666666667,0.3232377777777778
spatial,within,rest,75,37,0.00475,0.0006072625513464554,0.0038406655999594984,40,0.508646388888889,0.35129222222222223
spatial,within,rest,75,38,0.0041666666666666675,0.0005168113941217019,0.003268602252303067,40,0.5031174999999999,0.3455111111111111
spatial,within,rest,75,39,0.002916666666666667,0.00046513025470953175,0.002941742027072761,40,0.5219122222222223,0.33414555555555553
spatial,within,rest,75,40,0.0038333333333333336,0.00048554606965249525,0.0030708629780892916,40,0.4998869444444445,0.34137277777777775
spatial,within,rest,75,41,0.003,0.0004891995904702285,0.0030939698726150473,40,0.49831611111111107,0.3394866666666666
spatial,within,rest,75,42,0.0035000000000000005,0.0004614791034954486,0.0029186501192363773,40,0.5041863888888889,0.33295972222222214
spatial,within,rest,75,43,0.0020833333333333337,0.00040803015083275886,0.0025806092613071354,40,0.5031875,0.3375508333333333
spatial,within,rest,75,44,0.0030833333333333333,0.0004200715581423169,0.002656765807971143,40,0.5051872222222222,0.3273711111111111
spatial,within,rest,75,45,0.00375,0.0005869849078564814,0.0037124185219410922,40,0.4807702777777778,0.3417444444444445
spatial,within,rest,75,46,0.0035833333333333333,0.0004027593570795094,0.0025472738346326235,40,0.5308727777777779,0.34225500000000003
spatial,within,rest,75,47,0.0026666666666666666,0.0005229763603684908,0.0033075929223788923,40,0.4854061111111111,0.34003944444444445
spatial,within,rest,75,48,0.003166666666666666,0.0005056659032384978,0.0031981119786399334,40,0.5175269444444444,0.33150333333333337
spatial,within,rest,75,49,0.0030833333333333338,0.0005647213971599238,0.003571611716915804,40,0.5013377777777777,0.33386055555555555
spatial,within,rest,75,50,0.003166666666666667,0.0004913786640188924,0.0031077515438206545,40,0.48983027777777777,0.337043888888889
spatial,within,rest,75,51,0.0023333333333333335,0.0004949891362588122,0.003130586175234568,40,0.4805763888888889,0.33968333333333334
spatial,within,rest,75,52,0.0035000000000000005,0.0004614791034954486,0.0029186501192363773,40,0.4771494444444445,0.34464666666666666
spatial,within,rest,75,53,0.0034166666666666664,0.0005131809630673187,0.0032456413902629527,40,0.4925572222222222,0.34668694444444437
spatial,within,rest,75,54,0.003583333333333333,0.0005519648921491675,0.003490932495281123,40,0.5015827777777778,0.35671277777777766
spatial,within,rest,75,55,0.0045000000000000005,0.0005913671446023187,0.003740134220666952,40,0.5142180555555554,0.33990444444444445
spatial,within,rest,75,56,0.0025833333333333333,0.0004846283858428769,0.0030650590360687827,40,0.49381194444444454,0.33672638888888884
spatial,within,rest,75,57,0.001583333333333333,0.0003154949081000152,0.001995364999563108,40,0.4925136111111111,0.3283127777777778
spatial,within,rest,75,58,0.0036666666666666666,0.0004591581544807963,0.0029039711487975277,40,0.4896913888888889,0.331106111111111
spatial,within,rest,75,59,0.0041666666666666675,0.000661841512776426,0.004185853260849874,40,0.5188444444444444,0.3335269444444444
spatial,within,rest,75,60,0.0026666666666666666,0.0004336290903919939,0.0027425111706914744,40,0.5047769444444444,0.33167277777777776
spatial,within,rest,75,61,0.0030833333333333333,0.00046818282400698627,0.0029610481704636735,40,0.4865191666666666,0.33771055555555546
spatial,within,rest,75,62,0.004333333333333333,0.0004653216269680751,0.002942952371508696,40,0.4937277777777777,0.3493725
spatial,within,rest,75,63,0.003333333333333333,0.0005967623950328607,0.003774256780481986,40,0.49097111111111114,0.3400736111111111
spatial,within,rest,75,64,0.005083333333333334,0.0005061938301996515,0.003201450881910848,40,0.47820777777777784,0.33877611111111106
spatial,within,rest,75,65,0.0030833333333333333,0.0003846687997096794,0.002432859103771408,40,0.49388250000000006,0.3301694444444444
spatial,within,rest,75,66,0.002916666666666667,0.0005621932528599516,0.003555622328432836,40,0.48337611111111106,0.32858305555555556
spatial,within,rest,75,67,0.002333333333333333,0.0004168802871199042,0.0026365824378477057,40,0.48793499999999995,0.3455261111111111
spatial,within,rest,75,68,0.003333333333333334,0.0005469417694282446,0.003459163477751806,40,0.4984897222222221,0.3385869444444444
spatial,within,rest,75,69,0.003166666666666666,0.0004614791034954486,0.0029186501192363773,40,0.4980833333333334,0.3363736111111112
spatial,within,rest,75,70,0.00225,0.0004200715581423169,0.002656765807971143,40,0.4905738888888889,0.34530805555555555
spatial,within,rest,75,71,0.0045,0.0005410499447694665,0.003421900306759639,40,0.4841516666666667,0.34194805555555546
spatial,within,rest,75,72,0.0034166666666666664,0.0005784287095915728,0.0036583043726829078,40,0.4772586111111112,0.33645305555555555
spatial,within,rest,75,73,0.0021666666666666666,0.00043934034986550346,0.002778632347180483,40,0.47534527777777774,0.3366322222222222
spatial,within,rest,75,74,0.0019166666666666668,0.00044477818665896303,0.0028130242468036807,40,0.4953149999999999,0.3403583333333334
spatial,within,rest,100,0,0.004083333333333333,0.0005268773245260372,0.0033322647859959456,40,0.49139166666666656,0.32879083333333325
spatial,within,rest,100,1,0.003,0.0004891995904702285,0.0030939698726150473,40,0.5245491666666668,0.33260055555555557
spatial,within,rest,100,2,0.005,0.0004921028776234113,0.0031123318728261753,40,0.5000775000000001,0.3386097222222222
spatial,within,rest,100,3,0.005333333333333333,0.0006062354060275327,0.003834169362567947,40,0.5378027777777779,0.3577594444444444
spatial,within,rest,100,4,0.004,0.0005229763603684907,0.003307592922378892,40,0.5207819444444445,0.3355024999999999
spatial,within,rest,100,5,0.004833333333333334,0.0005462902602399647,0.0034550429718488217,40,0.5122855555555555,0.3568488888888889
spatial,within,rest,100,6,0.006500000000000001,0.0006079951641733013,0.003845299050311274,40,0.5371441666666668,0.32286111111111115
spatial,within,rest,100,7,0.002916666666666667,0.000574722774741238,0.0036348659827084018,40,0.5225391666666667,0.33407472222222223
spatial,within,rest,100,8,0.0028333333333333335,0.000514047677015483,0.0032511229705750244,40,0.5166733333333333,0.3155902777777778
spatial,within,rest,100,9,0.0035000000000000005,0.0004614791034954486,0.0029186501192363773,40,0.5396252777777778,0.3213622222222222
spatial,within,rest,100,10,0.0038333333333333336,0.000566767210788584,0.0035845505783853645,40,0.5168799999999999,0.3330144444444444
spatial,within,rest,100,11,0.0045,0.0006487990219938459,0.004103365306380464,40,0.5204613888888889,0.3417575
spatial,within,rest,100,12,0.0017500000000000003,0.00037718971323735725,0.002385557207631624,40,0.5162538888888889,0.33377444444444443
spatial,within,rest,100,13,0.0028333333333333335,0.0005,0.0031622776601683794,40,0.4968958333333335,0.3277741666666666
spatial,within,rest,100,14,0.0019999999999999996,0.0003922322702763681,0.0024806946917841693,40,0.5042275,0.3307425
spatial,within,rest,100,15,0.0036666666666666666,0.000557262335477027,0.003524436468664519,40,0.5236769444444445,0.3297458333333333
spatial,within,rest,100,16,0.004833333333333334,0.0005056659032384978,0.0031981119786399334,40,0.5005097222222223,0.33974333333333334
spatial,within,rest,100,17,0.00275,0.00044477818665896303,0.0028130242468036807,40,0.4902536111111111,0.33204861111111106
spatial,within,rest,100,18,0.003333333333333333,0.0006315539556208946,0.003994297930101854,40,0.5255466666666667,0.32610749999999994
spatial,within,rest,100,19,0.006500000000000001,0.0005056659032384976,0.003198111978639933,40,0.5315730555555557,0.3244919444444444
spatial,within,rest,100,20,0.004,0.0005748776656683841,0.0036358455989457554,40,0.4976083333333333,0.342985
spatial,within,rest,100,21,0.004833333333333334,0.0005591762357951763,0.003536541037104265,40,0.5188277777777777,0.34206638888888885
spatial,within,rest,100,22,0.00375,0.000522806092950542,0.003306516056674825,40,0.5103538888888888,0.3410872222222221
spatial,within,rest,100,23,0.003166666666666666,0.0004913786640188923,0.0031077515438206536,40,0.5057986111111111,0.34045583333333324
spatial,within,rest,100,24,0.0055000000000000005,0.0005277215444626347,0.0033376041016874875,40,0.5500097222222222,0.3278177777777778
spatial,within,rest,100,25,0.0020833333333333333,0.00040803015083275897,0.002580609261307136,40,0.5049355555555556,0.3287044444444444
spatial,within,rest,100,26,0.0036666666666666666,0.000557262335477027,0.003524436468664519,40,0.5171924999999999,0.3272908333333333
spatial,within,rest,100,27,0.0028333333333333335,0.0005,0.0031622776601683794,40,0.5063108333333333,0.32658444444444445
spatial,within,rest,100,28,0.0025833333333333333,0.0004846283858428769,0.0030650590360687827,40,0.5056047222222222,0.3267269444444444
spatial,within,rest,100,29,0.0035000000000000005,0.0005961653339578756,0.003770480634683623,40,0.5149744444444444,0.33465694444444444
spatial,within,rest,100,30,0.0034166666666666664,0.0005268773245260372,0.003332264785995945,40,0.5045427777777778,0.34210361111111115
spatial,within,rest,100,31,0.004333333333333333,0.0005091750772173156,0.0032203059435976533,40,0.5196786111111111,0.3402516666666666
spatial,within,rest,100,32,0.003333333333333333,0.000559812748506421,0.003540566696958629,40,0.5047333333333334,0.33892416666666664
spatial,within,rest,100,33,0.0042499999999999994,0.0006535842445105027,0.004133629710907181,40,0.5086752777777777,0.3374908333333333
spatial,within,rest,100,34,0.002333333333333333,0.00039942979301018543,0.0025262158224835787,40,0.521863888888889,0.33405305555555553
spatial,within,rest,100,35,0.004583333333333333,0.0006049122278635169,0.0038258008490709675,40,0.5074169444444443,0.3303175
spatial,within,rest,100,36,0.0017500000000000003,0.0004301245430187895,0.002720346466956902,40,0.49736083333333336,0.3403047222222222
spatial,within,rest,100,37,0.004333333333333333,0.0003994297930101854,0.0025262158224835783,40,0.5101319444444444,0.33695444444444433
spatial,within,rest,100,38,0.0042499999999999994,0.000584553059355846,0.0036970381615681453,40,0.5222358333333335,0.33918694444444447
spatial,within,rest,100,39,0.0042499999999999994,0.0005596536881967729,0.0035395607112309897,40,0.4939902777777778,0.3324152777777778
spatial,within,rest,100,40,0.00375,0.0005090001931052645,0.0032191998793563385,40,0.50333,0.32994722222222217
spatial,within,rest,100,41,0.0030833333333333338,0.0005519648921491675,0.003490932495281123,40,0.4894425,0.32826194444444445
spatial,within,rest,100,42,0.0042499999999999994,0.0004919219241781967,0.0031111874227515096,40,0.5144616666666666,0.35544027777777776
spatial,within,rest,100,43,0.0037500000000000007,0.0005989960736902173,0.0037883838047182935,40,0.5003288888888888,0.3492119444444444
spatial,within,rest,100,44,0.004333333333333333,0.0005495400822454191,0.0034755966509035655,40,0.5115916666666667,0.32857305555555555
spatial,within,rest,100,45,0.005333333333333333,0.000557262335477027,0.003524436468664519,40,0.4996041666666667,0.34172444444444444
spatial,within,rest,100,46,0.0034166666666666664,0.000540226553720501,0.0034166927245201863,40,0.5005758333333333,0.3395086111111111
spatial,within,rest,100,47,0.003583333333333333,0.0005647213971599238,0.003571611716915804,40,0.5129205555555556,0.32730388888888884
spatial,within,rest,100,48,0.0030833333333333333,0.0004366979828269512,0.002761920550668525,40,0.5159216666666667,0.33567194444444437
spatial,within,rest,100,49,0.0019166666666666666,0.0003752966537921413,0.00237358444844567,40,0.5042036111111111,0.3283752777777778
spatial,within,rest,100,50,0.0025,0.0004736654667156709,0.0029957234475763905,40,0.4953027777777777,0.32981000000000005
spatial,within,rest,100,51,0.003333333333333333,0.0005469417694282446,0.0034591634777518055,40,0.4952330555555555,0.34928166666666666
spatial,within,rest,100,52,0.005,0.0005469417694282446,0.003459163477751806,40,0.4867180555555556,0.3388852777777777
spatial,within,rest,100,53,0.0035833333333333333,0.00048315646631310954,0.003055749799575685,40,0.5134116666666666,0.3362297222222222
spatial,within,rest,100,54,0.003166666666666666,0.0004913786640188923,0.003107751543820654,40,0.5231708333333334,0.3468325
spatial,within,rest,100,55,0.0037500000000000007,0.000574722774741238,0.0036348659827084013,40,0.48972944444444444,0.34389861111111103
spatial,within,rest,100,56,0.002333333333333333,0.0003994297930101854,0.0025262158224835783,40,0.5028419444444443,0.3335777777777777
spatial,within,rest,100,57,0.003833333333333333,0.0005,0.0031622776601683794,40,0.5202761111111112,0.3516652777777778
spatial,within,rest,100,58,0.0045,0.0006264584123867621,0.003962070885030416,40,0.5079911111111111,0.33505888888888885
spatial,within,rest,100,59,0.00275,0.00046051346296568745,0.0029125428722863436,40,0.5037530555555556,0.3354733333333334
spatial,within,rest,100,60,0.0034166666666666664,0.0004697016692749325,0.002970654191383831,40,0.501551388888889,0.3414625
spatial,within,rest,100,61,0.0035000000000000005,0.0005717718748968656,0.0036162028533978947,40,0.5054244444444445,0.32805944444444446
spatial,within,rest,100,62,0.003333333333333334,0.0005202453946507077,0.0032903207786188302,40,0.4895961111111111,0.34923416666666673
spatial,within,rest,100,63,0.005333333333333334,0.0006623793767520533,0.004189255011318545,40,0.517468888888889,0.33613999999999994
spatial,within,rest,100,64,0.004916666666666667,0.0005722388181146617,0.003619156061610303,40,0.5217022222222222,0.3440008333333333
spatial,within,rest,100,65,0.003333333333333334,0.0005202453946507077,0.0032903207786188302,40,0.49771694444444436,0.3316686111111111
spatial,within,rest,100,66,0.0034166666666666664,0.0005784287095915728,0.0036583043726829078,40,0.4834530555555556,0.33688749999999995
spatial,within,rest,100,67,0.00225,0.0004200715581423169,0.002656765807971143,40,0.49258611111111106,0.33307416666666667
spatial,within,rest,100,68,0.0034166666666666664,0.0004697016692749325,0.002970654191383831,40,0.4953477777777778,0.3386894444444445
spatial,within,rest,100,69,0.0034166666666666664,0.0004991088925371763,0.003156641801723386,40,0.4895538888888888,0.34021333333333337
spatial,within,rest,100,70,0.00425,0.0005061938301996516,0.0032014508819108484,40,0.4881594444444445,0.3482941666666666
spatial,within,rest,100,71,0.0038333333333333336,0.0004855460696524952,0.003070862978089291,40,0.4996327777777778,0.35055555555555556
spatial,within,rest,100,72,0.00375,0.000494809238329462,0.0031294484008283783,40,0.4922025,0.35445666666666664
spatial,within,rest,100,73,0.003083333333333333,0.0004976798018658031,0.0031476034387145097,40,0.5136361111111112,0.3412627777777778
spatial,within,rest,100,74,0.002416666666666667,0.0004463766758603509,0.002823133980186819,40,0.4926572222222223,0.3365655555555555
spatial,within,rest,100,75,0.0025,0.0004736654667156709,0.0029957234475763905,40,0.5188075,0.3304247222222222
spatial,within,rest,100,76,0.005333333333333333,0.0005822639771026016,0.0036825607342247,40,0.5241697222222224,0.3390933333333333
spatial,within,rest,100,77,0.0034166666666666664,0.0005906139063083313,0.0037353703234072324,40,0.5041355555555556,0.3271705555555555
spatial,within,rest,100,78,0.00275,0.0005322571942188482,0.0033662900694843324,40,0.5100177777777779,0.32935499999999995
spatial,within,rest,100,79,0.00375,0.0007179773345945212,0.004540887371390984,40,0.5193955555555556,0.34320416666666664
spatial,within,rest,100,80,0.003999999999999999,0.0005364226763936139,0.0033926348919345144,40,0.5154027777777779,0.32248833333333327
spatial,within,rest,100,81,0.0021666666666666666,0.00043934034986550346,0.002778632347180483,40,0.5043436111111111,0.3417502777777777
spatial,within,rest,100,82,0.0041666666666666675,0.0006509909168253992,0.004117228066498983,40,0.5159494444444445,0.33894222222222226
spatial,within,rest,100,83,0.0036666666666666666,0.0006292943635623921,0.0039800070151264615,40,0.4839180555555556,0.3437697222222222
spatial,within,rest,100,84,0.00475,0.0006414848782339682,0.0040571065995502215,40,0.4867352777777777,0.3324802777777777
spatial,within,rest,100,85,0.003833333333333333,0.0004552636129375566,0.0028793399053599583,40,0.47516499999999995,0.3308833333333333
spatial,within,rest,100,86,0.003916666666666667,0.0005583795745617396,0.003531502509061826,40,0.4937413888888889,0.3457605555555555
spatial,within,rest,100,87,0.002416666666666667,0.0004620575191436138,0.0029223083410013467,40,0.4717902777777779,0.3309888888888889
spatial,within,rest,100,88,0.0032500000000000003,0.0004217636961434868,0.0026674678283691855,40,0.4947802777777778,0.33682444444444437
spatial,within,rest,100,89,0.0035833333333333333,0.00048315646631310954,0.003055749799575685,40,0.500711111111111,0.3314652777777778
spatial,within,rest,100,90,0.003333333333333333,0.0004921028776234113,0.0031123318728261753,40,0.49677,0.33382138888888885
spatial,within,rest,100,91,0.00225,0.0004527141951056344,0.0028632159712473136,40,0.4923075,0.33996972222222216
spatial,within,rest,100,92,0.004416666666666667,0.0006246081392643932,0.003950368730310261,40,0.49342416666666666,0.3505424999999999
spatial,within,rest,100,93,0.003,0.00044337478117411743,0.002804148331177911,40,0.481175,0.33250944444444447
spatial,within,rest,100,94,0.0025833333333333333,0.00043832593994609724,0.0027722166555277,40,0.49875555555555556,0.3324936111111111
spatial,within,rest,100,95,0.002,0.0003540566696958629,0.002239250994025684,40,0.4772266666666666,0.3302097222222223
spatial,within,rest,100,96,0.002333333333333333,0.00048038446141526145,0.0030382181012510003,40,0.5007380555555555,0.3410655555555556
spatial,within,rest,100,97,0.00225,0.00038466879970967946,0.0024328591037714085,40,0.4702672222222223,0.3312102777777778
spatial,within,rest,100,98,0.002833333333333333,0.0004706484585228889,0.0029766422123592316,40,0.49089722222222215,0.3285830555555555
spatial,within,rest,100,99,0.0025833333333333333,0.0004846283858428769,0.0030650590360687827,40,0.4797416666666666,0.3257163888888889
spatial,within,word,5,0,0.006750000000000001,0.0004697016692749325,0.002970654191383831,40,0.6068086111111113,0.38210194444444445
spatial,within,word,5,1,0.007833333333333335,0.0005540578101426393,0.003504169270911763,40,0.5284822222222223,0.3942241666666666
spatial,within,word,5,2,0.007166666666666667,0.000514047677015483,0.0032511229705750244,40,0.5925855555555556,0.3505452777777778
spatial,within,word,5,3,0.0075,0.000426173593297299,0.0026953584668754664,40,0.5427022222222224,0.36864833333333336
spatial,within,word,5,4,0.004833333333333334,0.0005462902602399647,0.0034550429718488217,40,0.5272155555555557,0.3605047222222223
spatial,within,word,10,0,0.0075000000000000015,0.0003322632396141053,0.002101417239853717,40,0.6570461111111111,0.3981522222222222
spatial,within,word,10,1,0.0069166666666666664,0.0005519648921491675,0.003490932495281123,40,0.5324958333333334,0.40979222222222217
spatial,within,word,10,2,0.005333333333333333,0.0006292943635623921,0.0039800070151264615,40,0.5791294444444445,0.3633144444444444
spatial,within,word,10,3,0.004833333333333334,0.0005330928945203023,0.0033715755022721006,40,0.5584630555555556,0.3802202777777778
spatial,within,word,10,4,0.007583333333333333,0.00039562241344126857,0.002502135839774444,40,0.5435616666666665,0.3822166666666667
spatial,within,word,10,5,0.006,0.0005229763603684908,0.0033075929223788923,40,0.5531794444444443,0.35813749999999994
spatial,within,word,10,6,0.006416666666666666,0.0006130989425780422,0.0038775781791747974,40,0.5444244444444444,0.3598125
spatial,within,word,10,7,0.0065833333333333325,0.0006481125346341155,0.004099023579097137,40,0.5805677777777778,0.29908833333333334
spatial,within,word,10,8,0.004916666666666666,0.0006854979266251703,0.004335469558917038,40,0.5489733333333333,0.35592138888888886
spatial,within,word,10,9,0.0036666666666666666,0.0006062354060275327,0.003834169362567947,40,0.4936197222222223,0.33951472222222223
spatial,within,word,25,0,0.004083333333333333,0.0005532537786493135,0.0034990841292529317,40,0.5309336111111111,0.3375208333333333
spatial,within,word,25,1,0.007250000000000001,0.0005187029077928005,0.0032805652351551038,40,0.6771991666666668,0.4029202777777778
spatial,within,word,25,2,0.007000000000000001,0.0004891995904702285,0.0030939698726150473,40,0.5333411111111112,0.4065205555555555
spatial,within,word,25,3,0.0055,0.0004855460696524952,0.003070862978089291,40,0.574548888888889,0.36486999999999997
spatial,within,word,25,4,0.007416666666666667,0.0006590105247982552,0.004167948520770725,40,0.5744933333333334,0.36398777777777774
spatial,within,word,25,5,0.00625,0.0005090001931052645,0.0032191998793563385,40,0.582478888888889,0.34671555555555555
spatial,within,word,25,6,0.0065833333333333325,0.0006481125346341155,0.004099023579097137,40,0.5983208333333334,0.34569416666666664
spatial,within,word,25,7,0.008583333333333333,0.0005187029077928005,0.0032805652351551038,40,0.5298066666666666,0.37206666666666666
spatial,within,word,25,8,0.0036666666666666666,0.0003922322702763681,0.0024806946917841693,40,0.5442444444444445,0.37164861111111114
spatial,within,word,25,9,0.006500000000000001,0.0005717718748968656,0.003616202853397895,40,0.5324463888888888,0.3584247222222222
spatial,within,word,25,10,0.005166666666666667,0.0005056659032384978,0.0031981119786399334,40,0.5640611111111111,0.34994472222222217
spatial,within,word,25,11,0.006333333333333334,0.0006062354060275328,0.003834169362567948,40,0.5393513888888889,0.35820749999999996
spatial,within,word,25,12,0.0034166666666666664,0.00043832593994609713,0.0027722166555276995,40,0.5461633333333333,0.32278305555555553
spatial,within,word,25,13,0.0034166666666666664,0.0005268773245260372,0.0033322647859959456,40,0.5110772222222222,0.3521805555555555
spatial,within,word,25,14,0.005666666666666667,0.000633805492015809,0.004008537896587242,40,0.5645058333333333,0.33316638888888894
spatial,within,word,25,15,0.00475,0.0006947862406725684,0.004394214014942469,40,0.5299922222222222,0.30943250000000005
spatial,within,word,25,16,0.0026666666666666666,0.0004653216269680752,0.0029429523715086966,40,0.5056736111111112,0.34195027777777776
spatial,within,word,25,17,0.004,0.0005364226763936138,0.003392634891934514,40,0.5145511111111112,0.3295797222222222
spatial,within,word,25,18,0.004416666666666668,0.0005647213971599238,0.003571611716915804,40,0.5088488888888889,0.3327352777777778
spatial,within,word,25,19,0.003333333333333334,0.00047740991602628855,0.0030194054243855885,40,0.5303555555555556,0.331208888888889
spatial,within,word,25,20,0.0042499999999999994,0.0006314129680188206,0.003993406246213056,40,0.4923180555555556,0.3409425
spatial,within,word,25,21,0.0042499999999999994,0.0005200742331410084,0.0032892382581820247,40,0.5026847222222222,0.34793833333333335
spatial,within,word,25,22,0.004583333333333333,0.0006823737268783896,0.004315710384786742,40,0.5106122222222222,0.3420266666666666
spatial,within,word,25,23,0.00425,0.0004772233913401199,0.0030182257386893066,40,0.5192763888888889,0.3336030555555555
spatial,within,word,25,24,0.0042499999999999994,0.000584553059355846,0.0036970381615681453,40,0.4916127777777778,0.3401469444444444
spatial,within,word,50,0,0.003833333333333333,0.000566767210788584,0.0035845505783853645,40,0.5395302777777777,0.32993277777777774
spatial,within,word,50,1,0.005833333333333334,0.0007618952227730074,0.004818648484728184,40,0.5278127777777778,0.3335797222222222
spatial,within,word,50,2,0.007250000000000001,0.000393817968854384,0.0024907235301622104,40,0.6855872222222221,0.39991583333333336
spatial,within,word,50,3,0.006666666666666666,0.0005723943812052382,0.0036201399289824566,40,0.5483136111111111,0.39949277777777764
spatial,within,word,50,4,0.006833333333333333,0.0005330928945203023,0.0033715755022721006,40,0.5457130555555556,0.3957366666666666
spatial,within,word,50,5,0.005666666666666666,0.0007472647177570733,0.004726117046390445,40,0.5840680555555555,0.3584244444444444
spatial,within,word,50,6,0.005916666666666667,0.000680282956044689,0.0043024871889868555,40,0.5727483333333333,0.34989888888888887
spatial,within,word,50,7,0.0045,0.0005791977947731547,0.0036631684944598737,40,0.5509244444444444,0.37865166666666666
spatial,within,word,50,8,0.004416666666666667,0.00048315646631310954,0.003055749799575685,40,0.5699722222222221,0.3621488888888889
spatial,within,word,50,9,0.007416666666666667,0.00040452391911925445,0.0025584339048691576,40,0.5468911111111112,0.37871638888888887
spatial,within,word,50,10,0.007666666666666667,0.0006109168300344762,0.0038637772876778144,40,0.532465,0.3819177777777778
spatial,within,word,50,11,0.0030833333333333333,0.0004366979828269512,0.002761920550668525,40,0.5533127777777779,0.34032527777777777
spatial,within,word,50,12,0.006083333333333334,0.0006633195892576047,0.004195201437322778,40,0.5649716666666666,0.3301383333333333
spatial,within,word,50,13,0.0041666666666666675,0.0005937710859953545,0.0037553380809940543,40,0.5429177777777777,0.3331611111111111
spatial,within,word,50,14,0.004666666666666667,0.0005443310539518173,0.0034426518632954817,40,0.5399719444444445,0.3389458333333333
spatial,within,word,50,15,0.005916666666666666,0.0006370281338409186,0.004028919673087779,40,0.5166966666666666,0.33811083333333325
spatial,within,word,50,16,0.006333333333333332,0.0006938886664887108,0.004388537257362555,40,0.5502202777777778,0.3253308333333333
spatial,within,word,50,17,0.005083333333333333,0.0006854979266251703,0.004335469558917038,40,0.5588055555555556,0.30472166666666667
spatial,within,word,50,18,0.0041666666666666675,0.0006399563731569203,0.004047439484633017,40,0.5141380555555556,0.33565111111111107
spatial,within,word,50,19,0.00575,0.0006854979266251703,0.004335469558917038,40,0.5283044444444445,0.34914444444444437
spatial,within,word,50,20,0.0025,0.000391323271904321,0.0024749456812940616,40,0.5182880555555555,0.3374999999999999
spatial,within,word,50,21,0.0035000000000000005,0.0006639903545106592,0.00419944372927268,40,0.5023947222222223,0.3380288888888889
spatial,within,word,50,22,0.0025833333333333333,0.0004991088925371763,0.003156641801723386,40,0.5122066666666667,0.3457855555555555
spatial,within,word,50,23,0.003166666666666666,0.0004295031251026405,0.0027164162749691695,40,0.5240111111111111,0.34663194444444445
spatial,within,word,50,24,0.0037500000000000007,0.0005621932528599516,0.003555622328432836,40,0.4976694444444445,0.3326313888888889
spatial,within,word,50,25,0.004583333333333333,0.0005808861979155425,0.0036738468935369364,40,0.5222100000000001,0.3268708333333333
spatial,within,word,50,26,0.002333333333333333,0.00044975460228796133,0.002844497862746269,40,0.5072083333333333,0.33298916666666667
spatial,within,word,50,27,0.0036666666666666666,0.0005699002761767401,0.0036043658237549904,40,0.5126886111111111,0.3251161111111111
spatial,within,word,50,28,0.0042499999999999994,0.0006425942346670647,0.0040641227856813116,40,0.5176872222222222,0.3361016666666667
spatial,within,word,50,29,0.003833333333333333,0.000566767210788584,0.0035845505783853645,40,0.4991672222222222,0.33416555555555555
spatial,within,word,50,30,0.004333333333333333,0.0005091750772173156,0.0032203059435976533,40,0.5224130555555556,0.3385191666666666
spatial,within,word,50,31,0.0032500000000000003,0.0004991088925371763,0.003156641801723386,40,0.5025238888888888,0.3344625
spatial,within,word,50,32,0.004083333333333333,0.0006142595663193327,0.0038849186082326862,40,0.5190327777777777,0.33820361111111114
spatial,within,word,50,33,0.0026666666666666666,0.0004336290903919939,0.0027425111706914744,40,0.5142161111111111,0.32874777777777775
spatial,within,word,50,34,0.003166666666666667,0.0004913786640188924,0.0031077515438206545,40,0.4884327777777777,0.3375419444444444
spatial,within,word,50,35,0.004416666666666667,0.0005894067228156503,0.003727735424625975,40,0.5123794444444445,0.3488297222222222
spatial,within,word,50,36,0.004083333333333333,0.0004846283858428769,0.0030650590360687827,40,0.5046194444444445,0.3476591666666665
spatial,within,word,50,37,0.002333333333333333,0.00041688028711990425,0.002636582437847706,40,0.5022813888888888,0.3418055555555556
spatial,within,word,50,38,0.004416666666666666,0.0005894067228156503,0.003727735424625975,40,0.5255025,0.34167444444444445
spatial,within,word,50,39,0.0051666666666666675,0.0006421784505829843,0.00406149313624023,40,0.5181483333333332,0.32466277777777786
spatial,within,word,50,40,0.003916666666666667,0.0005322571942188482,0.0033662900694843324,40,0.5162761111111112,0.3383830555555555
spatial,within,word,50,41,0.004333333333333333,0.0005495400822454191,0.0034755966509035655,40,0.5210988888888889,0.3355936111111112
spatial,within,word,50,42,0.00375,0.0005362566783465032,0.003391585028102495,40,0.5068422222222223,0.3373594444444444
spatial,within,word,50,43,0.003166666666666667,0.0004913786640188924,0.0031077515438206545,40,0.5096763888888889,0.34502972222222217
spatial,within,word,50,44,0.00375,0.0005989960736902173,0.0037883838047182935,40,0.5197613888888888,0.3342936111111111
spatial,within,word,50,45,0.002833333333333333,0.0004056228722963173,0.002565384295031951,40,0.5022011111111111,0.34132694444444445
spatial,within,word,50,46,0.0020833333333333337,0.00040803015083275897,0.002580609261307136,40,0.4957527777777777,0.3413291666666667
spatial,within,word,50,47,0.0030833333333333333,0.0005255237517707583,0.003323704040225084,40,0.5010647222222222,0.33159083333333333
spatial,within,word,50,48,0.005583333333333333,0.0006130989425780422,0.003877578179174798,40,0.49805444444444447,0.33971333333333337
spatial,within,word,50,49,0.0025833333333333333,0.00038651595943063843,0.002444541567612111,40,0.4999922222222223,0.33841722222222226
spatial,within,word,75,0,0.0036666666666666666,0.0004591581544807963,0.0029039711487975277,40,0.5364477777777777,0.33327694444444445
spatial,within,word,75,1,0.0045,0.0006149838438569978,0.0038894993415869257,40,0.5394816666666667,0.33824249999999995
spatial,within,word,75,2,0.006333333333333334,0.0006178724639975321,0.0039077685794651745,40,0.5263416666666666,0.3317136111111111
spatial,within,word,75,3,0.004833333333333334,0.00047666337934435156,0.0030146839118420175,40,0.5383725000000001,0.3466647222222222
spatial,within,word,75,4,0.008,0.0005943705521611524,0.003759129437922314,40,0.6860466666666666,0.39188888888888884
spatial,within,word,75,5,0.008166666666666666,0.00047666337934435156,0.0030146839118420175,40,0.542873888888889,0.39987055555555545
spatial,within,word,75,6,0.006333333333333334,0.0007337993857053428,0.004640954808922571,40,0.5842669444444445,0.3612222222222222
spatial,within,word,75,7,0.005166666666666667,0.0005961653339578757,0.0037704806346836235,40,0.5919130555555555,0.35534972222222216
spatial,within,word,75,8,0.00525,0.0007049630731271919,0.004458577954787533,40,0.5758202777777779,0.36211666666666664
spatial,within,word,75,9,0.005333333333333334,0.0005699002761767401,0.0036043658237549904,40,0.5746366666666667,0.3332772222222222
spatial,within,word,75,10,0.006333333333333332,0.0003540566696958629,0.002239250994025684,40,0.5180891666666666,0.3833672222222222
spatial,within,word,75,11,0.00575,0.000584553059355846,0.0036970381615681453,40,0.5609694444444445,0.3736897222222222
spatial,within,word,75,12,0.0069166666666666664,0.0005255237517707583,0.003323704040225084,40,0.5540136111111111,0.3560425
spatial,within,word,75,13,0.005916666666666666,0.0006697312043199763,0.004235752051477451,40,0.5703141666666667,0.36288805555555553
spatial,within,word,75,14,0.005583333333333333,0.000577196041787598,0.0036505082969650712,40,0.5723180555555555,0.3360186111111111
spatial,within,word,75,15,0.007250000000000001,0.0006414848782339681,0.004057106599550221,40,0.5636136111111112,0.36850388888888885
spatial,within,word,75,16,0.0037500000000000007,0.0005869849078564814,0.0037124185219410922,40,0.5541897222222222,0.33953527777777776
spatial,within,word,75,17,0.005083333333333334,0.0005335936864527374,0.0033747427885527648,40,0.5584975000000001,0.33374499999999996
spatial,within,word,75,18,0.003833333333333333,0.000566767210788584,0.0035845505783853645,40,0.5447647222222223,0.3351063888888889
spatial,within,word,75,19,0.0032500000000000003,0.0006370281338409186,0.004028919673087779,40,0.5342305555555557,0.3457355555555555
spatial,within,word,75,20,0.005583333333333333,0.0005389065112987853,0.003408344043198855,40,0.5233975,0.3336099999999999
spatial,within,word,75,21,0.005,0.0005598127485064209,0.0035405666969586286,40,0.513441388888889,0.3488544444444444
spatial,within,word,75,22,0.004333333333333333,0.0005871365639519862,0.003713377679306778,40,0.5694327777777779,0.32424749999999997
spatial,within,word,75,23,0.005,0.0006856277926728686,0.004336290903919939,40,0.5356761111111112,0.31308
spatial,within,word,75,24,0.004,0.000622466374565235,0.003936823020987291,40,0.5119138888888889,0.3328486111111111
spatial,within,word,75,25,0.005083333333333333,0.0006958106219744146,0.004400692771155113,40,0.5362905555555555,0.3441469444444444
spatial,within,word,75,26,0.004833333333333334,0.0005462902602399647,0.0034550429718488217,40,0.5334441666666667,0.35445999999999994
spatial,within,word,75,27,0.003,0.00044337478117411743,0.002804148331177911,40,0.5209225,0.34319944444444445
spatial,within,word,75,28,0.003916666666666667,0.0005454747794744824,0.0034498854186348574,40,0.5387805555555555,0.34804972222222225
spatial,within,word,75,29,0.0036666666666666666,0.0006623793767520534,0.004189255011318546,40,0.5124836111111112,0.32860527777777776
spatial,within,word,75,30,0.0035833333333333333,0.0005389065112987853,0.003408344043198855,40,0.5135366666666668,0.33614305555555557
spatial,within,word,75,31,0.003833333333333333,0.0005540578101426393,0.0035041692709117636,40,0.5274680555555556,0.33466333333333337
spatial,within,word,75,32,0.003833333333333333,0.000566767210788584,0.0035845505783853645,40,0.5534463888888889,0.3320494444444445
spatial,within,word,75,33,0.002,0.00044337478117411754,0.0028041483311779113,40,0.5139347222222221,0.34617638888888896
spatial,within,word,75,34,0.0036666666666666666,0.0006178724639975321,0.0039077685794651745,40,0.4988002777777778,0.3349213888888888
spatial,within,word,75,35,0.0045,0.0006264584123867621,0.003962070885030416,40,0.5422538888888889,0.32907249999999993
spatial,within,word,75,36,0.0020833333333333337,0.0003517862436957438,0.0022248915591872,40,0.5125722222222222,0.32935166666666665
spatial,within,word,75,37,0.0045,0.0005277215444626347,0.0033376041016874875,40,0.5141500000000001,0.3241336111111111
spatial,within,word,75,38,0.004333333333333333,0.0005495400822454191,0.0034755966509035655,40,0.525075,0.3437058333333334
spatial,within,word,75,39,0.003,0.000557262335477027,0.003524436468664519,40,0.508071111111111,0.34217333333333333
spatial,within,word,75,40,0.002916666666666667,0.0004334237249576047,0.002741212325640795,40,0.49879277777777775,0.33470805555555555
spatial,within,word,75,41,0.0041666666666666675,0.0006399563731569203,0.004047439484633017,40,0.5283811111111112,0.33208166666666666
spatial,within,word,75,42,0.005666666666666666,0.0006979824404521127,0.0044144285572630445,40,0.5143558333333335,0.36384638888888887
spatial,within,word,75,43,0.004666666666666667,0.0005822639771026016,0.0036825607342247,40,0.4952558333333334,0.3345016666666667
spatial,within,word,75,44,0.002416666666666667,0.0004463766758603509,0.002823133980186819,40,0.5116011111111111,0.32472777777777784
spatial,within,word,75,45,0.00275,0.0005187029077928005,0.0032805652351551038,40,0.5226058333333333,0.3349977777777777
spatial,within,word,75,46,0.004416666666666667,0.000577196041787598,0.0036505082969650712,40,0.5178969444444446,0.3329519444444444
spatial,within,word,75,47,0.003583333333333333,0.0005647213971599238,0.003571611716915804,40,0.4990894444444445,0.33512305555555555
spatial,within,word,75,48,0.005666666666666667,0.0006666666666666665,0.004216370213557839,40,0.522191111111111,0.3360902777777778
spatial,within,word,75,49,0.0032500000000000003,0.000540226553720501,0.0034166927245201863,40,0.518408611111111,0.3325950000000001
spatial,within,word,75,50,0.005083333333333334,0.0005467789649092551,0.0034581338115650556,40,0.5124222222222222,0.3320561111111111
spatial,within,word,75,51,0.0030833333333333333,0.0004366979828269512,0.002761920550668525,40,0.5193116666666666,0.33503194444444445
spatial,within,word,75,52,0.003333333333333333,0.0004303314829119352,0.002721655269759087,40,0.5027855555555556,0.3441866666666666
spatial,within,word,75,53,0.0035000000000000005,0.00051956041029222,0.003285988557150009,40,0.5222136111111111,0.3546141666666666
spatial,within,word,75,54,0.004166666666666667,0.0005304140187994953,0.0033546328045795494,40,0.5033352777777778,0.3492972222222222
spatial,within,word,75,55,0.003,0.0004891995904702285,0.0030939698726150473,40,0.5059875,0.34158333333333324
spatial,within,word,75,56,0.0035000000000000005,0.00051956041029222,0.003285988557150009,40,0.5200936111111112,0.3368225
spatial,within,word,75,57,0.005,0.000559812748506421,0.003540566696958629,40,0.5253488888888889,0.34246611111111114
spatial,within,word,75,58,0.004,0.00044975460228796133,0.002844497862746269,40,0.5315416666666666,0.3254969444444444
spatial,within,word,75,59,0.003833333333333333,0.0005410499447694666,0.0034219003067596392,40,0.5054230555555556,0.32954416666666664
spatial,within,word,75,60,0.0034166666666666664,0.0004697016692749325,0.002970654191383831,40,0.5190502777777779,0.33729916666666665
spatial,within,word,75,61,0.004916666666666667,0.0007733773565424163,0.004891267874948317,40,0.5282230555555556,0.34007833333333337
spatial,within,word,75,62,0.0025833333333333333,0.0004991088925371763,0.003156641801723386,40,0.5024622222222221,0.3453566666666666
spatial,within,word,75,63,0.004333333333333333,0.0006979824404521128,0.004414428557263045,40,0.5297725,0.3359702777777777
spatial,within,word,75,64,0.004083333333333333,0.0006906735223894966,0.0043682029006442205,40,0.510651388888889,0.3408197222222222
spatial,within,word,75,65,0.003916666666666667,0.0005709927876363795,0.003611275472919581,40,0.5114633333333333,0.34870999999999996
spatial,within,word,75,66,0.0021666666666666666,0.00045526361293755647,0.002879339905359958,40,0.47091166666666656,0.35147999999999996
spatial,within,word,75,67,0.0025833333333333333,0.0003865159594306383,0.0024445415676121107,40,0.49459749999999997,0.3387494444444445
spatial,within,word,75,68,0.0028333333333333335,0.000566767210788584,0.0035845505783853645,40,0.5115230555555556,0.3422355555555555
spatial,within,word,75,69,0.002916666666666667,0.000399206834693617,0.0025248057102763123,40,0.4916736111111112,0.3373233333333333
spatial,within,word,75,70,0.002333333333333333,0.0003994297930101854,0.0025262158224835783,40,0.49504722222222225,0.3455141666666666
spatial,within,word,75,71,0.006166666666666667,0.0007693375994193588,0.004865718207542816,40,0.5260644444444444,0.33054083333333334
spatial,within,word,75,72,0.003166666666666667,0.00051956041029222,0.003285988557150009,40,0.4938288888888889,0.3416225
spatial,within,word,75,73,0.00275,0.0004904718932443306,0.003102016621894074,40,0.48934861111111105,0.3380283333333334
spatial,within,word,75,74,0.003333333333333333,0.0004921028776234113,0.0031123318728261753,40,0.4886777777777779,0.34002722222222226
spatial,within,word,100,0,0.0028333333333333335,0.000514047677015483,0.0032511229705750244,40,0.5346311111111111,0.3312391666666667
spatial,within,word,100,1,0.005833333333333334,0.0008160603016655177,0.005161218522614271,40,0.5282133333333334,0.34353277777777774
spatial,within,word,100,2,0.005166666666666667,0.0006309898162000304,0.003990729999126216,40,0.5359122222222222,0.3485027777777777
spatial,within,word,100,3,0.004083333333333333,0.000540226553720501,0.0034166927245201867,40,0.5534719444444445,0.3426825
spatial,within,word,100,4,0.004333333333333333,0.000622466374565235,0.003936823020987291,40,0.5511972222222223,0.34938333333333327
spatial,within,word,100,5,0.00825,0.0004301245430187895,0.002720346466956902,40,0.6819611111111111,0.3984122222222222
spatial,within,word,100,6,0.008749999999999999,0.0005808861979155425,0.003673846893536936,40,0.5499869444444445,0.4043197222222221
spatial,within,word,100,7,0.004916666666666666,0.0005467789649092551,0.0034581338115650556,40,0.5773833333333334,0.3676069444444445
spatial,within,word,100,8,0.006750000000000001,0.0004697016692749325,0.002970654191383831,40,0.5387891666666668,0.3884572222222221
spatial,within,word,100,9,0.007416666666666666,0.0006697312043199764,0.004235752051477452,40,0.5718041666666667,0.3352611111111111
spatial,within,word,100,10,0.007333333333333333,0.00044975460228796133,0.002844497862746269,40,0.5183477777777779,0.3781658333333333
spatial,within,word,100,11,0.008,0.0004891995904702285,0.0030939698726150473,40,0.5606047222222221,0.3600825
spatial,within,word,100,12,0.00475,0.0005322571942188483,0.003366290069484333,40,0.5550844444444444,0.3748541666666667
spatial,within,word,100,13,0.007916666666666666,0.0007229204383014497,0.004572150304239615,40,0.5777952777777778,0.3391544444444444
spatial,within,word,100,14,0.0036666666666666666,0.0005035486605694166,0.0031847213602527527,40,0.550395,0.336105
spatial,within,word,100,15,0.005583333333333333,0.000577196041787598,0.0036505082969650712,40,0.5485047222222222,0.35288472222222217
spatial,within,word,100,16,0.005,0.000584705346204686,0.003698001308168194,40,0.5444141666666666,0.33250222222222225
spatial,within,word,100,17,0.004166666666666667,0.0005436764162477949,0.003438511570921614,40,0.5630933333333334,0.3373083333333333
spatial,within,word,100,18,0.003583333333333333,0.0005389065112987853,0.003408344043198855,40,0.5486175000000001,0.34072472222222216
spatial,within,word,100,19,0.0052499999999999995,0.0005454747794744822,0.003449885418634857,40,0.5460755555555556,0.35128138888888893
spatial,within,word,100,20,0.006166666666666667,0.00038766596482655045,0.0024518148403572426,40,0.513988888888889,0.36957055555555546
spatial,within,word,100,21,0.0045,0.0005410499447694665,0.003421900306759639,40,0.5362369444444445,0.35244000000000003
spatial,within,word,100,22,0.005583333333333333,0.0005647213971599238,0.003571611716915804,40,0.5540813888888889,0.33635861111111104
spatial,within,word,100,23,0.003583333333333333,0.0004976798018658033,0.00314760343871451,40,0.5467130555555556,0.3371580555555555
spatial,within,word,100,24,0.006666666666666666,0.0005723943812052382,0.0036201399289824566,40,0.5335652777777777,0.3504616666666666
spatial,within,word,100,25,0.0032500000000000003,0.0004991088925371763,0.003156641801723386,40,0.5119455555555555,0.3304224999999999
spatial,within,word,100,26,0.003833333333333333,0.0004228178434916492,0.002674134841588425,40,0.5294961111111112,0.33824249999999995
spatial,within,word,100,27,0.002916666666666667,0.00041666666666666664,0.0026352313834736496,40,0.5200063888888888,0.33898472222222215
spatial,within,word,100,28,0.003583333333333333,0.0004681828240069863,0.002961048170463674,40,0.5161847222222221,0.35233472222222223
spatial,within,word,100,29,0.0036666666666666666,0.0005822639771026016,0.0036825607342247,40,0.5223286111111112,0.32678027777777774
spatial,within,word,100,30,0.004416666666666667,0.0006246081392643932,0.003950368730310261,40,0.5593591666666669,0.32674249999999994
spatial,within,word,100,31,0.005,0.000642732769590452,0.004064998957468074,40,0.5475808333333335,0.3107794444444445
spatial,within,word,100,32,0.004333333333333333,0.0005091750772173156,0.0032203059435976533,40,0.5091727777777778,0.33443611111111105
spatial,within,word,100,33,0.005,0.0005847053462046862,0.0036980013081681943,40,0.5294572222222224,0.3365511111111111
spatial,within,word,100,34,0.00525,0.0006072625513464554,0.0038406655999594984,40,0.49959500000000007,0.363
spatial,within,word,100,35,0.005416666666666667,0.0007129999620399329,0.004509407703319565,40,0.5403227777777779,0.34197999999999984
spatial,within,word,100,36,0.0059166666666666656,0.0006257474163429115,0.003957574151218542,40,0.5462327777777778,0.3523105555555555
spatial,within,word,100,37,0.0055000000000000005,0.0006377265532304238,0.0040333368651535,40,0.5362669444444444,0.3357769444444444
spatial,within,word,100,38,0.0035000000000000005,0.0005591762357951763,0.003536541037104265,40,0.5336683333333333,0.33336805555555554
spatial,within,word,100,39,0.005083333333333334,0.0005061938301996517,0.003201450881910849,40,0.5327994444444445,0.3425625
spatial,within,word,100,40,0.0045,0.0005,0.0031622776601683794,40,0.5161722222222223,0.34190805555555553
spatial,within,word,100,41,0.004666666666666666,0.0005035486605694166,0.0031847213602527527,40,0.5107349999999999,0.3306252777777777
spatial,within,word,100,42,0.005666666666666667,0.0006338054920158089,0.0040085378965872415,40,0.5415313888888889,0.35183583333333335
spatial,within,word,100,43,0.005083333333333334,0.0006854979266251703,0.004335469558917038,40,0.5343111111111112,0.3357394444444444
spatial,within,word,100,44,0.006416666666666666,0.0006792351572617534,0.0042958603276195976,40,0.568213888888889,0.34245583333333335
spatial,within,word,100,45,0.003916666666666667,0.0004757285610699276,0.0030087716019509612,40,0.5320247222222221,0.3439188888888889
spatial,within,word,100,46,0.0019166666666666666,0.0003558125406763569,0.0022503560971771923,40,0.5006177777777777,0.3392308333333333
spatial,within,word,100,47,0.005583333333333333,0.000577196041787598,0.0036505082969650712,40,0.5165213888888889,0.3331188888888889
spatial,within,word,100,48,0.004916666666666666,0.0005722388181146617,0.003619156061610303,40,0.5389888888888889,0.33525416666666663
spatial,within,word,100,49,0.0032500000000000003,0.0005131809630673188,0.003245641390262953,40,0.51278,0.3454480555555556
spatial,within,word,100,50,0.002916666666666667,0.0005621932528599517,0.0035556223284328365,40,0.4955552777777778,0.34089055555555553
spatial,within,word,100,51,0.006166666666666666,0.0006703955544528912,0.004239953770645144,40,0.5310713888888888,0.3275688888888889
spatial,within,word,100,52,0.0027500000000000003,0.000444778186658963,0.0028130242468036803,40,0.5141158333333333,0.32452722222222224
spatial,within,word,100,53,0.0032500000000000003,0.0005784287095915728,0.0036583043726829078,40,0.5031675,0.3248644444444445
spatial,within,word,100,54,0.004916666666666667,0.0005596536881967729,0.0035395607112309897,40,0.5239191666666667,0.3344944444444445
spatial,within,word,100,55,0.005083333333333334,0.0008093779046851927,0.005118955333239753,40,0.5186041666666666,0.3288180555555555
spatial,within,word,100,56,0.004333333333333333,0.0005364226763936138,0.0033926348919345135,40,0.5212472222222223,0.33932972222222224
spatial,within,word,100,57,0.002,0.00037363235887853663,0.0023630585231952223,40,0.48725861111111113,0.3386016666666666
spatial,within,word,100,58,0.00425,0.0005335936864527374,0.0033747427885527643,40,0.5007233333333334,0.33337361111111113
spatial,within,word,100,59,0.0041666666666666675,0.000661841512776426,0.004185853260849874,40,0.5224338888888889,0.33639777777777774
spatial,within,word,100,60,0.005166666666666667,0.0006309898162000304,0.003990729999126216,40,0.5339041666666666,0.35459611111111117
spatial,within,word,100,61,0.004333333333333333,0.0005623515948579822,0.0035566237711589133,40,0.531296388888889,0.3606033333333333
spatial,within,word,100,62,0.005666666666666667,0.0005748776656683841,0.0036358455989457554,40,0.49985999999999997,0.3385569444444444
spatial,within,word,100,63,0.004166666666666667,0.0006056476837313231,0.0038304522803925744,40,0.5126819444444445,0.3491938888888889
spatial,within,word,100,64,0.0025,0.00042617359329729905,0.002695358466875467,40,0.5300655555555556,0.3267438888888889
spatial,within,word,100,65,0.0035000000000000005,0.0003764809314399492,0.0023810744779438693,40,0.5072219444444444,0.3306761111111111
spatial,within,word,100,66,0.0034999999999999996,0.0004295031251026405,0.0027164162749691695,40,0.5226274999999999,0.33525888888888883
spatial,within,word,100,67,0.003083333333333333,0.0004200715581423169,0.002656765807971143,40,0.5106700000000001,0.3443130555555555
spatial,within,word,100,68,0.0025833333333333333,0.0004697016692749325,0.002970654191383831,40,0.5031216666666667,0.3350005555555555
spatial,within,word,100,69,0.005166666666666667,0.0005840959605818989,0.0036941472150854586,40,0.5055847222222223,0.3388922222222222
spatial,within,word,100,70,0.003,0.0004891995904702285,0.0030939698726150473,40,0.5045425000000001,0.3296877777777777
spatial,within,word,100,71,0.002333333333333333,0.00044975460228796133,0.002844497862746269,40,0.5231797222222221,0.32508888888888887
spatial,within,word,100,72,0.0034166666666666664,0.0005131809630673188,0.003245641390262953,40,0.49058916666666674,0.33396944444444443
spatial,within,word,100,73,0.003916666666666667,0.0005047847980156418,0.0031925393799149436,40,0.5322355555555556,0.335785
spatial,within,word,100,74,0.004083333333333333,0.000540226553720501,0.0034166927245201867,40,0.5122144444444445,0.3499372222222221
spatial,within,word,100,75,0.0035833333333333333,0.00048315646631310954,0.003055749799575685,40,0.5127041666666667,0.35239777777777775
spatial,within,word,100,76,0.00475,0.0005833333333333334,0.0036893239368631097,40,0.5119566666666666,0.344371111111111
spatial,within,word,100,77,0.0025,0.0004884710724331468,0.003089362319987661,40,0.5118688888888888,0.3408377777777778
spatial,within,word,100,78,0.0036666666666666666,0.000557262335477027,0.003524436468664519,40,0.5187808333333332,0.3331341666666667
spatial,within,word,100,79,0.005083333333333334,0.0005596536881967729,0.0035395607112309897,40,0.5234180555555555,0.34212555555555557
spatial,within,word,100,80,0.00425,0.0004463766758603509,0.002823133980186819,40,0.5326302777777777,0.3383669444444444
spatial,within,word,100,81,0.0038333333333333336,0.0005913671446023187,0.003740134220666952,40,0.5384994444444444,0.3251019444444444
spatial,within,word,100,82,0.0027500000000000003,0.000411506508864206,0.0026025956799903198,40,0.5080077777777778,0.3286852777777778
spatial,within,word,100,83,0.00225,0.0004831564663131095,0.0030557497995756847,40,0.49387083333333337,0.34386277777777774
spatial,within,word,100,84,0.0035833333333333333,0.0006130989425780422,0.0038775781791747974,40,0.5179727777777778,0.3353480555555556
spatial,within,word,100,85,0.0032500000000000003,0.000540226553720501,0.0034166927245201867,40,0.5130516666666667,0.3336438888888888
spatial,within,word,100,86,0.004833333333333334,0.000674631903431942,0.004266746794119403,40,0.5320777777777778,0.3478347222222221
spatial,within,word,100,87,0.003583333333333333,0.0006130989425780422,0.0038775781791747974,40,0.5044558333333333,0.3422811111111111
spatial,within,word,100,88,0.004333333333333333,0.0005495400822454191,0.0034755966509035655,40,0.5133630555555555,0.34544638888888884
spatial,within,word,100,89,0.0021666666666666666,0.00043934034986550346,0.002778632347180483,40,0.4810469444444445,0.35055583333333323
spatial,within,word,100,90,0.002666666666666667,0.0005364226763936139,0.0033926348919345144,40,0.5067797222222221,0.3414125
spatial,within,word,100,91,0.003,0.00040998922923799857,0.002592999561057951,40,0.5090861111111111,0.33898527777777776
spatial,within,word,100,92,0.004083333333333333,0.0005268773245260372,0.0033322647859959456,40,0.4915558333333333,0.3341455555555556
spatial,within,word,100,93,0.003833333333333333,0.0005913671446023187,0.003740134220666952,40,0.5142708333333333,0.34663611111111114
spatial,within,word,100,94,0.0034999999999999996,0.0005056659032384978,0.0031981119786399334,40,0.49891694444444445,0.3369872222222222
spatial,within,word,100,95,0.004833333333333334,0.0006531754562429428,0.004131044306894694,40,0.5347802777777779,0.33348249999999996
spatial,within,word,100,96,0.004833333333333334,0.000715617399249251,0.0045259618297474056,40,0.49157722222222217,0.3384602777777778
spatial,within,word,100,97,0.0028333333333333335,0.00043934034986550346,0.002778632347180483,40,0.49485472222222227,0.33674944444444443
spatial,within,word,100,98,0.004333333333333333,0.0006558958989042623,0.004148249897002013,40,0.50234,0.3347683333333333
spatial,within,word,100,99,0.0035833333333333333,0.0006246081392643932,0.003950368730310261,40,0.5027552777777778,0.34467888888888887
