analysis_type,fit_scope,condition,K,archetype,mean_accuracy,sem_accuracy,std_accuracy,count,rank_mean,error_mean
temporal,across,intact,5,0,0.0075833333333333,0.0005061938301996,0.0032014508819108,40,0.6659127777777779,0.3746183333333331
temporal,across,intact,5,1,0.0079166666666666,0.0005808861979155,0.0036738468935369,40,0.6855197222222223,0.3105402777777777
temporal,across,intact,5,2,0.0101666666666666,0.0008927533517207,0.0056462679603736,40,0.6573116666666667,0.292448611111111
temporal,across,intact,5,3,0.0079166666666666,0.0006611685674953,0.0041815971811922,40,0.6678205555555558,0.3405852777777777
temporal,across,intact,5,4,0.0083333333333333,0.0006751595780557,0.0042700841014689,40,0.6474933333333335,0.3182952777777778
temporal,across,intact,10,0,0.0084999999999999,0.0005056659032384,0.0031981119786399,40,0.6334372222222223,0.3526558333333333
temporal,across,intact,10,1,0.0078333333333333,0.0004552636129375,0.0028793399053599,40,0.6610705555555556,0.3763002777777777
temporal,across,intact,10,2,0.0075833333333333,0.0005335936864527,0.0033747427885527,40,0.6742094444444444,0.3676277777777777
temporal,across,intact,10,3,0.00975,0.0006792351572617,0.0042958603276195,40,0.6414008333333334,0.3064669444444443
temporal,across,intact,10,4,0.0091666666666666,0.0007333139080566,0.0046378843786765,40,0.6189538888888889,0.2999044444444443
temporal,across,intact,10,5,0.01,0.0007826465438086,0.0049498913625881,40,0.6376005555555556,0.3145452777777777
temporal,across,intact,10,6,0.00775,0.0007490497303754,0.0047374064574427,40,0.6486866666666666,0.3352455555555554
temporal,across,intact,10,7,0.0094166666666666,0.0006633195892576,0.0041952014373227,40,0.6383572222222224,0.2996155555555555
temporal,across,intact,10,8,0.0088333333333333,0.0006264584123867,0.0039620708850304,40,0.6373069444444445,0.3196019444444444
temporal,across,intact,10,9,0.0068333333333333,0.0006851081807811,0.0043330045897654,40,0.6184888888888889,0.3076144444444444
temporal,across,intact,25,0,0.0091666666666666,0.0005937710859953,0.003755338080994,40,0.6281080555555556,0.3553383333333332
temporal,across,intact,25,1,0.0056666666666666,0.0003994297930101,0.0025262158224835,40,0.6235169444444445,0.3671808333333333
temporal,across,intact,25,2,0.0078333333333333,0.0005,0.0031622776601683,40,0.6160844444444447,0.3626905555555555
temporal,across,intact,25,3,0.0075833333333333,0.0005722388181146,0.0036191560616103,40,0.6123136111111112,0.3511572222222221
temporal,across,intact,25,4,0.0078333333333333,0.0006032910690206,0.0038155477402863,40,0.6011719444444446,0.329063611111111
temporal,across,intact,25,5,0.0065833333333333,0.000526877324526,0.0033322647859959,40,0.6172244444444445,0.3387091666666666
temporal,across,intact,25,6,0.0078333333333333,0.0006809370115327,0.0043066237991039,40,0.6311297222222223,0.301726111111111
temporal,across,intact,25,7,0.0091666666666666,0.000761895222773,0.0048186484847281,40,0.6285611111111112,0.3073972222222222
temporal,across,intact,25,8,0.009,0.0006109168300344,0.0038637772876778,40,0.656543888888889,0.3315366666666666
temporal,across,intact,25,9,0.00925,0.000602552736754,0.0038108781170213,40,0.634765,0.3056066666666666
temporal,across,intact,25,10,0.0108333333333333,0.0006933752452815,0.0043852900965351,40,0.6354716666666667,0.3077949999999999
temporal,across,intact,25,11,0.01125,0.000858072941998,0.0054269297905507,40,0.6002030555555556,0.3207369444444444
temporal,across,intact,25,12,0.0101666666666666,0.0007730319188612,0.0048890831352242,40,0.6313863888888889,0.312303611111111
temporal,across,intact,25,13,0.0090833333333333,0.0007733773565424,0.0048912678749483,40,0.6316525000000002,0.2997263888888889
temporal,across,intact,25,14,0.00925,0.0007009100718172,0.0044329445237897,40,0.6241975000000001,0.2937555555555555
temporal,across,intact,25,15,0.0108333333333333,0.0007235359517703,0.0045760431532242,40,0.6227758333333334,0.2964255555555555
temporal,across,intact,25,16,0.0096666666666666,0.0008337605742398,0.0052731648756954,40,0.6269097222222224,0.3066755555555555
temporal,across,intact,25,17,0.0105833333333333,0.0005954181656808,0.0037657551275822,40,0.6542755555555557,0.3317830555555555
temporal,across,intact,25,18,0.0059166666666666,0.0006590105247982,0.0041679485207707,40,0.6416922222222222,0.3181786111111111
temporal,across,intact,25,19,0.0095,0.0008733959656539,0.005523841101337,40,0.6162997222222224,0.2996197222222222
temporal,across,intact,25,20,0.00525,0.0006947862406725,0.0043942140149424,40,0.6035138888888889,0.2965572222222222
temporal,across,intact,25,21,0.005,0.0006537204504606,0.0041344911529736,40,0.6133958333333334,0.3143899999999999
temporal,across,intact,25,22,0.0081666666666666,0.0008435273922869,0.0053349356567383,40,0.6357511111111112,0.3209755555555555
temporal,across,intact,25,23,0.0060833333333333,0.0006072625513464,0.0038406655999594,40,0.6367383333333334,0.3242319444444445
temporal,across,intact,25,24,0.0060833333333333,0.0004904718932443,0.003102016621894,40,0.6197561111111111,0.3039958333333333
temporal,across,intact,50,0,0.0085833333333333,0.0005187029077928,0.0032805652351551,40,0.6090147222222221,0.3253411111111109
temporal,across,intact,50,1,0.0064166666666666,0.0004681828240069,0.0029610481704636,40,0.5994791666666667,0.3478452777777777
temporal,across,intact,50,2,0.008,0.000557262335477,0.0035244364686645,40,0.5974477777777778,0.3662847222222221
temporal,across,intact,50,3,0.0079166666666666,0.0004574097142864,0.0028929130420643,40,0.6083552777777779,0.3576219444444443
temporal,across,intact,50,4,0.0073333333333333,0.0005229763603684,0.0033075929223788,40,0.6023258333333334,0.3423927777777777
temporal,across,intact,50,5,0.0071666666666666,0.0004552636129375,0.0028793399053599,40,0.5969425000000002,0.3398597222222222
temporal,across,intact,50,6,0.0073333333333333,0.0005229763603684,0.0033075929223788,40,0.6044186111111112,0.2998416666666666
temporal,across,intact,50,7,0.0090833333333333,0.0006084343084444,0.0038480764425479,40,0.6340383333333334,0.3230938888888888
temporal,across,intact,50,8,0.0087499999999999,0.0005159493228057,0.0032631500345752,40,0.6119372222222224,0.3014741666666666
temporal,across,intact,50,9,0.0088333333333333,0.0006264584123867,0.0039620708850304,40,0.6319705555555557,0.3107772222222221
temporal,across,intact,50,10,0.0070833333333333,0.0004651302547095,0.0029417420270727,40,0.6143094444444446,0.3010002777777777
temporal,across,intact,50,11,0.0065,0.0005056659032384,0.0031981119786399,40,0.6060941666666668,0.3098183333333333
temporal,across,intact,50,12,0.0083333333333333,0.0006315539556208,0.0039942979301018,40,0.6218347222222222,0.2865486111111111
temporal,across,intact,50,13,0.0087499999999999,0.0007029394935724,0.0044457797139486,40,0.6097016666666668,0.2875458333333333
temporal,across,intact,50,14,0.0090833333333333,0.0004919219241781,0.0031111874227515,40,0.6425638888888889,0.2990477777777777
temporal,across,intact,50,15,0.0084999999999999,0.0006195991719677,0.0039186892395449,40,0.6272363888888888,0.2702172222222222
temporal,across,intact,50,16,0.0076666666666666,0.0005623515948579,0.0035566237711589,40,0.6180197222222223,0.2922130555555555
temporal,across,intact,50,17,0.0069166666666666,0.0005771960417875,0.003650508296965,40,0.612746388888889,0.288031111111111
temporal,across,intact,50,18,0.008,0.0004891995904702,0.003093969872615,40,0.6199708333333335,0.3000497222222222
temporal,across,intact,50,19,0.0060833333333333,0.0006414848782339,0.0040571065995502,40,0.589200277777778,0.2944722222222222
temporal,across,intact,50,20,0.0063333333333333,0.0005175000172041,0.0032729574870827,40,0.5986477777777781,0.3059805555555555
temporal,across,intact,50,21,0.00575,0.0006314129680188,0.003993406246213,40,0.5831544444444445,0.2809422222222222
temporal,across,intact,50,22,0.0073333333333333,0.0005991446895152,0.0037893237337253,40,0.6227913888888891,0.3317461111111111
temporal,across,intact,50,23,0.0068333333333333,0.0008001958449738,0.0050608828886406,40,0.5791536111111111,0.3187619444444444
temporal,across,intact,50,24,0.0090833333333333,0.0008438439722914,0.0053369378844901,40,0.6169125000000002,0.3034108333333333
temporal,across,intact,50,25,0.0093333333333333,0.0008456356869832,0.0053482696831768,40,0.6175522222222223,0.2922452777777777
temporal,across,intact,50,26,0.0076666666666666,0.0007279522854655,0.0046039744999925,40,0.641033611111111,0.3277933333333333
temporal,across,intact,50,27,0.0095,0.0005913671446023,0.0037401342206669,40,0.6576855555555555,0.2839508333333333
temporal,across,intact,50,28,0.0095833333333333,0.0008023070367362,0.0050742352377341,40,0.6436186111111113,0.2925038888888888
temporal,across,intact,50,29,0.0050833333333333,0.0005845530593558,0.0036970381615681,40,0.6161141666666667,0.3030024999999999
temporal,across,intact,50,30,0.007,0.0005822639771026,0.0036825607342247,40,0.6133161111111111,0.3080630555555556
temporal,across,intact,50,31,0.0099166666666666,0.0006906735223894,0.0043682029006442,40,0.6096072222222222,0.2823422222222221
temporal,across,intact,50,32,0.0079166666666666,0.0007129999620399,0.0045094077033195,40,0.6177002777777779,0.301766111111111
temporal,across,intact,50,33,0.0065833333333333,0.0006142595663193,0.0038849186082326,40,0.6029186111111112,0.3365094444444444
temporal,across,intact,50,34,0.0120833333333333,0.000751896936321,0.0047554137689542,40,0.6298069444444444,0.2768638888888889
temporal,across,intact,50,35,0.007,0.0005943705521611,0.0037591294379223,40,0.6426947222222223,0.2903102777777777
temporal,across,intact,50,36,0.00775,0.0005647213971599,0.0035716117169158,40,0.621072222222222,0.2777622222222223
temporal,across,intact,50,37,0.0089166666666666,0.0008302292615781,0.0052508308934134,40,0.60211,0.3058647222222223
temporal,across,intact,50,38,0.0066666666666666,0.0006085806194501,0.0038490017945975,40,0.6015436111111112,0.3138586111111111
temporal,across,intact,50,39,0.0094166666666666,0.0006072625513464,0.0038406655999594,40,0.6480525000000001,0.3132963888888888
temporal,across,intact,50,40,0.00725,0.0007442801834342,0.0047072411939606,40,0.61176,0.2964158333333332
temporal,across,intact,50,41,0.0045833333333333,0.0005808861979155,0.0036738468935369,40,0.5626866666666667,0.3204436111111111
temporal,across,intact,50,42,0.0079166666666666,0.0005808861979155,0.0036738468935369,40,0.6222202777777779,0.3063488888888889
temporal,across,intact,50,43,0.00925,0.0007307598589892,0.0046217311540589,40,0.6027177777777779,0.3076911111111111
temporal,across,intact,50,44,0.0049166666666666,0.0006535842445105,0.0041336297109071,40,0.5896166666666667,0.3142447222222222
temporal,across,intact,50,45,0.0065833333333333,0.0005532537786493,0.0034990841292529,40,0.6260980555555558,0.3117774999999999
temporal,across,intact,50,46,0.0075,0.0007035724873914,0.0044497831183744,40,0.5921880555555556,0.3051388888888889
temporal,across,intact,50,47,0.0086666666666666,0.0006730463973541,0.0042567191732199,40,0.6003330555555557,0.3142291666666666
temporal,across,intact,50,48,0.0055833333333333,0.0005894067228156,0.0037277354246259,40,0.5920905555555553,0.2751844444444445
temporal,across,intact,50,49,0.00475,0.0006633195892576,0.0041952014373227,40,0.5820083333333333,0.2748058333333333
temporal,across,intact,75,0,0.00725,0.0004447781866589,0.0028130242468036,40,0.6049447222222224,0.2776744444444444
temporal,across,intact,75,1,0.0065,0.0005591762357951,0.0035365410371042,40,0.5991447222222224,0.3406441666666666
temporal,across,intact,75,2,0.00675,0.0004846283858428,0.0030650590360687,40,0.5937224999999999,0.339215
temporal,across,intact,75,3,0.00725,0.0005047847980156,0.0031925393799149,40,0.5961211111111112,0.3584152777777777
temporal,across,intact,75,4,0.0069166666666666,0.0005255237517707,0.003323704040225,40,0.5763619444444446,0.3285869444444445
temporal,across,intact,75,5,0.0080833333333333,0.0005583795745617,0.0035315025090618,40,0.6055502777777779,0.3169291666666666
temporal,across,intact,75,6,0.0075,0.0004583818933094,0.0028990616420763,40,0.6451677777777779,0.3021675
temporal,across,intact,75,7,0.0076666666666666,0.0005229763603684,0.0033075929223788,40,0.5999555555555556,0.3082391666666666
temporal,across,intact,75,8,0.0078333333333333,0.0005791977947731,0.0036631684944598,40,0.6169052777777779,0.2975241666666666
temporal,across,intact,75,9,0.0093333333333333,0.0005623515948579,0.0035566237711589,40,0.6411955555555556,0.2905044444444444
temporal,across,intact,75,10,0.0075833333333333,0.0004301245430187,0.0027203464669569,40,0.6491833333333334,0.311463611111111
temporal,across,intact,75,11,0.0087499999999999,0.0006280197703168,0.0039719457796341,40,0.6158630555555556,0.2904866666666666
temporal,across,intact,75,12,0.0058333333333333,0.0005028409319546,0.0031802452914767,40,0.6201972222222224,0.3134133333333332
temporal,across,intact,75,13,0.009,0.0006449452813645,0.0040789921105803,40,0.6623983333333336,0.3116908333333333
temporal,across,intact,75,14,0.0076666666666666,0.0003417734875749,0.0021615653291919,40,0.602136111111111,0.2688333333333333
temporal,across,intact,75,15,0.0095833333333333,0.0007079875978761,0.00447770672888,40,0.6382213888888889,0.2841719444444444
temporal,across,intact,75,16,0.0059166666666666,0.000438325939946,0.0027722166555277,40,0.6108738888888887,0.2807855555555555
temporal,across,intact,75,17,0.0089166666666666,0.0007099967898486,0.0044904139746595,40,0.634868888888889,0.2932752777777777
temporal,across,intact,75,18,0.008,0.0006405126152203,0.0040509574683346,40,0.6654983333333334,0.2496044444444444
temporal,across,intact,75,19,0.0088333333333333,0.0005410499447694,0.0034219003067596,40,0.6332102777777779,0.2909491666666666
temporal,across,intact,75,20,0.0104166666666666,0.0007843510392079,0.0049606715380341,40,0.6257586111111112,0.2841327777777778
temporal,across,intact,75,21,0.0071666666666666,0.0005913671446023,0.0037401342206669,40,0.5972277777777778,0.2853813888888889
temporal,across,intact,75,22,0.00975,0.0005647213971599,0.0035716117169158,40,0.6372097222222225,0.3003102777777777
temporal,across,intact,75,23,0.0068333333333333,0.0006639903545106,0.0041994437292726,40,0.609762777777778,0.2999708333333333
temporal,across,intact,75,24,0.0073333333333333,0.0004497546022879,0.0028444978627462,40,0.5842094444444446,0.3131833333333332
temporal,across,intact,75,25,0.0073333333333333,0.0006558958989042,0.004148249897002,40,0.6315008333333334,0.2864558333333333
temporal,across,intact,75,26,0.0084166666666666,0.0005596536881967,0.0035395607112309,40,0.6517600000000002,0.2965027777777777
temporal,across,intact,75,27,0.0094166666666666,0.0006633195892576,0.0041952014373227,40,0.6353558333333332,0.3254180555555555
temporal,across,intact,75,28,0.0091666666666666,0.0005304140187994,0.0033546328045795,40,0.6657305555555556,0.2986863888888889
temporal,across,intact,75,29,0.0049166666666666,0.0005722388181146,0.0036191560616103,40,0.5931749999999999,0.2812066666666666
temporal,across,intact,75,30,0.0080833333333333,0.0005583795745617,0.0035315025090618,40,0.6230752777777778,0.2762916666666666
temporal,across,intact,75,31,0.00775,0.000613098942578,0.0038775781791747,40,0.636996388888889,0.3002480555555555
temporal,across,intact,75,32,0.00725,0.0006524935733383,0.0041267317007426,40,0.6292919444444444,0.2941019444444445
temporal,across,intact,75,33,0.0065833333333333,0.0007779685358258,0.004920305042312,40,0.5907744444444445,0.2966955555555555
temporal,across,intact,75,34,0.0089166666666666,0.0007099967898486,0.0044904139746595,40,0.6358530555555557,0.3201902777777777
temporal,across,intact,75,35,0.005,0.0005337605126836,0.0033757978902788,40,0.6267655555555557,0.2686274999999999
temporal,across,intact,75,36,0.0093333333333333,0.0006449452813645,0.0040789921105803,40,0.6347005555555556,0.3169919444444444
temporal,across,intact,75,37,0.0084166666666666,0.0005335936864527,0.0033747427885527,40,0.6394522222222225,0.2919713888888888
temporal,across,intact,75,38,0.0066666666666666,0.0005202453946507,0.0032903207786188,40,0.615981388888889,0.3006905555555555
temporal,across,intact,75,39,0.0094166666666666,0.0007816220624016,0.0049434119732551,40,0.6270611111111114,0.2899783333333333
temporal,across,intact,75,40,0.0074166666666666,0.0006590105247982,0.0041679485207707,40,0.6069172222222222,0.3174369444444443
temporal,across,intact,75,41,0.0087499999999999,0.0005159493228057,0.0032631500345752,40,0.6513000000000002,0.2780738888888888
temporal,across,intact,75,42,0.0085833333333333,0.0006739717291829,0.0042625714855607,40,0.6402586111111113,0.2752233333333332
temporal,across,intact,75,43,0.0071666666666666,0.0005667672107885,0.0035845505783853,40,0.5965244444444446,0.2916077777777777
temporal,across,intact,75,44,0.0087499999999999,0.0004875588940976,0.0030835931976424,40,0.6368538888888892,0.299353611111111
temporal,across,intact,75,45,0.0079166666666666,0.0005295740910852,0.0033493206352854,40,0.6496961111111113,0.3088469444444444
temporal,across,intact,75,46,0.0089166666666666,0.0005894067228156,0.0037277354246259,40,0.6544077777777778,0.2873658333333333
temporal,across,intact,75,47,0.0075,0.0006172958213483,0.0039041215711303,40,0.6476208333333332,0.2899172222222222
temporal,across,intact,75,48,0.007,0.0005822639771026,0.0036825607342247,40,0.6281208333333334,0.3092677777777777
temporal,across,intact,75,49,0.0075833333333333,0.000520074233141,0.003289238258182,40,0.6425686111111112,0.2819872222222222
temporal,across,intact,75,50,0.0066666666666666,0.0006537204504606,0.0041344911529736,40,0.6112183333333333,0.3675913888888889
temporal,across,intact,75,51,0.0056666666666666,0.0005623515948579,0.0035566237711589,40,0.618558611111111,0.3120872222222222
temporal,across,intact,75,52,0.0079166666666666,0.0006049122278635,0.0038258008490709,40,0.6150469444444446,0.3194702777777777
temporal,across,intact,75,53,0.0065833333333333,0.0006906735223894,0.0043682029006442,40,0.6066119444444447,0.3243388888888888
temporal,across,intact,75,54,0.0054166666666666,0.0006049122278635,0.0038258008490709,40,0.6429036111111113,0.3401288888888888
temporal,across,intact,75,55,0.0083333333333333,0.0005337605126836,0.0033757978902788,40,0.6225961111111112,0.2974566666666666
temporal,across,intact,75,56,0.0098333333333333,0.0007156173992492,0.0045259618297474,40,0.5817855555555556,0.295365
temporal,across,intact,75,57,0.0103333333333333,0.0006062354060275,0.0038341693625679,40,0.6344480555555557,0.3161874999999999
temporal,across,intact,75,58,0.0090833333333333,0.0006084343084444,0.0038480764425479,40,0.6229788888888891,0.2919988888888888
temporal,across,intact,75,59,0.0055833333333333,0.0005647213971599,0.0035716117169158,40,0.6040386111111109,0.2956333333333333
temporal,across,intact,75,60,0.0042499999999999,0.0004301245430187,0.0027203464669569,40,0.6094722222222222,0.3416736111111111
temporal,across,intact,75,61,0.0084999999999999,0.0006421784505829,0.0040614931362402,40,0.650042777777778,0.2828847222222222
temporal,across,intact,75,62,0.0073333333333333,0.0005623515948579,0.0035566237711589,40,0.6362519444444447,0.2758505555555555
temporal,across,intact,75,63,0.0059166666666666,0.0005402265537205,0.0034166927245201,40,0.6077366666666668,0.2912936111111111
temporal,across,intact,75,64,0.0059166666666666,0.0005906139063083,0.0037353703234072,40,0.6203349999999999,0.3122441666666666
temporal,across,intact,75,65,0.0090833333333333,0.0008267905545436,0.0052290826005433,40,0.6054047222222223,0.3030952777777777
temporal,across,intact,75,66,0.0076666666666666,0.0005364226763936,0.0033926348919345,40,0.6265861111111111,0.3023972222222222
temporal,across,intact,75,67,0.0070833333333333,0.0005228060929505,0.0033065160566748,40,0.6289547222222222,0.2906797222222222
temporal,across,intact,75,68,0.005,0.0005967623950328,0.0037742567804819,40,0.5990847222222224,0.3135291666666666
temporal,across,intact,75,69,0.0045,0.0005791977947731,0.0036631684944598,40,0.6190061111111108,0.3403830555555555
temporal,across,intact,75,70,0.0053333333333333,0.0004891995904702,0.003093969872615,40,0.5919047222222222,0.3057416666666667
temporal,across,intact,75,71,0.0068333333333333,0.0006309898162,0.0039907299991262,40,0.6143266666666667,0.3306738888888889
temporal,across,intact,75,72,0.0069166666666666,0.000613098942578,0.0038775781791747,40,0.6302544444444443,0.2959258333333333
temporal,across,intact,75,73,0.0059166666666666,0.0006481125346341,0.0040990235790971,40,0.6129658333333332,0.2875513888888888
temporal,across,intact,75,74,0.005,0.0006537204504606,0.0041344911529736,40,0.6160563888888891,0.3152233333333333
temporal,across,intact,100,0,0.00775,0.0004681828240069,0.0029610481704636,40,0.5957175000000001,0.3104044444444443
temporal,across,intact,100,1,0.006,0.0003811812499312,0.0024108019022652,40,0.5970433333333334,0.3624236111111111
temporal,across,intact,100,2,0.0059166666666666,0.0004217636961434,0.0026674678283691,40,0.5863127777777779,0.3468749999999999
temporal,across,intact,100,3,0.0075,0.0004583818933094,0.0028990616420763,40,0.5988988888888889,0.3289294444444444
temporal,across,intact,100,4,0.0078333333333333,0.0005791977947731,0.0036631684944598,40,0.592850277777778,0.3238888888888888
temporal,across,intact,100,5,0.0073333333333333,0.0003811812499312,0.0024108019022652,40,0.5956500000000001,0.3206916666666666
temporal,across,intact,100,6,0.0063333333333333,0.0004433747811741,0.0028041483311779,40,0.6465513888888889,0.310621111111111
temporal,across,intact,100,7,0.0081666666666666,0.0005195604102922,0.00328598855715,40,0.6679091666666667,0.2878647222222222
temporal,across,intact,100,8,0.0086666666666666,0.0004744167209018,0.0030004747962362,40,0.6061419444444445,0.3013830555555555
temporal,across,intact,100,9,0.0079166666666666,0.0004727247200735,0.0029897736433961,40,0.6290988888888889,0.286738611111111
temporal,across,intact,100,10,0.00875,0.000742363784545,0.0046951208231694,40,0.6597675,0.2933113888888888
temporal,across,intact,100,11,0.0091666666666666,0.0007333139080566,0.0046378843786765,40,0.6240600000000001,0.2795544444444444
temporal,across,intact,100,12,0.0079999999999999,0.0005035486605694,0.0031847213602527,40,0.6603516666666667,0.2855719444444444
temporal,across,intact,100,13,0.0079166666666666,0.0004875588940976,0.0030835931976424,40,0.6788394444444446,0.2762927777777778
temporal,across,intact,100,14,0.0080833333333333,0.0006524935733383,0.0041267317007426,40,0.6469288888888889,0.3054838888888889
temporal,across,intact,100,15,0.007,0.0004591581544807,0.0029039711487975,40,0.6098605555555554,0.3058638888888889
temporal,across,intact,100,16,0.0090833333333333,0.0005061938301996,0.0032014508819108,40,0.6475730555555556,0.2950919444444443
temporal,across,intact,100,17,0.0074166666666666,0.0005906139063083,0.0037353703234072,40,0.5978833333333334,0.2745927777777778
temporal,across,intact,100,18,0.0093333333333333,0.0006666666666666,0.0042163702135578,40,0.6386297222222224,0.2998094444444444
temporal,across,intact,100,19,0.0090833333333333,0.0008353607815355,0.0052832854752611,40,0.6246394444444444,0.2899822222222222
temporal,across,intact,100,20,0.00575,0.0004132337211096,0.0026135195293864,40,0.641415277777778,0.2572683333333333
temporal,across,intact,100,21,0.0070833333333333,0.0005228060929505,0.0033065160566748,40,0.6007372222222223,0.2994683333333333
temporal,across,intact,100,22,0.0113333333333333,0.0007040784727049,0.0044529832504804,40,0.6316341666666668,0.2813672222222221
temporal,across,intact,100,23,0.0086666666666666,0.000557262335477,0.0035244364686645,40,0.6467155555555557,0.2928558333333332
temporal,across,intact,100,24,0.009,0.0006449452813645,0.0040789921105803,40,0.6356922222222222,0.2542752777777777
temporal,across,intact,100,25,0.008,0.0006292943635623,0.0039800070151264,40,0.6398441666666668,0.2801375
temporal,across,intact,100,26,0.00625,0.0005228060929505,0.0033065160566748,40,0.6268527777777779,0.3101027777777777
temporal,across,intact,100,27,0.0079166666666666,0.0005808861979155,0.0036738468935369,40,0.6089691666666666,0.2978874999999999
temporal,across,intact,100,28,0.0070833333333333,0.0004166666666666,0.0026352313834736,40,0.6554652777777777,0.2972791666666666
temporal,across,intact,100,29,0.0060833333333333,0.0004447781866589,0.0028130242468036,40,0.589261388888889,0.3046916666666667
temporal,across,intact,100,30,0.0074166666666666,0.0004217636961434,0.0026674678283691,40,0.622856388888889,0.2876213888888888
temporal,across,intact,100,31,0.0084166666666666,0.000642594234667,0.0040641227856813,40,0.6388083333333332,0.3300088888888888
temporal,across,intact,100,32,0.008,0.0005943705521611,0.0037591294379223,40,0.636222777777778,0.2993424999999999
temporal,across,intact,100,33,0.00625,0.000828511692091,0.0052399680301758,40,0.5911691666666666,0.2965794444444444
temporal,across,intact,100,34,0.0078333333333333,0.0005540578101426,0.0035041692709117,40,0.6440205555555555,0.2889577777777777
temporal,across,intact,100,35,0.0075,0.0005168113941217,0.003268602252303,40,0.6235655555555557,0.2820466666666666
temporal,across,intact,100,36,0.0081666666666666,0.0005591762357951,0.0035365410371042,40,0.6349744444444445,0.3009802777777778
temporal,across,intact,100,37,0.0083333333333333,0.0005063696835418,0.0032025630761017,40,0.6660622222222221,0.2729741666666666
temporal,across,intact,100,38,0.0055,0.0004855460696524,0.0030708629780892,40,0.64125,0.2788894444444444
temporal,across,intact,100,39,0.0073333333333333,0.0005364226763936,0.0033926348919345,40,0.6406983333333333,0.3391777777777778
temporal,across,intact,100,40,0.0089166666666666,0.0005771960417875,0.003650508296965,40,0.6459044444444444,0.2885961111111111
temporal,across,intact,100,41,0.00775,0.0004976798018658,0.0031476034387145,40,0.6511441666666666,0.3263869444444444
temporal,across,intact,100,42,0.0064166666666666,0.0004366979828269,0.0027619205506685,40,0.5932033333333333,0.3311841666666667
temporal,across,intact,100,43,0.00625,0.0005747227747412,0.0036348659827084,40,0.6289899999999999,0.3083666666666667
temporal,across,intact,100,44,0.008,0.000557262335477,0.0035244364686645,40,0.6052661111111112,0.3331852777777778
temporal,across,intact,100,45,0.0045,0.0005540578101426,0.0035041692709117,40,0.5842697222222222,0.3089702777777777
temporal,across,intact,100,46,0.0083333333333333,0.0006085806194501,0.0038490017945975,40,0.6408958333333334,0.2717758333333333
temporal,across,intact,100,47,0.0065833333333333,0.0003676269476651,0.0023250769677545,40,0.6356777777777778,0.2878147222222222
temporal,across,intact,100,48,0.0075833333333333,0.0007452365348515,0.0047132896914044,40,0.6075627777777778,0.2985341666666666
temporal,across,intact,100,49,0.0076666666666666,0.0006772661653216,0.0042834073291689,40,0.6365922222222224,0.3531644444444444
temporal,across,intact,100,50,0.009,0.0006772661653216,0.0042834073291689,40,0.601078611111111,0.2938375
temporal,across,intact,100,51,0.0085833333333333,0.0006414848782339,0.0040571065995502,40,0.5983727777777779,0.3093674999999999
temporal,across,intact,100,52,0.0105833333333333,0.0007442801834342,0.0047072411939606,40,0.6456555555555556,0.3077094444444445
temporal,across,intact,100,53,0.0065,0.0007448780469602,0.0047110224149044,40,0.6199991666666667,0.2930622222222221
temporal,across,intact,100,54,0.0086666666666666,0.0004744167209018,0.0030004747962362,40,0.6005383333333334,0.32393
temporal,across,intact,100,55,0.0066666666666666,0.0005469417694282,0.0034591634777518,40,0.6501833333333333,0.2920266666666666
temporal,across,intact,100,56,0.0061666666666666,0.0004393403498655,0.0027786323471804,40,0.6387791666666667,0.3006458333333333
temporal,across,intact,100,57,0.0085833333333333,0.0005454747794744,0.0034498854186348,40,0.629361388888889,0.2996769444444444
temporal,across,intact,100,58,0.01025,0.0006686668711812,0.0042290206176626,40,0.6564205555555558,0.2881030555555555
temporal,across,intact,100,59,0.0075833333333333,0.0004772233913401,0.0030182257386893,40,0.6113247222222224,0.2912574999999999
temporal,across,intact,100,60,0.008,0.0006178724639975,0.0039077685794651,40,0.6239808333333335,0.2949083333333333
temporal,across,intact,100,61,0.01025,0.0007199586487017,0.0045534183020691,40,0.6638030555555554,0.2795269444444444
temporal,across,intact,100,62,0.0090833333333333,0.000620030097606,0.003921414652583,40,0.6428105555555554,0.2878441666666667
temporal,across,intact,100,63,0.00925,0.0007009100718172,0.0044329445237897,40,0.6357419444444444,0.3369663888888888
temporal,across,intact,100,64,0.0065,0.0005056659032384,0.0031981119786399,40,0.6403924999999999,0.367495
temporal,across,intact,100,65,0.0086666666666666,0.000662379376752,0.0041892550113185,40,0.6353577777777779,0.3151030555555555
temporal,across,intact,100,66,0.0084999999999999,0.0005591762357951,0.0035365410371042,40,0.642491388888889,0.3207258333333332
temporal,across,intact,100,67,0.0075,0.0005692750425533,0.0036004114991154,40,0.6198383333333336,0.2939327777777777
temporal,across,intact,100,68,0.0051666666666666,0.0004766633793443,0.003014683911842,40,0.6303741666666667,0.3562747222222223
temporal,across,intact,100,69,0.0068333333333333,0.0006851081807811,0.0043330045897654,40,0.6427372222222223,0.2803483333333333
temporal,across,intact,100,70,0.0085833333333333,0.0005322571942188,0.0033662900694843,40,0.6250847222222222,0.3014899999999999
temporal,across,intact,100,71,0.0075,0.0006172958213483,0.0039041215711303,40,0.5852725000000001,0.2958
temporal,across,intact,100,72,0.0078333333333333,0.0006377265532304,0.0040333368651535,40,0.6212541666666667,0.3083813888888888
temporal,across,intact,100,73,0.00625,0.0007375510026306,0.0046646821177074,40,0.5962561111111112,0.3185513888888889
temporal,across,intact,100,74,0.0046666666666666,0.0004591581544807,0.0029039711487975,40,0.5836880555555556,0.3206261111111111
temporal,across,intact,100,75,0.00725,0.0005187029077928,0.0032805652351551,40,0.6382630555555557,0.3194274999999999
temporal,across,intact,100,76,0.00625,0.0005362566783465,0.0033915850281024,40,0.6146197222222222,0.2977816666666666
temporal,across,intact,100,77,0.0075833333333333,0.0004463766758603,0.0028231339801868,40,0.6441836111111113,0.3389491666666666
temporal,across,intact,100,78,0.0094166666666666,0.0006302839318575,0.0039862655945525,40,0.6421816666666669,0.3259530555555555
temporal,across,intact,100,79,0.0065833333333333,0.0006697312043199,0.0042357520514774,40,0.6284613888888889,0.3115391666666666
temporal,across,intact,100,80,0.0079166666666666,0.0005428570089754,0.0034333291842975,40,0.7073274999999999,0.3164013888888889
temporal,across,intact,100,81,0.0061666666666666,0.0005140476770154,0.003251122970575,40,0.6132275000000001,0.2979830555555555
temporal,across,intact,100,82,0.0056666666666666,0.0005364226763936,0.0033926348919345,40,0.6012677777777778,0.3178325
temporal,across,intact,100,83,0.0065,0.0006531754562429,0.0041310443068946,40,0.5779972222222224,0.3190591666666666
temporal,across,intact,100,84,0.0031666666666666,0.0004295031251026,0.0027164162749691,40,0.6130366666666666,0.2830597222222222
temporal,across,intact,100,85,0.0039166666666666,0.0004284654257727,0.0027098532881513,40,0.6261222222222222,0.3438672222222222
temporal,across,intact,100,86,0.0075,0.0005304140187994,0.0033546328045795,40,0.6169211111111111,0.3183811111111111
temporal,across,intact,100,87,0.0085833333333333,0.0005454747794744,0.0034498854186348,40,0.6484758333333334,0.3404066666666667
temporal,across,intact,100,88,0.0063333333333333,0.000557262335477,0.0035244364686645,40,0.6464466666666667,0.2926494444444444
temporal,across,intact,100,89,0.0059166666666666,0.0005532537786493,0.0034990841292529,40,0.6460011111111112,0.306095
temporal,across,intact,100,90,0.0096666666666666,0.0007716486217454,0.0048803343960904,40,0.6436352777777781,0.2915022222222222
temporal,across,intact,100,91,0.0064166666666666,0.0006470126398497,0.0040920672336869,40,0.6228849999999999,0.3171583333333333
temporal,across,intact,100,92,0.0075,0.0006618415127764,0.0041858532608498,40,0.6333380555555553,0.2997474999999999
temporal,across,intact,100,93,0.0070833333333333,0.0006107710786713,0.0038628554751184,40,0.6145813888888891,0.3158547222222222
temporal,across,intact,100,94,0.0065833333333333,0.0005402265537205,0.0034166927245201,40,0.5817969444444445,0.2844341666666666
temporal,across,intact,100,95,0.0055833333333333,0.000613098942578,0.0038775781791747,40,0.6584066666666667,0.3208738888888889
temporal,across,intact,100,96,0.00625,0.0007471455652859,0.0047253634599954,40,0.6333975000000001,0.343265
temporal,across,intact,100,97,0.0070833333333333,0.0006448072217929,0.0040781189451822,40,0.6191594444444444,0.2993969444444445
temporal,across,intact,100,98,0.0038333333333333,0.0005540578101426,0.0035041692709117,40,0.5887836111111111,0.3667122222222222
temporal,across,intact,100,99,0.0036666666666666,0.000557262335477,0.0035244364686645,40,0.6252691666666667,0.3278233333333333
temporal,across,intact,300,0,0.006750000000000001,8.333333333333332e-05,0.0005270462766947298,40,0.5519575,0.37833916666666667
temporal,across,intact,300,1,0.006666666666666666,1.3888903378525477e-19,8.784113775629649e-19,40,0.5872416666666667,0.4523827777777777
temporal,across,intact,300,2,0.006083333333333334,0.00020281143614815867,0.0012826921475159758,40,0.5594347222222221,0.3949783333333333
temporal,across,intact,300,3,0.006666666666666666,1.3888903378525477e-19,8.784113775629649e-19,40,0.6184016666666666,0.4255688888888889
temporal,across,intact,300,4,0.006666666666666666,1.3888903378525477e-19,8.784113775629649e-19,40,0.663696111111111,0.402181111111111
temporal,across,intact,300,5,0.006666666666666666,1.3888903378525477e-19,8.784113775629649e-19,40,0.5917541666666666,0.40108916666666666
temporal,across,intact,300,6,0.0065833333333333325,8.333333333333332e-05,0.0005270462766947298,40,0.6769744444444444,0.4017616666666667
temporal,across,intact,300,7,0.006666666666666666,1.3888903378525477e-19,8.784113775629649e-19,40,0.7021322222222223,0.3658852777777778
temporal,across,intact,300,8,0.006666666666666666,1.3888903378525477e-19,8.784113775629649e-19,40,0.6814797222222222,0.37641527777777783
temporal,across,intact,300,9,0.006666666666666666,1.3888903378525477e-19,8.784113775629649e-19,40,0.6900180555555556,0.34748805555555556
temporal,across,intact,300,10,0.006666666666666666,1.3888903378525477e-19,8.784113775629649e-19,40,0.6406019444444445,0.38626666666666665
temporal,across,intact,300,11,0.006666666666666666,1.3888903378525477e-19,8.784113775629649e-19,40,0.6977180555555555,0.35295055555555555
temporal,across,intact,300,12,0.006750000000000001,8.333333333333332e-05,0.0005270462766947298,40,0.7052708333333335,0.4145961111111111
temporal,across,intact,300,13,0.006666666666666666,1.3888903378525477e-19,8.784113775629649e-19,40,0.6659780555555554,0.36955333333333334
temporal,across,intact,300,14,0.006666666666666666,1.3888903378525477e-19,8.784113775629649e-19,40,0.6711888888888888,0.3531722222222222
temporal,across,intact,300,15,0.006666666666666666,1.3888903378525477e-19,8.784113775629649e-19,40,0.7259775000000002,0.3664391666666667
temporal,across,intact,300,16,0.006666666666666666,1.3888903378525477e-19,8.784113775629649e-19,40,0.7483824999999998,0.39083472222222226
temporal,across,intact,300,17,0.006666666666666666,1.3888903378525477e-19,8.784113775629649e-19,40,0.6595930555555556,0.31184166666666663
temporal,across,intact,300,18,0.006333333333333332,0.00016012815380508712,0.0010127393670836665,40,0.6655252777777779,0.3898783333333334
temporal,across,intact,300,19,0.006666666666666666,1.3888903378525477e-19,8.784113775629649e-19,40,0.6488469444444445,0.3131463888888889
temporal,across,intact,300,20,0.006666666666666666,1.3888903378525477e-19,8.784113775629649e-19,40,0.7461894444444445,0.35756444444444446
temporal,across,intact,300,21,0.006416666666666668,0.00014058789871449558,0.0008891559427897284,40,0.7267183333333331,0.2972686111111111
temporal,across,intact,300,22,0.006416666666666666,0.00014058789871449558,0.0008891559427897284,40,0.6204058333333333,0.3539083333333333
temporal,across,intact,300,23,0.006666666666666666,1.3888903378525477e-19,8.784113775629649e-19,40,0.6923936111111113,0.38224166666666665
temporal,across,intact,300,24,0.006666666666666666,1.3888903378525477e-19,8.784113775629649e-19,40,0.6696755555555554,0.3819405555555556
temporal,across,intact,300,25,0.006666666666666666,1.3888903378525477e-19,8.784113775629649e-19,40,0.6836144444444445,0.4051758333333333
temporal,across,intact,300,26,0.006666666666666666,1.3888903378525477e-19,8.784113775629649e-19,40,0.6256588888888889,0.4003555555555554
temporal,across,intact,300,27,0.006666666666666666,1.3888903378525477e-19,8.784113775629649e-19,40,0.6964849999999998,0.4181916666666668
temporal,across,intact,300,28,0.006666666666666666,1.3888903378525477e-19,8.784113775629649e-19,40,0.6564174999999999,0.4281005555555556
temporal,across,intact,300,29,0.006666666666666666,1.3888903378525477e-19,8.784113775629649e-19,40,0.6675747222222222,0.4136819444444445
temporal,across,intact,300,30,0.006666666666666666,1.3888903378525477e-19,8.784113775629649e-19,40,0.6136427777777778,0.3721844444444445
temporal,across,intact,300,31,0.006666666666666666,1.3888903378525477e-19,8.784113775629649e-19,40,0.7490863888888889,0.3096977777777778
temporal,across,intact,300,32,0.006666666666666666,1.3888903378525477e-19,8.784113775629649e-19,40,0.721575,0.34624222222222223
temporal,across,intact,300,33,0.006666666666666666,1.3888903378525477e-19,8.784113775629649e-19,40,0.6692163888888889,0.2657927777777778
temporal,across,intact,300,34,0.006666666666666666,1.3888903378525477e-19,8.784113775629649e-19,40,0.7502280555555556,0.4148286111111112
temporal,across,intact,300,35,0.006750000000000001,8.333333333333332e-05,0.0005270462766947298,40,0.7025566666666666,0.4449586111111111
temporal,across,intact,300,36,0.006666666666666666,1.3888903378525477e-19,8.784113775629649e-19,40,0.7106344444444443,0.38306166666666663
temporal,across,intact,300,37,0.006666666666666666,1.3888903378525477e-19,8.784113775629649e-19,40,0.6767138888888888,0.4334236111111111
temporal,across,intact,300,38,0.006666666666666666,1.3888903378525477e-19,8.784113775629649e-19,40,0.6954691666666667,0.33173972222222226
temporal,across,intact,300,39,0.006666666666666666,1.3888903378525477e-19,8.784113775629649e-19,40,0.6455008333333333,0.4056752777777777
temporal,across,intact,300,40,0.0065833333333333325,8.333333333333333e-05,0.0005270462766947299,40,0.6364819444444445,0.3026330555555556
temporal,across,intact,300,41,0.006666666666666666,1.3888903378525477e-19,8.784113775629649e-19,40,0.6485758333333334,0.3986766666666666
temporal,across,intact,300,42,0.006666666666666666,1.3888903378525477e-19,8.784113775629649e-19,40,0.6843219444444443,0.44508472222222223
temporal,across,intact,300,43,0.006666666666666666,1.3888903378525477e-19,8.784113775629649e-19,40,0.6390727777777779,0.34297000000000005
temporal,across,intact,300,44,0.006666666666666666,1.3888903378525477e-19,8.784113775629649e-19,40,0.6984722222222224,0.32026527777777775
temporal,across,intact,300,45,0.006750000000000001,8.333333333333332e-05,0.0005270462766947298,40,0.7214419444444443,0.4006408333333334
temporal,across,intact,300,46,0.006666666666666666,1.3888903378525477e-19,8.784113775629649e-19,40,0.7289683333333332,0.4105797222222223
temporal,across,intact,300,47,0.006666666666666666,1.3888903378525477e-19,8.784113775629649e-19,40,0.6689733333333333,0.26486777777777776
temporal,across,intact,300,48,0.006666666666666666,1.3888903378525477e-19,8.784113775629649e-19,40,0.6361397222222221,0.37310444444444446
temporal,across,intact,300,49,0.006666666666666666,1.3888903378525477e-19,8.784113775629649e-19,40,0.663156388888889,0.3619541666666667
temporal,across,intact,300,50,0.006666666666666666,1.3888903378525477e-19,8.784113775629649e-19,40,0.6748983333333334,0.39117361111111104
temporal,across,intact,300,51,0.006666666666666666,1.3888903378525477e-19,8.784113775629649e-19,40,0.7516888888888887,0.4130361111111111
temporal,across,intact,300,52,0.006500000000000001,0.00011633040674201877,0.000735738092877174,40,0.6236344444444445,0.40978305555555555
temporal,across,intact,300,53,0.006666666666666666,1.3888903378525477e-19,8.784113775629649e-19,40,0.6218741666666665,0.31969166666666676
temporal,across,intact,300,54,0.006666666666666666,1.3888903378525477e-19,8.784113775629649e-19,40,0.700396388888889,0.3834433333333333
temporal,across,intact,300,55,0.006666666666666666,1.3888903378525477e-19,8.784113775629649e-19,40,0.6533805555555556,0.2889177777777778
temporal,across,intact,300,56,0.006666666666666666,1.3888903378525477e-19,8.784113775629649e-19,40,0.6021344444444445,0.4196694444444444
temporal,across,intact,300,57,0.006666666666666666,1.3888903378525477e-19,8.784113775629649e-19,40,0.6390922222222221,0.3551305555555555
temporal,across,intact,300,58,0.006666666666666666,1.3888903378525477e-19,8.784113775629649e-19,40,0.667438333333333,0.3374952777777778
temporal,across,intact,300,59,0.006666666666666666,1.3888903378525477e-19,8.784113775629649e-19,40,0.6303733333333333,0.43429666666666666
temporal,across,intact,300,60,0.006666666666666666,1.3888903378525477e-19,8.784113775629649e-19,40,0.713356388888889,0.2803227777777778
temporal,across,intact,300,61,0.006666666666666666,1.3888903378525477e-19,8.784113775629649e-19,40,0.6620027777777778,0.2599005555555555
temporal,across,intact,300,62,0.006666666666666666,1.3888903378525477e-19,8.784113775629649e-19,40,0.689957222222222,0.3802063888888888
temporal,across,intact,300,63,0.006666666666666666,1.3888903378525477e-19,8.784113775629649e-19,40,0.693932222222222,0.28652777777777777
temporal,across,intact,300,64,0.006666666666666666,1.3888903378525477e-19,8.784113775629649e-19,40,0.6993299999999999,0.33944694444444445
temporal,across,intact,300,65,0.006666666666666666,1.3888903378525477e-19,8.784113775629649e-19,40,0.6174902777777777,0.3549616666666667
temporal,across,intact,300,66,0.006666666666666666,1.3888903378525477e-19,8.784113775629649e-19,40,0.6701838888888887,0.2760427777777778
temporal,across,intact,300,67,0.006666666666666666,1.3888903378525477e-19,8.784113775629649e-19,40,0.7043108333333333,0.29114305555555553
temporal,across,intact,300,68,0.006666666666666666,1.3888903378525477e-19,8.784113775629649e-19,40,0.7173613888888886,0.3386622222222222
temporal,across,intact,300,69,0.006666666666666666,1.3888903378525477e-19,8.784113775629649e-19,40,0.6726305555555555,0.34032222222222225
temporal,across,intact,300,70,0.006666666666666666,1.3888903378525477e-19,8.784113775629649e-19,40,0.7345894444444447,0.377935
temporal,across,intact,300,71,0.006666666666666666,1.3888903378525477e-19,8.784113775629649e-19,40,0.6434925,0.2767719444444444
temporal,across,intact,300,72,0.006,0.0003202563076101743,0.0020254787341673335,40,0.7271280555555556,0.37243861111111115
temporal,across,intact,300,73,0.006666666666666666,1.3888903378525477e-19,8.784113775629649e-19,40,0.7475883333333334,0.3354677777777778
temporal,across,intact,300,74,0.006666666666666666,1.3888903378525477e-19,8.784113775629649e-19,40,0.7114341666666666,0.39792166666666673
temporal,across,intact,300,75,0.006666666666666666,1.3888903378525477e-19,8.784113775629649e-19,40,0.7386916666666667,0.3707719444444445
temporal,across,intact,300,76,0.006666666666666666,1.3888903378525477e-19,8.784113775629649e-19,40,0.6379358333333334,0.36842333333333327
temporal,across,intact,300,77,0.006666666666666666,1.3888903378525477e-19,8.784113775629649e-19,40,0.7004038888888887,0.3197288888888889
temporal,across,intact,300,78,0.006666666666666666,1.3888903378525477e-19,8.784113775629649e-19,40,0.6052608333333334,0.37305222222222234
temporal,across,intact,300,79,0.006666666666666666,1.3888903378525477e-19,8.784113775629649e-19,40,0.6854880555555557,0.4137844444444445
temporal,across,intact,300,80,0.006666666666666666,1.3888903378525477e-19,8.784113775629649e-19,40,0.7301547222222224,0.4125430555555555
temporal,across,intact,300,81,0.006666666666666666,1.3888903378525477e-19,8.784113775629649e-19,40,0.7614016666666664,0.3235483333333333
temporal,across,intact,300,82,0.006666666666666666,1.3888903378525477e-19,8.784113775629649e-19,40,0.7161180555555555,0.37207999999999997
temporal,across,intact,300,83,0.006666666666666666,1.3888903378525477e-19,8.784113775629649e-19,40,0.6575933333333334,0.26472999999999997
temporal,across,intact,300,84,0.006666666666666666,1.3888903378525477e-19,8.784113775629649e-19,40,0.681971388888889,0.28505472222222217
temporal,across,intact,300,85,0.006666666666666666,1.3888903378525477e-19,8.784113775629649e-19,40,0.755185277777778,0.3642808333333333
temporal,across,intact,300,86,0.006666666666666666,1.3888903378525477e-19,8.784113775629649e-19,40,0.694793888888889,0.298285
temporal,across,intact,300,87,0.006666666666666666,1.3888903378525477e-19,8.784113775629649e-19,40,0.6874266666666669,0.3602883333333333
temporal,across,intact,300,88,0.006416666666666668,0.00014058789871449558,0.0008891559427897284,40,0.6819283333333334,0.3482722222222222
temporal,across,intact,300,89,0.0065833333333333325,8.333333333333333e-05,0.0005270462766947299,40,0.6629449999999998,0.31106
temporal,across,intact,300,90,0.006666666666666666,1.3888903378525477e-19,8.784113775629649e-19,40,0.7074649999999999,0.28959361111111115
temporal,across,intact,300,91,0.006666666666666666,1.3888903378525477e-19,8.784113775629649e-19,40,0.711350277777778,0.3304813888888888
temporal,across,intact,300,92,0.006666666666666666,1.3888903378525477e-19,8.784113775629649e-19,40,0.702112222222222,0.29949388888888884
temporal,across,intact,300,93,0.006666666666666666,1.3888903378525477e-19,8.784113775629649e-19,40,0.7030186111111112,0.35204694444444434
temporal,across,intact,300,94,0.006666666666666666,1.3888903378525477e-19,8.784113775629649e-19,40,0.7027263888888887,0.29120333333333337
temporal,across,intact,300,95,0.006666666666666666,1.3888903378525477e-19,8.784113775629649e-19,40,0.6907277777777775,0.34449027777777774
temporal,across,intact,300,96,0.006666666666666666,1.3888903378525477e-19,8.784113775629649e-19,40,0.6553491666666666,0.3918436111111111
temporal,across,intact,300,97,0.006333333333333332,0.0002326608134840376,0.0014714761857543483,40,0.7192244444444443,0.43565166666666677
temporal,across,intact,300,98,0.006666666666666666,1.3888903378525477e-19,8.784113775629649e-19,40,0.6844608333333333,0.3373086111111111
temporal,across,intact,300,99,0.006666666666666666,1.3888903378525477e-19,8.784113775629649e-19,40,0.6842847222222224,0.3703913888888889
temporal,across,intact,300,100,0.006666666666666666,1.3888903378525477e-19,8.784113775629649e-19,40,0.7279355555555558,0.3429416666666667
temporal,across,intact,300,101,0.006666666666666666,1.3888903378525477e-19,8.784113775629649e-19,40,0.7225061111111112,0.38365777777777776
temporal,across,intact,300,102,0.006666666666666666,1.3888903378525477e-19,8.784113775629649e-19,40,0.7235266666666667,0.3668552777777778
temporal,across,intact,300,103,0.006666666666666666,1.3888903378525477e-19,8.784113775629649e-19,40,0.6933816666666665,0.3396719444444444
temporal,across,intact,300,104,0.006666666666666666,1.3888903378525477e-19,8.784113775629649e-19,40,0.723808888888889,0.3639591666666666
temporal,across,intact,300,105,0.006666666666666666,1.3888903378525477e-19,8.784113775629649e-19,40,0.6224780555555555,0.37462916666666674
temporal,across,intact,300,106,0.006666666666666666,1.3888903378525477e-19,8.784113775629649e-19,40,0.6333280555555556,0.40341138888888894
temporal,across,intact,300,107,0.006666666666666666,1.3888903378525477e-19,8.784113775629649e-19,40,0.6654986111111112,0.42462388888888897
temporal,across,intact,300,108,0.006666666666666666,1.3888903378525477e-19,8.784113775629649e-19,40,0.6661758333333334,0.35439972222222216
temporal,across,intact,300,109,0.006666666666666666,1.3888903378525477e-19,8.784113775629649e-19,40,0.6756602777777777,0.28976055555555547
temporal,across,intact,300,110,0.006666666666666666,1.3888903378525477e-19,8.784113775629649e-19,40,0.6918786111111114,0.334565
temporal,across,intact,300,111,0.0065833333333333325,8.333333333333333e-05,0.0005270462766947299,40,0.6463513888888887,0.273675
temporal,across,intact,300,112,0.006666666666666666,1.3888903378525477e-19,8.784113775629649e-19,40,0.7007375000000003,0.362216111111111
temporal,across,intact,300,113,0.006666666666666666,1.3888903378525477e-19,8.784113775629649e-19,40,0.7210433333333335,0.4097963888888888
temporal,across,intact,300,114,0.006666666666666666,1.3888903378525477e-19,8.784113775629649e-19,40,0.7473725,0.31771305555555557
temporal,across,intact,300,115,0.006666666666666666,1.3888903378525477e-19,8.784113775629649e-19,40,0.6362738888888888,0.2958077777777778
temporal,across,intact,300,116,0.006750000000000001,8.333333333333332e-05,0.0005270462766947298,40,0.6472125,0.2805708333333333
temporal,across,intact,300,117,0.006666666666666666,1.3888903378525477e-19,8.784113775629649e-19,40,0.6819019444444443,0.3043827777777778
temporal,across,intact,300,118,0.006666666666666666,1.3888903378525477e-19,8.784113775629649e-19,40,0.7060530555555554,0.36563777777777773
temporal,across,intact,300,119,0.006666666666666666,1.3888903378525477e-19,8.784113775629649e-19,40,0.724232777777778,0.35176722222222223
temporal,across,intact,300,120,0.006666666666666666,1.3888903378525477e-19,8.784113775629649e-19,40,0.736652777777778,0.32229861111111113
temporal,across,intact,300,121,0.006666666666666666,1.3888903378525477e-19,8.784113775629649e-19,40,0.696686388888889,0.3275841666666667
temporal,across,intact,300,122,0.006833333333333333,0.00011633040674201877,0.000735738092877174,40,0.6736536111111111,0.3088658333333333
temporal,across,intact,300,123,0.006666666666666666,1.3888903378525477e-19,8.784113775629649e-19,40,0.7090824999999998,0.35632055555555553
temporal,across,intact,300,124,0.006666666666666666,1.3888903378525477e-19,8.784113775629649e-19,40,0.6154249999999999,0.41529333333333335
temporal,across,intact,300,125,0.006666666666666666,1.3888903378525477e-19,8.784113775629649e-19,40,0.664577222222222,0.34750249999999994
temporal,across,intact,300,126,0.006750000000000001,8.333333333333332e-05,0.0005270462766947298,40,0.6654366666666668,0.31713416666666666
temporal,across,intact,300,127,0.006666666666666666,1.3888903378525477e-19,8.784113775629649e-19,40,0.6946225000000001,0.3946211111111112
temporal,across,intact,300,128,0.006666666666666666,1.3888903378525477e-19,8.784113775629649e-19,40,0.6691000000000003,0.30382972222222226
temporal,across,intact,300,129,0.006666666666666666,1.3888903378525477e-19,8.784113775629649e-19,40,0.7402272222222223,0.36900722222222215
temporal,across,intact,300,130,0.006666666666666666,1.3888903378525477e-19,8.784113775629649e-19,40,0.6957411111111111,0.35108444444444437
temporal,across,intact,300,131,0.006666666666666666,1.3888903378525477e-19,8.784113775629649e-19,40,0.7437797222222226,0.3390669444444444
temporal,across,intact,300,132,0.006666666666666666,1.3888903378525477e-19,8.784113775629649e-19,40,0.7110841666666671,0.35058805555555556
temporal,across,intact,300,133,0.0069166666666666664,0.00014058789871449555,0.0008891559427897282,40,0.7034913888888891,0.3174944444444444
temporal,across,intact,300,134,0.006,0.0003202563076101743,0.0020254787341673335,40,0.7553019444444443,0.38244888888888895
temporal,across,intact,300,135,0.006333333333333332,0.00023266081348403763,0.0014714761857543485,40,0.6763947222222221,0.2694508333333333
temporal,across,intact,300,136,0.006666666666666666,1.3888903378525477e-19,8.784113775629649e-19,40,0.7006091666666668,0.33277055555555557
temporal,across,intact,300,137,0.006666666666666666,1.3888903378525477e-19,8.784113775629649e-19,40,0.6877213888888889,0.2909488888888888
temporal,across,intact,300,138,0.006666666666666666,1.3888903378525477e-19,8.784113775629649e-19,40,0.6675169444444446,0.3538661111111111
temporal,across,intact,300,139,0.006666666666666666,1.3888903378525477e-19,8.784113775629649e-19,40,0.7331919444444446,0.3020625
temporal,across,intact,300,140,0.007083333333333333,0.0001765246970284007,0.001116440211761806,40,0.6920863888888891,0.28927749999999997
temporal,across,intact,300,141,0.006666666666666666,1.3888903378525477e-19,8.784113775629649e-19,40,0.7223180555555555,0.29219055555555556
temporal,across,intact,300,142,0.006666666666666666,1.3888903378525477e-19,8.784113775629649e-19,40,0.7022141666666665,0.2938316666666666
temporal,across,intact,300,143,0.006666666666666666,1.3888903378525477e-19,8.784113775629649e-19,40,0.6843469444444447,0.3096886111111111
temporal,across,intact,300,144,0.006666666666666666,1.3888903378525477e-19,8.784113775629649e-19,40,0.7406766666666668,0.34934222222222217
temporal,across,intact,300,145,0.006666666666666666,1.3888903378525477e-19,8.784113775629649e-19,40,0.7200130555555554,0.32744416666666665
temporal,across,intact,300,146,0.006500000000000001,0.00011633040674201877,0.000735738092877174,40,0.6497105555555555,0.3254402777777778
temporal,across,intact,300,147,0.006666666666666666,1.3888903378525477e-19,8.784113775629649e-19,40,0.6735130555555555,0.30021583333333335
temporal,across,intact,300,148,0.006666666666666666,1.3888903378525477e-19,8.784113775629649e-19,40,0.6728922222222223,0.3698022222222222
temporal,across,intact,300,149,0.006666666666666666,1.3888903378525477e-19,8.784113775629649e-19,40,0.6595330555555554,0.32524555555555557
temporal,across,intact,300,150,0.006666666666666666,1.3888903378525477e-19,8.784113775629649e-19,40,0.7068886111111111,0.31636555555555546
temporal,across,intact,300,151,0.006666666666666666,1.3888903378525477e-19,8.784113775629649e-19,40,0.7179694444444444,0.32117416666666665
temporal,across,intact,300,152,0.006666666666666666,1.3888903378525477e-19,8.784113775629649e-19,40,0.6896247222222222,0.39880555555555564
temporal,across,intact,300,153,0.006666666666666666,1.3888903378525477e-19,8.784113775629649e-19,40,0.6809388888888888,0.37122666666666665
temporal,across,intact,300,154,0.006833333333333333,0.00011633040674201877,0.000735738092877174,40,0.6788505555555554,0.2792177777777777
temporal,across,intact,300,155,0.006666666666666666,1.3888903378525477e-19,8.784113775629649e-19,40,0.6476875000000002,0.32779194444444437
temporal,across,intact,300,156,0.006666666666666666,1.3888903378525477e-19,8.784113775629649e-19,40,0.6848447222222224,0.37618333333333337
temporal,across,intact,300,157,0.006666666666666666,1.3888903378525477e-19,8.784113775629649e-19,40,0.7045838888888889,0.3903138888888888
temporal,across,intact,300,158,0.006666666666666666,1.3888903378525477e-19,8.784113775629649e-19,40,0.6724569444444444,0.3464549999999999
temporal,across,intact,300,159,0.006666666666666666,1.3888903378525477e-19,8.784113775629649e-19,40,0.7037155555555555,0.2818175
temporal,across,intact,300,160,0.006666666666666666,1.3888903378525477e-19,8.784113775629649e-19,40,0.6293552777777778,0.3772136111111111
temporal,across,intact,300,161,0.006666666666666666,1.3888903378525477e-19,8.784113775629649e-19,40,0.7155572222222222,0.3004638888888888
temporal,across,intact,300,162,0.006333333333333332,0.00023266081348403763,0.0014714761857543485,40,0.6969380555555554,0.28883833333333336
temporal,across,intact,300,163,0.006,0.0003202563076101743,0.0020254787341673335,40,0.7557058333333335,0.32579277777777776
temporal,across,intact,300,164,0.006666666666666666,1.3888903378525477e-19,8.784113775629649e-19,40,0.6358319444444446,0.2922041666666667
temporal,across,intact,300,165,0.006666666666666666,0.00011935247900657214,0.0007548513560963971,40,0.6469980555555557,0.27575138888888884
temporal,across,intact,300,166,0.006666666666666666,1.3888903378525477e-19,8.784113775629649e-19,40,0.7389400000000002,0.3990341666666666
temporal,across,intact,300,167,0.006666666666666666,1.3888903378525477e-19,8.784113775629649e-19,40,0.6737699999999999,0.40302277777777784
temporal,across,intact,300,168,0.006666666666666666,1.3888903378525477e-19,8.784113775629649e-19,40,0.6936394444444446,0.34095361111111105
temporal,across,intact,300,169,0.006666666666666666,1.3888903378525477e-19,8.784113775629649e-19,40,0.7033219444444445,0.36050611111111114
temporal,across,intact,300,170,0.006666666666666666,1.3888903378525477e-19,8.784113775629649e-19,40,0.68986,0.4209777777777779
temporal,across,intact,300,171,0.006666666666666666,0.00011935247900657214,0.0007548513560963971,40,0.7235750000000003,0.3719141666666666
temporal,across,intact,300,172,0.0065833333333333325,8.333333333333333e-05,0.0005270462766947299,40,0.7795197222222223,0.32319722222222225
temporal,across,intact,300,173,0.0069166666666666664,0.00014058789871449555,0.0008891559427897283,40,0.7045219444444445,0.42510166666666666
temporal,across,intact,300,174,0.006666666666666666,1.3888903378525477e-19,8.784113775629649e-19,40,0.6793755555555553,0.34300388888888894
temporal,across,intact,300,175,0.006666666666666666,1.3888903378525477e-19,8.784113775629649e-19,40,0.6844830555555554,0.343035
temporal,across,intact,300,176,0.006,0.0003202563076101743,0.0020254787341673335,40,0.7167619444444442,0.30725027777777775
temporal,across,intact,300,177,0.006666666666666666,1.3888903378525477e-19,8.784113775629649e-19,40,0.6693208333333335,0.36973111111111107
temporal,across,intact,300,178,0.006666666666666666,1.3888903378525477e-19,8.784113775629649e-19,40,0.6630036111111112,0.33203944444444444
temporal,across,intact,300,179,0.0061666666666666675,0.00019059062496562187,0.0012054009511326318,40,0.6921941666666666,0.3159380555555555
temporal,across,intact,300,180,0.006666666666666666,1.3888903378525477e-19,8.784113775629649e-19,40,0.6824594444444445,0.3568147222222222
temporal,across,intact,300,181,0.006666666666666666,1.3888903378525477e-19,8.784113775629649e-19,40,0.6598547222222221,0.29816722222222225
temporal,across,intact,300,182,0.0065833333333333325,8.333333333333332e-05,0.0005270462766947298,40,0.6632380555555556,0.37500527777777776
temporal,across,intact,300,183,0.006500000000000001,0.00011633040674201877,0.000735738092877174,40,0.691256111111111,0.37923166666666663
temporal,across,intact,300,184,0.0065833333333333325,8.333333333333332e-05,0.0005270462766947298,40,0.7106452777777781,0.28088638888888895
temporal,across,intact,300,185,0.006666666666666666,1.3888903378525477e-19,8.784113775629649e-19,40,0.712570277777778,0.3435605555555555
temporal,across,intact,300,186,0.006666666666666666,1.3888903378525477e-19,8.784113775629649e-19,40,0.6571880555555558,0.3689191666666667
temporal,across,intact,300,187,0.006666666666666666,1.3888903378525477e-19,8.784113775629649e-19,40,0.7125041666666666,0.3576161111111111
temporal,across,intact,300,188,0.006666666666666666,1.3888903378525477e-19,8.784113775629649e-19,40,0.6696219444444445,0.3331458333333333
temporal,across,intact,300,189,0.006666666666666666,1.3888903378525477e-19,8.784113775629649e-19,40,0.7177675000000002,0.3407272222222222
temporal,across,intact,300,190,0.006666666666666666,1.3888903378525477e-19,8.784113775629649e-19,40,0.7556788888888889,0.32913555555555557
temporal,across,intact,300,191,0.006666666666666666,1.3888903378525477e-19,8.784113775629649e-19,40,0.7434447222222225,0.40189416666666666
temporal,across,intact,300,192,0.006666666666666666,1.3888903378525477e-19,8.784113775629649e-19,40,0.7606388888888889,0.3105919444444445
temporal,across,intact,300,193,0.006666666666666666,1.3888903378525477e-19,8.784113775629649e-19,40,0.7084216666666666,0.3412180555555555
temporal,across,intact,300,194,0.006666666666666666,1.3888903378525477e-19,8.784113775629649e-19,40,0.7340850000000003,0.2833644444444444
temporal,across,intact,300,195,0.006666666666666666,1.3888903378525477e-19,8.784113775629649e-19,40,0.7136116666666664,0.2966952777777777
temporal,across,intact,300,196,0.0065833333333333325,8.333333333333333e-05,0.0005270462766947299,40,0.6284288888888889,0.34236055555555556
temporal,across,intact,300,197,0.006666666666666666,1.3888903378525477e-19,8.784113775629649e-19,40,0.7453505555555557,0.31541416666666666
temporal,across,intact,300,198,0.006083333333333334,0.00020281143614815867,0.0012826921475159758,40,0.6684544444444444,0.3367927777777778
temporal,across,intact,300,199,0.006666666666666666,1.3888903378525477e-19,8.784113775629649e-19,40,0.7449236111111112,0.29995916666666667
temporal,across,intact,300,200,0.006666666666666666,1.3888903378525477e-19,8.784113775629649e-19,40,0.6617819444444443,0.3387575
temporal,across,intact,300,201,0.006666666666666666,1.3888903378525477e-19,8.784113775629649e-19,40,0.7652016666666667,0.2889508333333334
temporal,across,intact,300,202,0.006666666666666666,1.3888903378525477e-19,8.784113775629649e-19,40,0.6888258333333334,0.30835111111111113
temporal,across,intact,300,203,0.0065833333333333325,8.333333333333332e-05,0.0005270462766947298,40,0.6838586111111112,0.2599136111111111
temporal,across,intact,300,204,0.006666666666666666,1.3888903378525477e-19,8.784113775629649e-19,40,0.7097094444444443,0.31290305555555553
temporal,across,intact,300,205,0.006666666666666666,1.3888903378525477e-19,8.784113775629649e-19,40,0.684825,0.28583444444444445
temporal,across,intact,300,206,0.007166666666666667,0.00025458753860865775,0.0016101529717988264,40,0.6230847222222223,0.3315927777777778
temporal,across,intact,300,207,0.006750000000000001,8.333333333333332e-05,0.0005270462766947298,40,0.7228727777777777,0.37942055555555554
temporal,across,intact,300,208,0.006666666666666666,1.3888903378525477e-19,8.784113775629649e-19,40,0.6708538888888891,0.3306252777777778
temporal,across,intact,300,209,0.006666666666666666,1.3888903378525477e-19,8.784113775629649e-19,40,0.7277722222222224,0.3017808333333334
temporal,across,intact,300,210,0.006666666666666666,1.3888903378525477e-19,8.784113775629649e-19,40,0.7060952777777778,0.2645572222222222
temporal,across,intact,300,211,0.006666666666666666,1.3888903378525477e-19,8.784113775629649e-19,40,0.614478888888889,0.3279436111111111
temporal,across,intact,300,212,0.006666666666666666,1.3888903378525477e-19,8.784113775629649e-19,40,0.6855877777777778,0.39847611111111114
temporal,across,intact,300,213,0.006666666666666666,1.3888903378525477e-19,8.784113775629649e-19,40,0.6807994444444445,0.39140305555555555
temporal,across,intact,300,214,0.006666666666666666,1.3888903378525477e-19,8.784113775629649e-19,40,0.6288902777777777,0.3531255555555556
temporal,across,intact,300,215,0.006750000000000001,8.333333333333332e-05,0.0005270462766947298,40,0.6638997222222223,0.3462119444444444
temporal,across,intact,300,216,0.006666666666666666,1.3888903378525477e-19,8.784113775629649e-19,40,0.7491808333333336,0.3906549999999999
temporal,across,intact,300,217,0.006666666666666666,1.3888903378525477e-19,8.784113775629649e-19,40,0.703240277777778,0.32919111111111105
temporal,across,intact,300,218,0.006666666666666666,1.3888903378525477e-19,8.784113775629649e-19,40,0.7323605555555552,0.3168883333333333
temporal,across,intact,300,219,0.006666666666666666,1.3888903378525477e-19,8.784113775629649e-19,40,0.714318611111111,0.28762277777777784
temporal,across,intact,300,220,0.006666666666666666,1.3888903378525477e-19,8.784113775629649e-19,40,0.7032216666666666,0.3173541666666667
temporal,across,intact,300,221,0.006,0.0003202563076101743,0.0020254787341673335,40,0.7769338888888891,0.3431008333333333
temporal,across,intact,300,222,0.006666666666666666,1.3888903378525477e-19,8.784113775629649e-19,40,0.7253533333333333,0.33033194444444447
temporal,across,intact,300,223,0.006666666666666666,1.3888903378525477e-19,8.784113775629649e-19,40,0.7579125000000002,0.3421575
temporal,across,intact,300,224,0.006666666666666666,1.3888903378525477e-19,8.784113775629649e-19,40,0.7351694444444443,0.29181194444444436
temporal,across,intact,300,225,0.006666666666666666,1.3888903378525477e-19,8.784113775629649e-19,40,0.7014749999999998,0.3181516666666666
temporal,across,intact,300,226,0.006666666666666666,1.3888903378525477e-19,8.784113775629649e-19,40,0.6748572222222221,0.2628405555555556
temporal,across,intact,300,227,0.006333333333333332,0.00016012815380508712,0.0010127393670836665,40,0.6884747222222223,0.3295327777777778
temporal,across,intact,300,228,0.006750000000000001,8.333333333333332e-05,0.0005270462766947298,40,0.6670075,0.33029694444444446
temporal,across,intact,300,229,0.006666666666666666,1.3888903378525477e-19,8.784113775629649e-19,40,0.6801225,0.3507225
temporal,across,intact,300,230,0.006666666666666666,1.3888903378525477e-19,8.784113775629649e-19,40,0.7347222222222227,0.27865
temporal,across,intact,300,231,0.006666666666666666,1.3888903378525477e-19,8.784113775629649e-19,40,0.704318611111111,0.34039888888888886
temporal,across,intact,300,232,0.006666666666666666,1.3888903378525477e-19,8.784113775629649e-19,40,0.6409180555555556,0.2890377777777778
temporal,across,intact,300,233,0.0065833333333333325,8.333333333333332e-05,0.0005270462766947298,40,0.7002491666666668,0.2916019444444444
temporal,across,intact,300,234,0.006666666666666666,1.3888903378525477e-19,8.784113775629649e-19,40,0.6824613888888889,0.29221722222222224
temporal,across,intact,300,235,0.006666666666666666,1.3888903378525477e-19,8.784113775629649e-19,40,0.6584063888888889,0.3939316666666667
temporal,across,intact,300,236,0.0065833333333333325,8.333333333333332e-05,0.0005270462766947298,40,0.7514613888888888,0.344365
temporal,across,intact,300,237,0.006666666666666666,1.3888903378525477e-19,8.784113775629649e-19,40,0.683936388888889,0.2959302777777778
temporal,across,intact,300,238,0.006666666666666666,1.3888903378525477e-19,8.784113775629649e-19,40,0.6518283333333332,0.3872149999999999
temporal,across,intact,300,239,0.006666666666666666,1.3888903378525477e-19,8.784113775629649e-19,40,0.7039941666666667,0.33555833333333335
temporal,across,intact,300,240,0.006666666666666666,1.3888903378525477e-19,8.784113775629649e-19,40,0.6781155555555552,0.3204283333333333
temporal,across,intact,300,241,0.006666666666666666,1.3888903378525477e-19,8.784113775629649e-19,40,0.6789311111111112,0.3464597222222222
temporal,across,intact,300,242,0.006666666666666666,1.3888903378525477e-19,8.784113775629649e-19,40,0.6798669444444445,0.41703277777777775
temporal,across,intact,300,243,0.006666666666666666,1.3888903378525477e-19,8.784113775629649e-19,40,0.7364536111111113,0.29119027777777773
temporal,across,intact,300,244,0.006666666666666666,1.3888903378525477e-19,8.784113775629649e-19,40,0.6421327777777778,0.29216222222222227
temporal,across,intact,300,245,0.006833333333333333,0.00011633040674201877,0.000735738092877174,40,0.6886330555555557,0.3326533333333333
temporal,across,intact,300,246,0.006666666666666666,1.3888903378525477e-19,8.784113775629649e-19,40,0.6894991666666668,0.31508
temporal,across,intact,300,247,0.006666666666666666,1.3888903378525477e-19,8.784113775629649e-19,40,0.7365280555555553,0.36938527777777774
temporal,across,intact,300,248,0.006666666666666666,1.3888903378525477e-19,8.784113775629649e-19,40,0.7352941666666665,0.3600505555555556
temporal,across,intact,300,249,0.006666666666666666,1.3888903378525477e-19,8.784113775629649e-19,40,0.7712158333333331,0.3999258333333334
temporal,across,intact,300,250,0.006500000000000001,0.00011633040674201877,0.000735738092877174,40,0.656672777777778,0.2860483333333333
temporal,across,intact,300,251,0.006666666666666666,1.3888903378525477e-19,8.784113775629649e-19,40,0.7182675000000002,0.3832908333333334
temporal,across,intact,300,252,0.006833333333333333,0.00011633040674201877,0.000735738092877174,40,0.6439475000000001,0.37501166666666663
temporal,across,intact,300,253,0.006666666666666666,1.3888903378525477e-19,8.784113775629649e-19,40,0.707376666666667,0.3295155555555555
temporal,across,intact,300,254,0.006666666666666666,1.3888903378525477e-19,8.784113775629649e-19,40,0.7459105555555559,0.36024305555555547
temporal,across,intact,300,255,0.006666666666666666,1.3888903378525477e-19,8.784113775629649e-19,40,0.7766830555555557,0.34577194444444437
temporal,across,intact,300,256,0.006666666666666666,1.3888903378525477e-19,8.784113775629649e-19,40,0.7653111111111114,0.33928249999999993
temporal,across,intact,300,257,0.006666666666666666,1.3888903378525477e-19,8.784113775629649e-19,40,0.7136597222222223,0.2970094444444445
temporal,across,intact,300,258,0.006666666666666666,1.3888903378525477e-19,8.784113775629649e-19,40,0.7164958333333333,0.3163472222222222
temporal,across,intact,300,259,0.006666666666666666,1.3888903378525477e-19,8.784113775629649e-19,40,0.7678833333333334,0.3556711111111111
temporal,across,intact,300,260,0.006666666666666666,1.3888903378525477e-19,8.784113775629649e-19,40,0.7093952777777779,0.3170616666666667
temporal,across,intact,300,261,0.0069166666666666664,0.00021967017493275173,0.0013893161735902416,40,0.6590125,0.40005527777777783
temporal,across,intact,300,262,0.006666666666666666,1.3888903378525477e-19,8.784113775629649e-19,40,0.6933044444444446,0.3191116666666667
temporal,across,intact,300,263,0.006666666666666666,1.3888903378525477e-19,8.784113775629649e-19,40,0.7286391666666668,0.3071866666666666
temporal,across,intact,300,264,0.0065833333333333325,8.333333333333332e-05,0.0005270462766947298,40,0.6718319444444443,0.3719125
temporal,across,intact,300,265,0.00625,0.0002130867966486495,0.0013476792334377332,40,0.6176858333333334,0.3576827777777778
temporal,across,intact,300,266,0.006666666666666666,1.3888903378525477e-19,8.784113775629649e-19,40,0.717913888888889,0.3213080555555556
temporal,across,intact,300,267,0.006666666666666666,1.3888903378525477e-19,8.784113775629649e-19,40,0.6832094444444445,0.34726777777777773
temporal,across,intact,300,268,0.006666666666666666,1.3888903378525477e-19,8.784113775629649e-19,40,0.6918983333333334,0.3596941666666667
temporal,across,intact,300,269,0.0065833333333333325,8.333333333333332e-05,0.0005270462766947298,40,0.6713549999999999,0.33477833333333334
temporal,across,intact,300,270,0.006666666666666666,1.3888903378525477e-19,8.784113775629649e-19,40,0.6424719444444446,0.3111558333333333
temporal,across,intact,300,271,0.006666666666666666,1.3888903378525477e-19,8.784113775629649e-19,40,0.7231216666666668,0.33722861111111113
temporal,across,intact,300,272,0.006666666666666666,1.3888903378525477e-19,8.784113775629649e-19,40,0.7456002777777779,0.2790575
temporal,across,intact,300,273,0.006666666666666666,1.3888903378525477e-19,8.784113775629649e-19,40,0.7390788888888894,0.33643499999999993
temporal,across,intact,300,274,0.00575,0.000337315951715971,0.0021333733970597016,40,0.7197705555555555,0.3290624999999999
temporal,across,intact,300,275,0.006666666666666666,1.3888903378525477e-19,8.784113775629649e-19,40,0.7153577777777779,0.3502052777777778
temporal,across,intact,300,276,0.0061666666666666675,0.0002811757974289911,0.0017783118855794566,40,0.6985536111111109,0.3254408333333333
temporal,across,intact,300,277,0.006333333333333332,0.0002326608134840376,0.0014714761857543483,40,0.7717750000000003,0.3593627777777777
temporal,across,intact,300,278,0.006333333333333332,0.0002326608134840376,0.0014714761857543483,40,0.6686344444444443,0.3949719444444445
temporal,across,intact,300,279,0.006333333333333334,0.00016012815380508712,0.0010127393670836665,40,0.728483888888889,0.3040511111111111
temporal,across,intact,300,280,0.006666666666666666,1.3888903378525477e-19,8.784113775629649e-19,40,0.7059397222222221,0.3371725
temporal,across,intact,300,281,0.006666666666666666,1.3888903378525477e-19,8.784113775629649e-19,40,0.7216533333333334,0.32254555555555553
temporal,across,intact,300,282,0.006333333333333332,0.00023266081348403763,0.0014714761857543485,40,0.6742291666666667,0.34251361111111106
temporal,across,intact,300,283,0.0065833333333333325,8.333333333333333e-05,0.0005270462766947299,40,0.7056683333333333,0.2855361111111111
temporal,across,intact,300,284,0.0069166666666666664,0.00014058789871449555,0.0008891559427897283,40,0.634926111111111,0.26835611111111113
temporal,across,intact,300,285,0.006666666666666666,1.3888903378525477e-19,8.784113775629649e-19,40,0.7027647222222223,0.3687697222222222
temporal,across,intact,300,286,0.006666666666666666,1.3888903378525477e-19,8.784113775629649e-19,40,0.7375208333333336,0.2811905555555555
temporal,across,intact,300,287,0.006666666666666666,1.3888903378525477e-19,8.784113775629649e-19,40,0.7265247222222226,0.3941580555555556
temporal,across,intact,300,288,0.006333333333333332,0.00023266081348403763,0.0014714761857543485,40,0.7225997222222222,0.3217525
temporal,across,intact,300,289,0.006666666666666666,1.3888903378525477e-19,8.784113775629649e-19,40,0.7365997222222223,0.36884055555555556
temporal,across,intact,300,290,0.006666666666666666,1.3888903378525477e-19,8.784113775629649e-19,40,0.7398897222222224,0.394165
temporal,across,intact,300,291,0.006666666666666666,1.3888903378525477e-19,8.784113775629649e-19,40,0.6884094444444443,0.2758236111111111
temporal,across,intact,300,292,0.006666666666666666,1.3888903378525477e-19,8.784113775629649e-19,40,0.7291327777777776,0.2901302777777777
temporal,across,intact,300,293,0.006666666666666666,1.3888903378525477e-19,8.784113775629649e-19,40,0.7759438888888887,0.35937027777777775
temporal,across,intact,300,294,0.006,0.0003202563076101743,0.0020254787341673335,40,0.7358416666666667,0.35846999999999996
temporal,across,intact,300,295,0.006666666666666666,1.3888903378525477e-19,8.784113775629649e-19,40,0.6530369444444446,0.27979638888888886
temporal,across,intact,300,296,0.006666666666666666,1.3888903378525477e-19,8.784113775629649e-19,40,0.6927555555555558,0.34420472222222226
temporal,across,intact,300,297,0.006333333333333332,0.0002326608134840376,0.0014714761857543483,40,0.7007855555555557,0.26934916666666664
temporal,across,intact,300,298,0.004833333333333334,0.0004614791034954486,0.0029186501192363773,40,0.7119033333333336,0.2810958333333334
temporal,across,intact,300,299,0.006333333333333332,0.0002326608134840376,0.0014714761857543483,40,0.7109919444444444,0.3062830555555556
temporal,across,rest,5,0,0.0046666666666666,0.0005699002761767,0.0036043658237549,40,0.5749836111111111,0.3095408333333333
temporal,across,rest,5,1,0.0058333333333333,0.00058165203371,0.0036786904643858,40,0.5377561111111111,0.3382761111111111
temporal,across,rest,5,2,0.00375,0.0005869849078564,0.003712418521941,40,0.4827972222222224,0.3241311111111111
temporal,across,rest,5,3,0.0009166666666666,0.0002665464472601,0.001685787751136,40,0.4577905555555556,0.3260744444444444
temporal,across,rest,5,4,0.0052499999999999,0.0006947862406725,0.0043942140149424,40,0.5400730555555556,0.318543611111111
temporal,across,rest,10,0,0.0098333333333333,0.0007255020856987,0.0045884780760216,40,0.6280927777777778,0.340886111111111
temporal,across,rest,10,1,0.0054166666666666,0.0007029394935724,0.0044457797139486,40,0.5862597222222223,0.3065547222222222
temporal,across,rest,10,2,0.004,0.0006338054920158,0.0040085378965872,40,0.5441397222222222,0.3165680555555555
temporal,across,rest,10,3,0.0030833333333333,0.0005255237517707,0.003323704040225,40,0.5361147222222222,0.327116111111111
temporal,across,rest,10,4,0.0041666666666666,0.0005028409319546,0.0031802452914767,40,0.5269163888888889,0.3281088888888889
temporal,across,rest,10,5,0.00225,0.0004527141951056,0.0028632159712473,40,0.5205336111111112,0.3320808333333334
temporal,across,rest,10,6,0.0041666666666666,0.0005692750425533,0.0036004114991154,40,0.5750847222222223,0.3150116666666666
temporal,across,rest,10,7,0.006,0.000756736131455,0.0047860195262851,40,0.5823269444444444,0.3221358333333333
temporal,across,rest,10,8,0.00225,0.0005255237517707,0.003323704040225,40,0.5331716666666667,0.3269413888888889
temporal,across,rest,10,9,0.0036666666666666,0.000662379376752,0.0041892550113185,40,0.5254597222222221,0.3104244444444445
temporal,across,rest,25,0,0.0076666666666666,0.0005495400822454,0.0034755966509035,40,0.616248888888889,0.3494419444444444
temporal,across,rest,25,1,0.0030833333333333,0.0004831564663131,0.0030557497995756,40,0.5377369444444444,0.3164391666666667
temporal,across,rest,25,2,0.0055833333333333,0.0007584988548577,0.0047971679679599,40,0.5401938888888889,0.3216694444444443
temporal,across,rest,25,3,0.00275,0.0005709927876363,0.0036112754729195,40,0.4973738888888889,0.3321172222222222
temporal,across,rest,25,4,0.007,0.0007434423667686,0.0047019423761103,40,0.5872769444444444,0.2974980555555556
temporal,across,rest,25,5,0.0033333333333333,0.0004921028776234,0.0031123318728261,40,0.5010844444444444,0.320336111111111
temporal,across,rest,25,6,0.0015833333333333,0.0003771897132373,0.0023855572076316,40,0.4755558333333334,0.3520663888888889
temporal,across,rest,25,7,0.0042499999999999,0.0005845530593558,0.0036970381615681,40,0.5033977777777778,0.3263952777777777
temporal,across,rest,25,8,0.0036666666666666,0.0005175000172041,0.0032729574870827,40,0.5172922222222222,0.3324091666666666
temporal,across,rest,25,9,0.0026666666666666,0.000465321626968,0.0029429523715086,40,0.4801783333333334,0.3272822222222222
temporal,across,rest,25,10,0.0028333333333333,0.0004056228722963,0.0025653842950319,40,0.548656388888889,0.3167019444444444
temporal,across,rest,25,11,0.005,0.0005723943812052,0.0036201399289824,40,0.5468455555555556,0.3299649999999999
temporal,across,rest,25,12,0.0042499999999999,0.000642594234667,0.0040641227856813,40,0.5110833333333333,0.3254794444444444
temporal,across,rest,25,13,0.00525,0.0006188802957865,0.0039141426673682,40,0.577285,0.3157744444444444
temporal,across,rest,25,14,0.0026666666666666,0.0003994297930101,0.0025262158224835,40,0.5591586111111111,0.3283069444444444
temporal,across,rest,25,15,0.00525,0.0005322571942188,0.0033662900694843,40,0.508226111111111,0.3378916666666667
temporal,across,rest,25,16,0.0034166666666666,0.0004846283858428,0.0030650590360687,40,0.5118963888888889,0.3292055555555556
temporal,across,rest,25,17,0.0028333333333333,0.0005,0.0031622776601683,40,0.4722930555555555,0.3336527777777777
temporal,across,rest,25,18,0.003,0.0004744167209018,0.0030004747962362,40,0.5260255555555554,0.32392
temporal,across,rest,25,19,0.0025,0.0005304140187994,0.0033546328045795,40,0.4595272222222222,0.3403986111111111
temporal,across,rest,25,20,0.0030833333333333,0.0005647213971599,0.0035716117169158,40,0.5715052777777777,0.3204419444444444
temporal,across,rest,25,21,0.0036666666666666,0.0004591581544807,0.0029039711487975,40,0.5381761111111112,0.3252594444444444
temporal,across,rest,25,22,0.0021666666666666,0.0004706484585228,0.0029766422123592,40,0.567238888888889,0.3153488888888889
temporal,across,rest,25,23,0.0056666666666666,0.0006109168300344,0.0038637772876778,40,0.5566405555555555,0.3196691666666666
temporal,across,rest,25,24,0.0054166666666666,0.0006823737268783,0.0043157103847867,40,0.536865,0.3266980555555555
temporal,across,rest,50,0,0.0080833333333333,0.0005187029077928,0.0032805652351551,40,0.6001941666666666,0.3247119444444444
temporal,across,rest,50,1,0.0045,0.0005,0.0031622776601683,40,0.5562533333333334,0.2974438888888889
temporal,across,rest,50,2,0.0050833333333333,0.0006750276980705,0.0042692500192066,40,0.5516491666666667,0.3258641666666667
temporal,across,rest,50,3,0.0045,0.0006032910690206,0.0038155477402863,40,0.5425216666666667,0.3334613888888889
temporal,across,rest,50,4,0.0025833333333333,0.0004045239191192,0.0025584339048691,40,0.526168611111111,0.3247986111111111
temporal,across,rest,50,5,0.0025833333333333,0.0005532537786493,0.0034990841292529,40,0.5047275,0.3371508333333334
temporal,across,rest,50,6,0.0080833333333333,0.0005709927876363,0.0036112754729195,40,0.6005141666666669,0.3058613888888889
temporal,across,rest,50,7,0.0043333333333333,0.0005091750772173,0.0032203059435976,40,0.5437119444444444,0.3265908333333333
temporal,across,rest,50,8,0.0045,0.0005540578101426,0.0035041692709117,40,0.5151899999999999,0.3494016666666667
temporal,across,rest,50,9,0.0046666666666666,0.0006062354060275,0.0038341693625679,40,0.5532813888888889,0.3205327777777778
temporal,across,rest,50,10,0.00225,0.0004200715581423,0.0026567658079711,40,0.4744855555555555,0.3498541666666667
temporal,across,rest,50,11,0.00375,0.0004948092383294,0.0031294484008283,40,0.5163508333333333,0.3422958333333333
temporal,across,rest,50,12,0.003,0.0005175000172041,0.0032729574870827,40,0.5593013888888889,0.3202413888888888
temporal,across,rest,50,13,0.0034166666666666,0.0005784287095915,0.0036583043726829,40,0.5587533333333333,0.3020466666666667
temporal,across,rest,50,14,0.0026666666666666,0.0003620139928982,0.0022895775248209,40,0.5453636111111111,0.3681997222222222
temporal,across,rest,50,15,0.0031666666666666,0.0004913786640188,0.0031077515438206,40,0.5361619444444445,0.3248691666666666
temporal,across,rest,50,16,0.0045833333333333,0.0005808861979155,0.0036738468935369,40,0.5043355555555554,0.3434841666666666
temporal,across,rest,50,17,0.0045833333333333,0.0006823737268783,0.0043157103847867,40,0.5352775,0.3605386111111111
temporal,across,rest,50,18,0.0036666666666666,0.0005699002761767,0.0036043658237549,40,0.5039125,0.3340144444444445
temporal,across,rest,50,19,0.00125,0.0003309207563882,0.0020929266304249,40,0.5096497222222223,0.3539811111111112
temporal,across,rest,50,20,0.0035,0.0005591762357951,0.0035365410371042,40,0.5646166666666668,0.3191741666666666
temporal,across,rest,50,21,0.0025,0.0003726779962499,0.0023570226039551,40,0.47767,0.3423427777777778
temporal,across,rest,50,22,0.0056666666666666,0.0005748776656683,0.0036358455989457,40,0.5459644444444446,0.3101147222222222
temporal,across,rest,50,23,0.0029166666666666,0.000480199092139,0.0030370457230089,40,0.5507213888888888,0.3375122222222222
temporal,across,rest,50,24,0.00325,0.0005532537786493,0.0034990841292529,40,0.4973149999999999,0.3329897222222223
temporal,across,rest,50,25,0.0026666666666666,0.0004336290903919,0.0027425111706914,40,0.5911694444444444,0.3171711111111111
temporal,across,rest,50,26,0.0035,0.0006195991719677,0.0039186892395449,40,0.4880044444444443,0.3270094444444444
temporal,across,rest,50,27,0.0035,0.0005840959605818,0.0036941472150854,40,0.5408158333333333,0.3417322222222222
temporal,across,rest,50,28,0.0033333333333333,0.0005063696835418,0.0032025630761017,40,0.4838638888888889,0.3260608333333333
temporal,across,rest,50,29,0.0040833333333333,0.0006257474163429,0.0039575741512185,40,0.5714188888888888,0.3134766666666667
temporal,across,rest,50,30,0.0064166666666666,0.0006579288490181,0.0041611074024608,40,0.6082402777777777,0.3077527777777778
temporal,across,rest,50,31,0.0020833333333333,0.0004080301508327,0.0025806092613071,40,0.5103449999999999,0.3523055555555555
temporal,across,rest,50,32,0.0024999999999999,0.0003913232719043,0.002474945681294,40,0.5655249999999999,0.3107058333333333
temporal,across,rest,50,33,0.0025,0.0004583818933094,0.0028990616420763,40,0.5748386111111111,0.3178380555555556
temporal,across,rest,50,34,0.0035833333333333,0.0005771960417875,0.003650508296965,40,0.5452936111111111,0.3337888888888888
temporal,across,rest,50,35,0.0025833333333333,0.0004217636961434,0.0026674678283691,40,0.5348016666666667,0.3344761111111111
temporal,across,rest,50,36,0.0038333333333333,0.0006596856715021,0.0041722185234485,40,0.5443941666666666,0.3157413888888888
temporal,across,rest,50,37,0.0034166666666666,0.0005784287095915,0.0036583043726829,40,0.4514938888888888,0.3259758333333333
temporal,across,rest,50,38,0.00375,0.0005621932528599,0.0035556223284328,40,0.5112669444444444,0.3416525
temporal,across,rest,50,39,0.0041666666666666,0.00055662290631,0.0035203923635246,40,0.5181816666666667,0.35681
temporal,across,rest,50,40,0.0023333333333333,0.0004168802871199,0.0026365824378477,40,0.5413947222222222,0.3277766666666666
temporal,across,rest,50,41,0.004,0.000465321626968,0.0029429523715086,40,0.539728611111111,0.3233572222222222
temporal,across,rest,50,42,0.0026666666666666,0.0005229763603684,0.0033075929223788,40,0.5371152777777779,0.3324258333333333
temporal,across,rest,50,43,0.0035833333333333,0.0005255237517707,0.003323704040225,40,0.4929024999999999,0.3596113888888889
temporal,across,rest,50,44,0.0038333333333333,0.0004855460696524,0.0030708629780892,40,0.5480027777777778,0.3622375
temporal,across,rest,50,45,0.0076666666666666,0.0007934920476158,0.0050184843513938,40,0.5803872222222222,0.3107686111111111
temporal,across,rest,50,46,0.0039166666666666,0.0004757285610699,0.0030087716019509,40,0.5303958333333332,0.3360355555555555
temporal,across,rest,50,47,0.0035833333333333,0.0004200715581423,0.0026567658079711,40,0.4949886111111112,0.3253961111111111
temporal,across,rest,50,48,0.0025833333333333,0.0003865159594306,0.0024445415676121,40,0.4884344444444444,0.3396538888888888
temporal,across,rest,50,49,0.0034166666666666,0.0005402265537205,0.0034166927245201,40,0.524641388888889,0.3415947222222222
temporal,across,rest,75,0,0.0065,0.0004913786640188,0.0031077515438206,40,0.6002536111111112,0.3411999999999999
temporal,across,rest,75,1,0.0035,0.0004295031251026,0.0027164162749691,40,0.5816897222222223,0.2928455555555556
temporal,across,rest,75,2,0.0055,0.0005410499447694,0.0034219003067596,40,0.5739072222222223,0.3159130555555555
temporal,across,rest,75,3,0.0023333333333333,0.0003620139928982,0.0022895775248209,40,0.5500197222222223,0.3293666666666667
temporal,across,rest,75,4,0.00275,0.0004447781866589,0.0028130242468036,40,0.5393958333333334,0.3603305555555555
temporal,across,rest,75,5,0.00275,0.0004284654257727,0.0027098532881513,40,0.5148355555555556,0.3503963888888889
temporal,across,rest,75,6,0.00675,0.0005906139063083,0.0037353703234072,40,0.6515841666666665,0.2812566666666666
temporal,across,rest,75,7,0.0040833333333333,0.0005131809630673,0.0032456413902629,40,0.5533261111111111,0.3247383333333333
temporal,across,rest,75,8,0.003,0.0004744167209018,0.0030004747962362,40,0.5455380555555556,0.3526230555555556
temporal,across,rest,75,9,0.0028333333333333,0.0005277215444626,0.0033376041016874,40,0.5567741666666667,0.3487691666666667
temporal,across,rest,75,10,0.00525,0.0004757285610699,0.0030087716019509,40,0.5694919444444444,0.3160652777777778
temporal,across,rest,75,11,0.0038333333333333,0.0004855460696524,0.0030708629780892,40,0.5541608333333334,0.3470666666666666
temporal,across,rest,75,12,0.0045,0.0006149838438569,0.0038894993415869,40,0.5303394444444444,0.3540230555555556
temporal,across,rest,75,13,0.003,0.0005175000172041,0.0032729574870827,40,0.5336005555555555,0.3427305555555555
temporal,across,rest,75,14,0.00225,0.0004027593570795,0.0025472738346326,40,0.4818138888888889,0.3665152777777777
temporal,across,rest,75,15,0.0042499999999999,0.0005335936864527,0.0033747427885527,40,0.5519463888888889,0.3395747222222222
temporal,across,rest,75,16,0.0045833333333333,0.0006927329336612,0.0043812277611597,40,0.5128741666666665,0.3357430555555555
temporal,across,rest,75,17,0.00225,0.0004200715581423,0.0026567658079711,40,0.5863691666666666,0.3022652777777778
temporal,across,rest,75,18,0.0049166666666666,0.0005845530593558,0.0036970381615681,40,0.593431111111111,0.2959980555555556
temporal,across,rest,75,19,0.0046666666666666,0.0005443310539518,0.0034426518632954,40,0.5690799999999999,0.3373183333333333
temporal,across,rest,75,20,0.0039166666666666,0.0005047847980156,0.0031925393799149,40,0.5847058333333333,0.2844008333333333
temporal,across,rest,75,21,0.0033333333333333,0.0004774099160262,0.0030194054243855,40,0.5667724999999999,0.3439236111111111
temporal,across,rest,75,22,0.0035833333333333,0.0005117911677922,0.0032368515531621,40,0.5742455555555556,0.3338186111111111
temporal,across,rest,75,23,0.00375,0.0006223233281713,0.003935918316156,40,0.5605602777777778,0.3311455555555556
temporal,across,rest,75,24,0.0046666666666666,0.0006835469751498,0.0043231306583838,40,0.5827363888888889,0.3377077777777778
temporal,across,rest,75,25,0.0030833333333333,0.0005117911677922,0.0032368515531621,40,0.5242038888888889,0.3803344444444445
temporal,across,rest,75,26,0.0042499999999999,0.0005845530593558,0.0036970381615681,40,0.5848319444444445,0.3350936111111111
temporal,across,rest,75,27,0.0103333333333333,0.0007040784727049,0.0044529832504804,40,0.6460763888888892,0.2651869444444444
temporal,across,rest,75,28,0.0026666666666666,0.0003994297930101,0.0025262158224835,40,0.5447441666666666,0.374958611111111
temporal,across,rest,75,29,0.0045833333333333,0.0004080301508327,0.0025806092613071,40,0.5527691666666666,0.3559377777777778
temporal,across,rest,75,30,0.00325,0.0005131809630673,0.0032456413902629,40,0.5143891666666669,0.3716347222222222
temporal,across,rest,75,31,0.00275,0.0004605134629656,0.0029125428722863,40,0.4955294444444444,0.3408763888888888
temporal,across,rest,75,32,0.0042499999999999,0.0007059726877843,0.0044649633185388,40,0.5180041666666666,0.3291311111111111
temporal,across,rest,75,33,0.0025833333333333,0.0003676269476651,0.0023250769677545,40,0.56433,0.3501183333333332
temporal,across,rest,75,34,0.0083333333333333,0.000835467353046,0.0052839594926747,40,0.6122733333333336,0.30625
temporal,across,rest,75,35,0.0024166666666666,0.0004132337211096,0.0026135195293864,40,0.580251111111111,0.3043955555555555
temporal,across,rest,75,36,0.0039166666666666,0.0006072625513464,0.0038406655999594,40,0.6005558333333334,0.2932511111111111
temporal,across,rest,75,37,0.0039166666666666,0.0005187029077928,0.0032805652351551,40,0.5532163888888888,0.3328824999999999
temporal,across,rest,75,38,0.0029166666666666,0.0003992068346936,0.0025248057102763,40,0.5635883333333336,0.368876111111111
temporal,across,rest,75,39,0.0033333333333333,0.0005598127485064,0.0035405666969586,40,0.5433269444444444,0.3431613888888889
temporal,across,rest,75,40,0.0034999999999999,0.0005195604102922,0.00328598855715,40,0.5516730555555557,0.3244247222222222
temporal,across,rest,75,41,0.0039166666666666,0.0004904718932443,0.003102016621894,40,0.5551922222222223,0.3130075
temporal,across,rest,75,42,0.0036666666666666,0.000557262335477,0.0035244364686645,40,0.5927286111111112,0.3052675
temporal,across,rest,75,43,0.0026666666666666,0.0004168802871199,0.0026365824378477,40,0.5334308333333333,0.3210325
temporal,across,rest,75,44,0.0034166666666666,0.000526877324526,0.0033322647859959,40,0.6019966666666666,0.3131205555555555
temporal,across,rest,75,45,0.0036666666666666,0.0004591581544807,0.0029039711487975,40,0.5510294444444443,0.3489569444444444
temporal,across,rest,75,46,0.00375,0.0005362566783465,0.0033915850281024,40,0.5742816666666666,0.3504658333333333
temporal,across,rest,75,47,0.0019999999999999,0.0004270084101468,0.0027006383122231,40,0.4740449999999999,0.3326325
temporal,across,rest,75,48,0.0026666666666666,0.000465321626968,0.0029429523715086,40,0.5444741666666667,0.3472033333333334
temporal,across,rest,75,49,0.0024166666666666,0.0004301245430187,0.0027203464669569,40,0.5611991666666666,0.3514513888888889
temporal,across,rest,75,50,0.00525,0.0006633195892576,0.0041952014373227,40,0.5869119444444444,0.3310033333333333
temporal,across,rest,75,51,0.0053333333333333,0.0005699002761767,0.0036043658237549,40,0.6003694444444444,0.3223802777777778
temporal,across,rest,75,52,0.0055833333333333,0.0006686668711812,0.0042290206176626,40,0.5689930555555557,0.3444869444444444
temporal,across,rest,75,53,0.003,0.0004891995904702,0.003093969872615,40,0.5472091666666665,0.3152541666666666
temporal,across,rest,75,54,0.0035833333333333,0.0005255237517707,0.003323704040225,40,0.535966111111111,0.3310449999999999
temporal,across,rest,75,55,0.002,0.0003333333333333,0.0021081851067789,40,0.5113405555555556,0.3729344444444444
temporal,across,rest,75,56,0.0026666666666666,0.0003994297930101,0.0025262158224835,40,0.5440758333333333,0.3263541666666666
temporal,across,rest,75,57,0.0026666666666666,0.0003417734875749,0.0021615653291919,40,0.5490394444444444,0.3406802777777778
temporal,across,rest,75,58,0.0041666666666666,0.0006056476837313,0.0038304522803925,40,0.5854722222222223,0.3137705555555555
temporal,across,rest,75,59,0.0035833333333333,0.0004831564663131,0.0030557497995756,40,0.4966988888888889,0.3263397222222222
temporal,across,rest,75,60,0.00325,0.0004542847607774,0.002873149100723,40,0.5988588888888887,0.3218141666666666
temporal,across,rest,75,61,0.0053333333333333,0.000557262335477,0.0035244364686645,40,0.5479861111111111,0.3784708333333333
temporal,across,rest,75,62,0.0025833333333333,0.0004542847607774,0.002873149100723,40,0.5437297222222222,0.3536011111111111
temporal,across,rest,75,63,0.00175,0.0003578086996246,0.0022629809148737,40,0.4547133333333333,0.3716236111111111
temporal,across,rest,75,64,0.0035,0.0004913786640188,0.0031077515438206,40,0.5080177777777777,0.3244769444444444
temporal,across,rest,75,65,0.0044166666666666,0.0005389065112987,0.0034083440431988,40,0.5373986111111112,0.3458511111111111
temporal,across,rest,75,66,0.0039999999999999,0.0006338054920158,0.0040085378965872,40,0.5752966666666668,0.33539
temporal,across,rest,75,67,0.0026666666666666,0.0003994297930101,0.0025262158224835,40,0.5373541666666666,0.3478163888888889
temporal,across,rest,75,68,0.0065,0.0006531754562429,0.0041310443068946,40,0.5620963888888889,0.3223277777777777
temporal,across,rest,75,69,0.0048333333333333,0.0005591762357951,0.0035365410371042,40,0.5893013888888889,0.3689097222222222
temporal,across,rest,75,70,0.0045833333333333,0.0006392603899459,0.0040430377003132,40,0.562454722222222,0.3500280555555555
temporal,across,rest,75,71,0.0035,0.0005195604102922,0.00328598855715,40,0.5165005555555554,0.3450733333333333
temporal,across,rest,75,72,0.0043333333333333,0.0007081133393917,0.0044785019880513,40,0.5685338888888889,0.323845
temporal,across,rest,75,73,0.0013333333333333,0.0003333333333333,0.0021081851067789,40,0.5036819444444441,0.339851111111111
temporal,across,rest,75,74,0.00275,0.0003938179688543,0.0024907235301622,40,0.5703711111111109,0.3264211111111111
temporal,across,rest,100,0,0.0065833333333333,0.0004045239191192,0.0025584339048691,40,0.6015502777777778,0.2985613888888888
temporal,across,rest,100,1,0.0050833333333333,0.0004919219241781,0.0031111874227515,40,0.5874194444444445,0.2911691666666667
temporal,across,rest,100,2,0.0052499999999999,0.0005954181656808,0.0037657551275822,40,0.6078788888888889,0.3160338888888888
temporal,across,rest,100,3,0.0023333333333333,0.0004168802871199,0.0026365824378477,40,0.5615972222222221,0.3273522222222222
temporal,across,rest,100,4,0.0045833333333333,0.0005558225853982,0.0035153306896435,40,0.5560391666666666,0.3449308333333333
temporal,across,rest,100,5,0.0020833333333333,0.000390184045988,0.0024677405839641,40,0.5342608333333333,0.3559930555555556
temporal,across,rest,100,6,0.0076666666666666,0.0005495400822454,0.0034755966509035,40,0.6651641666666664,0.3104713888888889
temporal,across,rest,100,7,0.0055833333333333,0.0006579288490181,0.0041611074024608,40,0.6485991666666667,0.2856141666666666
temporal,across,rest,100,8,0.00275,0.0004115065088642,0.0026025956799903,40,0.5529641666666667,0.3571608333333333
temporal,across,rest,100,9,0.0034166666666666,0.0005659812345252,0.0035795796280276,40,0.6088025000000001,0.3358461111111111
temporal,across,rest,100,10,0.0036666666666666,0.0004891995904702,0.003093969872615,40,0.5809336111111112,0.3425419444444444
temporal,across,rest,100,11,0.0019166666666666,0.0003558125406763,0.0022503560971771,40,0.5533244444444445,0.3998388888888889
temporal,across,rest,100,12,0.0045833333333333,0.0006392603899459,0.0040430377003132,40,0.5732186111111112,0.2980672222222222
temporal,across,rest,100,13,0.0028333333333333,0.0004228178434916,0.0026741348415884,40,0.563928333333333,0.3443388888888888
temporal,across,rest,100,14,0.0045833333333333,0.0006165742596507,0.0038995580142565,40,0.5525427777777777,0.3621575
temporal,across,rest,100,15,0.0019166666666666,0.0003752966537921,0.0023735844484456,40,0.5206652777777778,0.3537377777777778
temporal,across,rest,100,16,0.0030833333333333,0.0004200715581423,0.0026567658079711,40,0.5635355555555555,0.3694169444444445
temporal,across,rest,100,17,0.003,0.0004591581544807,0.0029039711487975,40,0.5562455555555555,0.3563336111111111
temporal,across,rest,100,18,0.00375,0.0006107710786713,0.0038628554751184,40,0.6254149999999997,0.3184286111111111
temporal,across,rest,100,19,0.0049166666666666,0.0005061938301996,0.0032014508819108,40,0.5762244444444444,0.3216866666666666
temporal,across,rest,100,20,0.0050833333333333,0.0006958106219744,0.0044006927711551,40,0.6041911111111113,0.3211947222222222
temporal,across,rest,100,21,0.0035833333333333,0.0005255237517707,0.003323704040225,40,0.5842674999999999,0.376625
temporal,across,rest,100,22,0.0049166666666666,0.0006084343084444,0.0038480764425479,40,0.6123774999999998,0.3009211111111111
temporal,across,rest,100,23,0.00275,0.0005187029077928,0.0032805652351551,40,0.5937041666666666,0.3140902777777777
temporal,across,rest,100,24,0.0030833333333333,0.0004527141951056,0.0028632159712473,40,0.5353344444444443,0.3413038888888889
temporal,across,rest,100,25,0.00475,0.0005709927876363,0.0036112754729195,40,0.5798088888888889,0.3473827777777777
temporal,across,rest,100,26,0.0018333333333333,0.0004125868638576,0.0026094284449121,40,0.5100222222222224,0.3573958333333333
temporal,across,rest,100,27,0.00375,0.0005747227747412,0.0036348659827084,40,0.572471388888889,0.36798
temporal,across,rest,100,28,0.0055,0.0005540578101426,0.0035041692709117,40,0.543746388888889,0.3273033333333334
temporal,across,rest,100,29,0.00175,0.0003578086996246,0.0022629809148737,40,0.4779963888888888,0.3598969444444444
temporal,across,rest,100,30,0.0033333333333333,0.0005847053462046,0.0036980013081681,40,0.596448888888889,0.3167458333333333
temporal,across,rest,100,31,0.0075833333333333,0.0005335936864527,0.0033747427885527,40,0.6462555555555556,0.2873855555555555
temporal,across,rest,100,32,0.0052499999999999,0.0006072625513464,0.0038406655999594,40,0.5399436111111113,0.3584655555555555
temporal,across,rest,100,33,0.0042499999999999,0.0006535842445105,0.0041336297109071,40,0.571425,0.3262797222222223
temporal,across,rest,100,34,0.0042499999999999,0.000642594234667,0.0040641227856813,40,0.5713350000000001,0.3273472222222222
temporal,across,rest,100,35,0.00475,0.0005954181656808,0.0037657551275822,40,0.6098888888888887,0.3061763888888889
temporal,across,rest,100,36,0.0028333333333333,0.0004552636129375,0.0028793399053599,40,0.6121416666666667,0.3319094444444445
temporal,across,rest,100,37,0.0036666666666666,0.0005443310539518,0.0034426518632954,40,0.5624336111111111,0.3663727777777777
temporal,across,rest,100,38,0.0035,0.0005056659032384,0.0031981119786399,40,0.6148980555555555,0.3135977777777777
temporal,across,rest,100,39,0.0050833333333333,0.0006750276980705,0.0042692500192066,40,0.5336408333333333,0.3425002777777778
temporal,across,rest,100,40,0.0034166666666666,0.0004542847607774,0.002873149100723,40,0.550958888888889,0.3400780555555555
temporal,across,rest,100,41,0.0082499999999999,0.0005845530593558,0.0036970381615681,40,0.6108797222222222,0.2868344444444444
temporal,across,rest,100,42,0.0041666666666666,0.0005168113941217,0.003268602252303,40,0.5524463888888889,0.3285755555555555
temporal,across,rest,100,43,0.003,0.0004433747811741,0.0028041483311779,40,0.5565005555555557,0.3597855555555556
temporal,across,rest,100,44,0.004,0.0005091750772173,0.0032203059435976,40,0.5245805555555556,0.3635672222222222
temporal,across,rest,100,45,0.0035833333333333,0.0005255237517707,0.003323704040225,40,0.5841966666666666,0.3207605555555555
temporal,across,rest,100,46,0.0043333333333333,0.0005871365639519,0.0037133776793067,40,0.5771816666666666,0.3314288888888889
temporal,across,rest,100,47,0.00225,0.0004200715581423,0.0026567658079711,40,0.5678269444444444,0.3358766666666667
temporal,across,rest,100,48,0.00375,0.0004495566033339,0.0028432456074081,40,0.556993888888889,0.3698963888888888
temporal,across,rest,100,49,0.0036666666666666,0.0004744167209018,0.0030004747962362,40,0.6084924999999999,0.3507586111111111
temporal,across,rest,100,50,0.0025833333333333,0.0004697016692749,0.0029706541913838,40,0.528748611111111,0.3519858333333333
temporal,across,rest,100,51,0.0031666666666666,0.0004295031251026,0.0027164162749691,40,0.5548313888888888,0.3297025
temporal,across,rest,100,52,0.0041666666666666,0.00055662290631,0.0035203923635246,40,0.5912933333333332,0.38382
temporal,across,rest,100,53,0.0024166666666666,0.0004463766758603,0.0028231339801868,40,0.518235,0.3478144444444444
temporal,across,rest,100,54,0.00375,0.0005090001931052,0.0032191998793563,40,0.4895852777777777,0.3331033333333333
temporal,across,rest,100,55,0.0039166666666666,0.0005454747794744,0.0034498854186348,40,0.5658902777777779,0.344073611111111
temporal,across,rest,100,56,0.0035833333333333,0.0005894067228156,0.0037277354246259,40,0.5284922222222221,0.3445505555555556
temporal,across,rest,100,57,0.0034166666666666,0.0004991088925371,0.0031566418017233,40,0.6129747222222219,0.3574441666666667
temporal,across,rest,100,58,0.00425,0.0004301245430187,0.0027203464669569,40,0.5687008333333333,0.3173488888888888
temporal,across,rest,100,59,0.00475,0.0005187029077928,0.0032805652351551,40,0.5590572222222224,0.3177197222222222
temporal,across,rest,100,60,0.0038333333333333,0.0006377265532304,0.0040333368651535,40,0.6067641666666667,0.3410766666666666
temporal,across,rest,100,61,0.00275,0.0004447781866589,0.0028130242468036,40,0.5144650000000001,0.3694738888888889
temporal,across,rest,100,62,0.0030833333333333,0.0004527141951056,0.0028632159712473,40,0.5616244444444445,0.3558891666666667
temporal,across,rest,100,63,0.0066666666666666,0.0005967623950328,0.0037742567804819,40,0.6235469444444443,0.3135836111111111
temporal,across,rest,100,64,0.003,0.0004591581544807,0.0029039711487975,40,0.5700144444444445,0.3391847222222222
temporal,across,rest,100,65,0.0029166666666666,0.0004651302547095,0.0029417420270727,40,0.5780922222222221,0.3354066666666667
temporal,across,rest,100,66,0.0016666666666666,0.0003157769778104,0.0019971489650509,40,0.5139563888888888,0.3016122222222222
temporal,across,rest,100,67,0.003,0.0004744167209018,0.0030004747962362,40,0.5303177777777778,0.3423063888888889
temporal,across,rest,100,68,0.004,0.000465321626968,0.0029429523715086,40,0.6009474999999999,0.3183733333333333
temporal,across,rest,100,69,0.0016666666666666,0.0004303314829119,0.002721655269759,40,0.5259099999999999,0.3162377777777777
temporal,across,rest,100,70,0.0045833333333333,0.0006049122278635,0.0038258008490709,40,0.5688558333333333,0.3416480555555555
temporal,across,rest,100,71,0.00275,0.0004447781866589,0.0028130242468036,40,0.5505858333333332,0.339095
temporal,across,rest,100,72,0.0018333333333333,0.0003146471817811,0.0019900035075632,40,0.5161627777777777,0.3712572222222222
temporal,across,rest,100,73,0.0024166666666666,0.0004132337211096,0.0026135195293864,40,0.5244866666666667,0.3441697222222222
temporal,across,rest,100,74,0.00425,0.000520074233141,0.003289238258182,40,0.5693124999999999,0.3209674999999999
temporal,across,rest,100,75,0.0053333333333333,0.0005699002761767,0.0036043658237549,40,0.6147958333333332,0.3414422222222222
temporal,across,rest,100,76,0.002,0.0003333333333333,0.0021081851067789,40,0.4768455555555556,0.3970680555555556
temporal,across,rest,100,77,0.0030833333333333,0.0005519648921491,0.0034909324952811,40,0.5242222222222223,0.3495019444444444
temporal,across,rest,100,78,0.0035833333333333,0.0005647213971599,0.0035716117169158,40,0.5891044444444444,0.3451469444444444
temporal,across,rest,100,79,0.0039166666666666,0.0005047847980156,0.0031925393799149,40,0.5525163888888888,0.38303
temporal,across,rest,100,80,0.0028333333333333,0.0004855460696524,0.0030708629780892,40,0.5073622222222222,0.3475797222222222
temporal,across,rest,100,81,0.0028333333333333,0.0004393403498655,0.0027786323471804,40,0.5368119444444444,0.3819294444444444
temporal,across,rest,100,82,0.00625,0.0008539125638299,0.0054006172486732,40,0.6071305555555554,0.3153661111111111
temporal,across,rest,100,83,0.0045,0.0005791977947731,0.0036631684944598,40,0.5065388888888889,0.3585911111111112
temporal,across,rest,100,84,0.0048333333333333,0.0006195991719677,0.0039186892395449,40,0.5876141666666667,0.3692563888888889
temporal,across,rest,100,85,0.0023333333333333,0.0004168802871199,0.0026365824378477,40,0.5937202777777776,0.3483158333333333
temporal,across,rest,100,86,0.0021666666666666,0.0004228178434916,0.0026741348415884,40,0.5410861111111112,0.3702119444444444
temporal,across,rest,100,87,0.0071666666666666,0.0008895563733179,0.0056260484936073,40,0.6038269444444446,0.3099513888888888
temporal,across,rest,100,88,0.0040833333333333,0.0004991088925371,0.0031566418017233,40,0.6095969444444445,0.3030905555555555
temporal,across,rest,100,89,0.0049166666666666,0.0005966131857806,0.0037733130983118,40,0.6148516666666668,0.3388061111111111
temporal,across,rest,100,90,0.0035833333333333,0.0005117911677922,0.0032368515531621,40,0.5932222222222222,0.3134325
temporal,across,rest,100,91,0.0041666666666666,0.0005937710859953,0.003755338080994,40,0.5675319444444445,0.3074780555555556
temporal,across,rest,100,92,0.00275,0.0004757285610699,0.0030087716019509,40,0.5925738888888892,0.3484905555555556
temporal,across,rest,100,93,0.0028333333333333,0.0004393403498655,0.0027786323471804,40,0.5469522222222223,0.3437586111111111
temporal,across,rest,100,94,0.00275,0.0005187029077928,0.0032805652351551,40,0.5128363888888889,0.3600030555555555
temporal,across,rest,100,95,0.0023333333333333,0.0004803844614152,0.003038218101251,40,0.6008047222222221,0.3552891666666666
temporal,across,rest,100,96,0.00275,0.0004115065088642,0.0026025956799903,40,0.5492488888888889,0.3512313888888889
temporal,across,rest,100,97,0.0044166666666666,0.0005389065112987,0.0034083440431988,40,0.587810277777778,0.3745113888888889
temporal,across,rest,100,98,0.00225,0.0004527141951056,0.0028632159712473,40,0.5917413888888887,0.3617619444444445
temporal,across,rest,100,99,0.0013333333333333,0.0002874388328341,0.0018179227994728,40,0.5489322222222224,0.3487033333333332
temporal,across,rest,300,0,0.006666666666666666,1.3888903378525477e-19,8.784113775629649e-19,40,0.7106038888888889,0.41283777777777786
temporal,across,rest,300,1,0.006666666666666666,1.3888903378525477e-19,8.784113775629649e-19,40,0.8746322222222218,0.42398583333333334
temporal,across,rest,300,2,0.006666666666666666,1.3888903378525477e-19,8.784113775629649e-19,40,0.8410508333333336,0.40303666666666665
temporal,across,rest,300,3,0.006333333333333332,0.00023266081348403763,0.0014714761857543485,40,0.8241163888888898,0.31958305555555555
temporal,across,rest,300,4,0.006750000000000001,8.333333333333332e-05,0.0005270462766947298,40,0.8109158333333333,0.3766116666666667
temporal,across,rest,300,5,0.004083333333333333,0.0005131809630673188,0.003245641390262953,40,0.888131111111111,0.4494655555555555
temporal,across,rest,300,6,0.005,0.00046225016352102424,0.0029235267310234307,40,0.8480725000000013,0.4336666666666666
temporal,across,rest,300,7,0.006666666666666666,1.3888903378525477e-19,8.784113775629649e-19,40,0.8599452777777781,0.41324138888888895
temporal,across,rest,300,8,0.006666666666666666,1.3888903378525477e-19,8.784113775629649e-19,40,0.8228897222222219,0.3851055555555555
temporal,across,rest,300,9,0.0065833333333333325,8.333333333333332e-05,0.0005270462766947298,40,0.8038038888888892,0.39296499999999995
temporal,across,rest,300,10,0.0016666666666666666,0.0004622501635210243,0.002923526731023431,40,0.8941116666666673,0.44422666666666666
temporal,across,rest,300,11,0.006,0.0003202563076101743,0.0020254787341673335,40,0.8675327777777782,0.4389252777777778
temporal,across,rest,300,12,0.0013333333333333335,0.000427008410146899,0.002700638312223111,40,0.9264272222222225,0.44414388888888895
temporal,across,rest,300,13,0.004583333333333333,0.0004875588940976005,0.0030835931976424856,40,0.8949358333333342,0.33195388888888894
temporal,across,rest,300,14,0.004333333333333333,0.0005091750772173156,0.0032203059435976533,40,0.9232519444444456,0.44378416666666676
temporal,across,rest,300,15,0.004333333333333333,0.0005091750772173156,0.0032203059435976533,40,0.9175511111111113,0.4297066666666668
temporal,across,rest,300,16,0.0036666666666666666,0.0005310850045437943,0.0033588764910385265,40,0.893598611111112,0.39609055555555556
temporal,across,rest,300,17,0.006583333333333334,0.0001882404657199746,0.0011905372389719347,40,0.8443436111111113,0.42982
temporal,across,rest,300,18,0.0065833333333333325,8.333333333333333e-05,0.0005270462766947299,40,0.8261330555555558,0.37867611111111116
temporal,across,rest,300,19,0.0016666666666666666,0.00046225016352102424,0.0029235267310234307,40,0.8394249999999996,0.4440541666666665
temporal,across,rest,300,20,0.0,0.0,0.0,40,0.8802088888888887,0.4366716666666668
temporal,across,rest,300,21,0.006500000000000001,0.00011633040674201877,0.000735738092877174,40,0.8421994444444444,0.38720305555555556
temporal,across,rest,300,22,0.006,0.0003202563076101743,0.0020254787341673335,40,0.853463611111111,0.4289133333333333
temporal,across,rest,300,23,0.006666666666666666,1.3888903378525477e-19,8.784113775629649e-19,40,0.8424222222222228,0.36182972222222215
temporal,across,rest,300,24,0.001,0.0003811812499312437,0.002410801902265263,40,0.9184244444444447,0.4472800000000001
temporal,across,rest,300,25,0.005666666666666666,0.00038118124993124375,0.0024108019022652635,40,0.8681769444444448,0.3833186111111111
temporal,across,rest,300,26,0.005916666666666666,0.00032658772812147146,0.0020655221534473475,40,0.9117652777777785,0.4153588888888889
temporal,across,rest,300,27,0.0065833333333333325,8.333333333333332e-05,0.0005270462766947298,40,0.852359722222223,0.37540416666666665
temporal,across,rest,300,28,0.005916666666666666,0.0003039975820866506,0.0019226495251556369,40,0.8598105555555554,0.4279066666666666
temporal,across,rest,300,29,0.0069166666666666664,0.00014058789871449555,0.0008891559427897283,40,0.8582875000000009,0.3914891666666667
temporal,across,rest,300,30,0.0013333333333333335,0.000427008410146899,0.002700638312223111,40,0.8596344444444455,0.2566238888888889
temporal,across,rest,300,31,0.0030833333333333333,0.00032439951099692295,0.002051682653190232,40,0.8763480555555561,0.3600888888888889
temporal,across,rest,300,32,0.006666666666666666,1.3888903378525477e-19,8.784113775629649e-19,40,0.8864691666666669,0.4013047222222223
temporal,across,rest,300,33,0.006333333333333332,0.00023266081348403763,0.0014714761857543485,40,0.8943319444444462,0.2641286111111111
temporal,across,rest,300,34,0.0017500000000000003,0.0004919219241781967,0.0031111874227515096,40,0.8979105555555558,0.4181263888888889
temporal,across,rest,300,35,0.003833333333333333,0.000514047677015483,0.0032511229705750244,40,0.9197833333333338,0.38960555555555565
temporal,across,rest,300,36,0.004,0.0005364226763936138,0.0033926348919345135,40,0.8817136111111112,0.39866694444444445
temporal,across,rest,300,37,0.006666666666666666,1.3888903378525477e-19,8.784113775629649e-19,40,0.8429916666666676,0.4137483333333334
temporal,across,rest,300,38,0.0035833333333333333,0.0005255237517707585,0.0033237040402250844,40,0.9237997222222223,0.2676044444444444
temporal,across,rest,300,39,0.0,0.0,0.0,40,0.8798183333333348,0.4575424999999999
temporal,across,rest,300,40,0.0016666666666666666,0.00046225016352102424,0.0029235267310234307,40,0.8978583333333336,0.2640775
temporal,across,rest,300,41,0.003333333333333333,0.0005337605126836238,0.003375797890278889,40,0.9160930555555563,0.43179888888888873
temporal,across,rest,300,42,0.005,0.0004622501635210243,0.002923526731023431,40,0.877944444444446,0.42273666666666665
temporal,across,rest,300,43,0.0023333333333333335,0.0005091750772173156,0.0032203059435976533,40,0.8770058333333338,0.25906194444444447
temporal,across,rest,300,44,0.0026666666666666666,0.0005229763603684908,0.0033075929223788923,40,0.9213200000000004,0.2600361111111111
temporal,across,rest,300,45,0.005666666666666666,0.00038118124993124375,0.0024108019022652635,40,0.8746430555555555,0.36727027777777776
temporal,across,rest,300,46,0.0013333333333333335,0.000427008410146899,0.002700638312223111,40,0.8944280555555568,0.35324833333333333
temporal,across,rest,300,47,0.001,0.00038118124993124375,0.0024108019022652635,40,0.8933858333333333,0.2728341666666667
temporal,across,rest,300,48,0.0003333333333333334,0.00023266081348403763,0.0014714761857543485,40,0.8831538888888893,0.25143611111111114
temporal,across,rest,300,49,0.005833333333333334,0.00033226323961410537,0.0021014172398537176,40,0.8524519444444447,0.4657019444444444
temporal,across,rest,300,50,0.006666666666666666,1.3888903378525477e-19,8.784113775629649e-19,40,0.8004988888888889,0.3680933333333332
temporal,across,rest,300,51,0.0026666666666666666,0.0005229763603684908,0.0033075929223788923,40,0.8953958333333336,0.4267655555555557
temporal,across,rest,300,52,0.003333333333333333,0.0005337605126836238,0.003375797890278889,40,0.8899097222222224,0.4090497222222222
temporal,across,rest,300,53,0.0003333333333333334,0.00023266081348403755,0.001471476185754348,40,0.8921908333333342,0.25352972222222225
temporal,across,rest,300,54,0.002666666666666667,0.0005091750772173156,0.0032203059435976533,40,0.8680358333333335,0.40240055555555554
temporal,across,rest,300,55,0.004666666666666666,0.0004891995904702285,0.0030939698726150473,40,0.8773288888888896,0.29740777777777777
temporal,across,rest,300,56,0.005333333333333333,0.000427008410146899,0.002700638312223111,40,0.868396666666667,0.3856444444444444
temporal,across,rest,300,57,0.005333333333333333,0.000427008410146899,0.002700638312223111,40,0.8495602777777778,0.32349555555555554
temporal,across,rest,300,58,0.00575,0.00039562241344126857,0.002502135839774444,40,0.8598641666666673,0.28664055555555557
temporal,across,rest,300,59,0.005666666666666667,0.0003811812499312437,0.002410801902265263,40,0.8578586111111111,0.40524999999999994
temporal,across,rest,300,60,0.001,0.0003811812499312437,0.002410801902265263,40,0.9287505555555565,0.26665666666666665
temporal,across,rest,300,61,0.00075,0.00032658772812147146,0.0020655221534473475,40,0.8944219444444462,0.2574469444444445
temporal,across,rest,300,62,0.0036666666666666666,0.0005310850045437943,0.0033588764910385265,40,0.8761011111111119,0.35505305555555544
temporal,across,rest,300,63,0.006666666666666666,1.3888903378525477e-19,8.784113775629649e-19,40,0.7758780555555553,0.33167194444444437
temporal,across,rest,300,64,0.004333333333333333,0.0005091750772173156,0.0032203059435976533,40,0.8823552777777783,0.2921552777777777
temporal,across,rest,300,65,0.0006666666666666668,0.0003202563076101743,0.0020254787341673335,40,0.8957405555555564,0.27107444444444445
temporal,across,rest,300,66,0.006,0.0003202563076101743,0.0020254787341673335,40,0.8118327777777777,0.28176083333333324
temporal,across,rest,300,67,0.006083333333333334,0.00041150650886420594,0.0026025956799903193,40,0.856668888888889,0.33011861111111107
temporal,across,rest,300,68,0.0,0.0,0.0,40,0.8871597222222217,0.42401055555555545
temporal,across,rest,300,69,0.00525,0.00042846542577274665,0.0027098532881513794,40,0.8523994444444452,0.30318194444444446
temporal,across,rest,300,70,0.0065833333333333325,8.333333333333332e-05,0.0005270462766947298,40,0.8800938888888894,0.34265333333333325
temporal,across,rest,300,71,0.002666666666666667,0.0005229763603684908,0.0033075929223788923,40,0.8289575000000002,0.2559419444444444
temporal,across,rest,300,72,0.0006666666666666668,0.0003202563076101743,0.0020254787341673335,40,0.9054608333333345,0.41110555555555556
temporal,across,rest,300,73,0.006333333333333332,0.00023266081348403763,0.0014714761857543485,40,0.8990755555555555,0.3504194444444445
temporal,across,rest,300,74,0.005666666666666667,0.00038118124993124375,0.0024108019022652635,40,0.8636758333333336,0.3782927777777778
temporal,across,rest,300,75,0.0036666666666666666,0.0005310850045437943,0.0033588764910385265,40,0.920847777777778,0.44823250000000014
temporal,across,rest,300,76,0.006333333333333332,0.00023266081348403763,0.0014714761857543485,40,0.8240563888888893,0.40787833333333323
temporal,across,rest,300,77,0.006333333333333334,0.0002614881801842454,0.0016537964611894461,40,0.8597725,0.34093249999999997
temporal,across,rest,300,78,0.0023333333333333335,0.0005091750772173156,0.0032203059435976533,40,0.846098333333333,0.2837963888888889
temporal,across,rest,300,79,0.004,0.0005229763603684908,0.0033075929223788923,40,0.8908525000000008,0.3857922222222222
temporal,across,rest,300,80,0.0065833333333333325,8.333333333333332e-05,0.0005270462766947298,40,0.8500591666666673,0.42169805555555556
temporal,across,rest,300,81,0.004,0.0005229763603684908,0.0033075929223788923,40,0.8674727777777775,0.3863405555555556
temporal,across,rest,300,82,0.006416666666666668,0.00025,0.0015811388300841897,40,0.8502524999999999,0.3569986111111111
temporal,across,rest,300,83,0.0015833333333333335,0.0004463766758603509,0.002823133980186819,40,0.8819988888888893,0.27199694444444444
temporal,across,rest,300,84,0.0009166666666666666,0.0003578086996246255,0.0022629809148737028,40,0.8760655555555555,0.29337888888888886
temporal,across,rest,300,85,0.0005833333333333334,0.00026386077223131734,0.0016688020508437438,40,0.8981555555555552,0.3494005555555556
temporal,across,rest,300,86,0.006666666666666666,1.3888903378525477e-19,8.784113775629649e-19,40,0.7607827777777777,0.28441166666666656
temporal,across,rest,300,87,0.005666666666666666,0.00038118124993124375,0.0024108019022652635,40,0.8331119444444444,0.38911388888888887
temporal,across,rest,300,88,0.005583333333333333,0.00038466879970967946,0.0024328591037714085,40,0.8900572222222227,0.33292166666666667
temporal,across,rest,300,89,0.004916666666666666,0.00046205751914361377,0.0029223083410013463,40,0.8329333333333342,0.3004194444444444
temporal,across,rest,300,90,0.006,0.0003202563076101743,0.0020254787341673335,40,0.7667108333333335,0.28581805555555556
temporal,across,rest,300,91,0.00225,0.0004976798018658034,0.0031476034387145106,40,0.8464025000000017,0.30792722222222213
temporal,across,rest,300,92,0.0,0.0,0.0,40,0.8281994444444445,0.29698777777777774
temporal,across,rest,300,93,0.005666666666666667,0.0003811812499312437,0.002410801902265263,40,0.8209138888888889,0.3667255555555555
temporal,across,rest,300,94,0.002916666666666667,0.0005362566783465032,0.0033915850281024955,40,0.828030277777778,0.2530166666666667
temporal,across,rest,300,95,0.0037500000000000007,0.000522806092950542,0.003306516056674825,40,0.830798888888889,0.3283072222222222
temporal,across,rest,300,96,0.00625,0.00017652469702840072,0.0011164402117618062,40,0.8034452777777774,0.38515527777777764
temporal,across,rest,300,97,0.003333333333333333,0.0005337605126836238,0.003375797890278889,40,0.9027758333333333,0.3764186111111111
temporal,across,rest,300,98,0.006333333333333332,0.00023266081348403763,0.0014714761857543485,40,0.8244527777777775,0.32696611111111107
temporal,across,rest,300,99,0.005750000000000001,0.00046205751914361377,0.0029223083410013463,40,0.8689913888888894,0.37777416666666663
temporal,across,rest,300,100,0.0028333333333333335,0.000514047677015483,0.0032511229705750244,40,0.883935277777778,0.2708277777777778
temporal,across,rest,300,101,0.006666666666666666,1.3888903378525477e-19,8.784113775629649e-19,40,0.8240991666666666,0.3779480555555555
temporal,across,rest,300,102,0.0065833333333333325,8.333333333333333e-05,0.0005270462766947299,40,0.8349169444444448,0.26856472222222216
temporal,across,rest,300,103,0.0030833333333333333,0.0005117911677922935,0.0032368515531621127,40,0.841839166666667,0.3358166666666666
temporal,across,rest,300,104,0.002666666666666667,0.0005229763603684908,0.0033075929223788923,40,0.8514563888888889,0.4098649999999998
temporal,across,rest,300,105,0.002666666666666667,0.0005229763603684908,0.0033075929223788923,40,0.8259283333333336,0.26550555555555555
temporal,across,rest,300,106,0.005666666666666667,0.0003811812499312437,0.002410801902265263,40,0.8579466666666666,0.43550722222222216
temporal,across,rest,300,107,0.005083333333333334,0.0004772233913401199,0.0030182257386893066,40,0.8606894444444458,0.4064524999999999
temporal,across,rest,300,108,0.002,0.0004891995904702285,0.0030939698726150473,40,0.8358072222222223,0.2904583333333334
temporal,across,rest,300,109,0.006416666666666666,0.00014058789871449555,0.0008891559427897283,40,0.8128336111111111,0.31258472222222217
temporal,across,rest,300,110,0.0013333333333333335,0.000427008410146899,0.002700638312223111,40,0.8465827777777779,0.26615472222222225
temporal,across,rest,300,111,0.006333333333333332,0.00023266081348403763,0.0014714761857543485,40,0.8447375000000003,0.34145611111111107
temporal,across,rest,300,112,0.004333333333333333,0.0005091750772173156,0.0032203059435976533,40,0.8407225000000006,0.4003927777777777
temporal,across,rest,300,113,0.0036666666666666666,0.0005310850045437943,0.0033588764910385265,40,0.8856766666666663,0.42124638888888877
temporal,across,rest,300,114,0.002666666666666667,0.0005229763603684908,0.0033075929223788923,40,0.8922525000000002,0.3977038888888889
temporal,across,rest,300,115,0.003,0.0005310850045437943,0.0033588764910385265,40,0.8461275,0.3010925
temporal,across,rest,300,116,0.00625,0.0002442355362165734,0.0015446811599938307,40,0.7935486111111111,0.2948988888888888
temporal,across,rest,300,117,0.006666666666666666,1.3888903378525477e-19,8.784113775629649e-19,40,0.7170644444444445,0.3492127777777777
temporal,across,rest,300,118,0.0006666666666666668,0.0003202563076101743,0.0020254787341673335,40,0.8711880555555551,0.4083438888888888
temporal,across,rest,300,119,0.004666666666666667,0.0004891995904702285,0.0030939698726150473,40,0.8706586111111122,0.3039
temporal,across,rest,300,120,0.002666666666666667,0.0005364226763936138,0.003392634891934514,40,0.9107825000000013,0.3827152777777777
temporal,across,rest,300,121,0.00625,0.00021308679664864953,0.0013476792334377334,40,0.8529941666666669,0.2937144444444444
temporal,across,rest,300,122,0.0023333333333333335,0.0005091750772173156,0.0032203059435976533,40,0.8717669444444442,0.29795777777777777
temporal,across,rest,300,123,0.0017500000000000003,0.0004919219241781967,0.0031111874227515096,40,0.8307172222222221,0.3715627777777777
temporal,across,rest,300,124,0.004,0.0005229763603684908,0.0033075929223788923,40,0.8469063888888894,0.27748083333333334
temporal,across,rest,300,125,0.002666666666666667,0.0005229763603684908,0.0033075929223788923,40,0.8108244444444447,0.3941177777777777
temporal,across,rest,300,126,0.006,0.0003202563076101743,0.0020254787341673335,40,0.9007861111111118,0.3492197222222222
temporal,across,rest,300,127,0.005333333333333334,0.00044337478117411743,0.002804148331177911,40,0.8586344444444446,0.39510055555555545
temporal,across,rest,300,128,0.0016666666666666666,0.00046225016352102424,0.0029235267310234307,40,0.8566472222222223,0.26714305555555556
temporal,across,rest,300,129,0.0006666666666666668,0.0003202563076101743,0.0020254787341673335,40,0.8673891666666673,0.3837116666666667
temporal,across,rest,300,130,0.005,0.0004622501635210243,0.002923526731023431,40,0.8035780555555558,0.34417777777777775
temporal,across,rest,300,131,0.004,0.0005229763603684908,0.0033075929223788923,40,0.8927838888888887,0.3327522222222222
temporal,across,rest,300,132,0.0006666666666666668,0.00032025630761017425,0.002025478734167333,40,0.8324225000000002,0.2953575
temporal,across,rest,300,133,0.005416666666666667,0.00037148159510072033,0.0023494558987014465,40,0.7589111111111115,0.2891191666666666
temporal,across,rest,300,134,0.0032500000000000003,0.0005268773245260372,0.0033322647859959456,40,0.9036994444444453,0.3977077777777777
temporal,across,rest,300,135,0.004083333333333333,0.000540226553720501,0.0034166927245201863,40,0.8414163888888894,0.31983388888888886
temporal,across,rest,300,136,0.006,0.0003202563076101743,0.0020254787341673335,40,0.7646913888888892,0.3034533333333333
temporal,across,rest,300,137,0.002416666666666667,0.0004772233913401199,0.0030182257386893066,40,0.9085852777777781,0.2954444444444444
temporal,across,rest,300,138,0.006166666666666666,0.00022487730114398066,0.0014222489313731345,40,0.7817288888888891,0.2843369444444444
temporal,across,rest,300,139,0.0037500000000000007,0.0005493780477196366,0.0034745718545814495,40,0.8965094444444448,0.3951044444444444
temporal,across,rest,300,140,0.0016666666666666666,0.00046225016352102424,0.0029235267310234307,40,0.8981375000000005,0.281765
temporal,across,rest,300,141,0.006333333333333334,0.00016012815380508712,0.0010127393670836665,40,0.7496180555555558,0.33153388888888885
temporal,across,rest,300,142,0.0036666666666666666,0.0005310850045437943,0.0033588764910385265,40,0.8274888888888892,0.2781138888888889
temporal,across,rest,300,143,0.005,0.00046225016352102424,0.0029235267310234307,40,0.866685277777778,0.3016272222222222
temporal,across,rest,300,144,0.003,0.0005035486605694166,0.0031847213602527527,40,0.8514758333333331,0.33553388888888885
temporal,across,rest,300,145,0.006750000000000001,8.333333333333332e-05,0.0005270462766947298,40,0.8349047222222226,0.3298658333333333
temporal,across,rest,300,146,0.006666666666666666,1.3888903378525477e-19,8.784113775629649e-19,40,0.8259061111111115,0.2914797222222221
temporal,across,rest,300,147,0.0037500000000000007,0.000522806092950542,0.003306516056674825,40,0.8667424999999997,0.2709566666666666
temporal,across,rest,300,148,0.0036666666666666666,0.0005310850045437943,0.0033588764910385265,40,0.8258150000000007,0.3123886111111111
temporal,across,rest,300,149,0.006,0.0003202563076101743,0.0020254787341673335,40,0.821159444444444,0.2937869444444445
temporal,across,rest,300,150,0.006666666666666666,1.3888903378525477e-19,8.784113775629649e-19,40,0.8509272222222233,0.28191916666666667
temporal,across,rest,300,151,0.0006666666666666668,0.0003202563076101743,0.0020254787341673335,40,0.8828352777777784,0.3307994444444445
temporal,across,rest,300,152,0.005333333333333333,0.000427008410146899,0.002700638312223111,40,0.8437805555555563,0.3936752777777778
temporal,across,rest,300,153,0.0026666666666666666,0.0005229763603684908,0.0033075929223788923,40,0.8662269444444448,0.3498391666666667
temporal,across,rest,300,154,0.006333333333333332,0.0002326608134840376,0.0014714761857543483,40,0.7869211111111115,0.3728741666666667
temporal,across,rest,300,155,0.004666666666666667,0.0004891995904702285,0.0030939698726150473,40,0.7931405555555562,0.33916472222222216
temporal,across,rest,300,156,0.0005833333333333334,0.00023532422926144446,0.0014883211061796158,40,0.8413288888888898,0.3109291666666666
temporal,across,rest,300,157,0.0003333333333333334,0.0002326608134840376,0.0014714761857543483,40,0.8162372222222226,0.3937469444444443
temporal,across,rest,300,158,0.005583333333333333,0.00038466879970967946,0.0024328591037714085,40,0.8121208333333338,0.3462969444444444
temporal,across,rest,300,159,0.005583333333333334,0.00046818282400698627,0.0029610481704636735,40,0.7823225000000003,0.36507111111111107
temporal,across,rest,300,160,0.0026666666666666666,0.0005229763603684908,0.0033075929223788923,40,0.8852830555555553,0.42548805555555547
temporal,across,rest,300,161,0.006,0.0003202563076101743,0.0020254787341673335,40,0.8818983333333336,0.313125
temporal,across,rest,300,162,0.004416666666666667,0.0004976798018658033,0.00314760343871451,40,0.8704194444444445,0.2869486111111111
temporal,across,rest,300,163,0.006,0.0003202563076101743,0.0020254787341673335,40,0.890838055555556,0.3345097222222222
temporal,across,rest,300,164,0.0,0.0,0.0,40,0.8842536111111119,0.26138055555555556
temporal,across,rest,300,165,0.0026666666666666666,0.0005229763603684908,0.0033075929223788923,40,0.896648611111112,0.2604399999999999
temporal,across,rest,300,166,0.003,0.0005310850045437943,0.0033588764910385265,40,0.8973911111111115,0.3601752777777778
temporal,across,rest,300,167,0.006,0.0003417734875749095,0.002161565329191943,40,0.8844197222222228,0.3694461111111111
temporal,across,rest,300,168,0.006,0.0003202563076101743,0.0020254787341673335,40,0.7619486111111115,0.28806305555555556
temporal,across,rest,300,169,0.0,0.0,0.0,40,0.8550850000000005,0.2516844444444445
temporal,across,rest,300,170,0.0013333333333333335,0.000427008410146899,0.002700638312223111,40,0.9006872222222224,0.43929722222222234
temporal,across,rest,300,171,0.00375,0.0004166666666666666,0.002635231383473649,40,0.8698474999999997,0.36608833333333335
temporal,across,rest,300,172,0.0013333333333333335,0.000427008410146899,0.002700638312223111,40,0.9059180555555557,0.35835638888888893
temporal,across,rest,300,173,0.004416666666666668,0.00048315646631310954,0.003055749799575685,40,0.814307222222222,0.39235694444444436
temporal,across,rest,300,174,0.0013333333333333335,0.000427008410146899,0.002700638312223111,40,0.8776725000000012,0.3236516666666667
temporal,across,rest,300,175,0.0006666666666666668,0.0003202563076101743,0.0020254787341673335,40,0.8808747222222226,0.3442319444444444
temporal,across,rest,300,176,0.0035000000000000005,0.0005840959605818989,0.0036941472150854586,40,0.8716522222222236,0.27171888888888884
temporal,across,rest,300,177,0.004666666666666667,0.0004891995904702285,0.0030939698726150477,40,0.8524208333333334,0.34768611111111103
temporal,across,rest,300,178,0.00625,0.0002442355362165734,0.0015446811599938307,40,0.8676436111111118,0.31438138888888895
temporal,across,rest,300,179,0.006666666666666666,1.3888903378525477e-19,8.784113775629649e-19,40,0.7848452777777781,0.32918305555555555
temporal,across,rest,300,180,0.0036666666666666666,0.0005310850045437943,0.0033588764910385265,40,0.9147713888888888,0.3345791666666667
temporal,across,rest,300,181,0.006333333333333332,0.00023266081348403763,0.0014714761857543485,40,0.8301016666666665,0.3241074999999999
temporal,across,rest,300,182,0.002666666666666667,0.0005229763603684908,0.0033075929223788923,40,0.8460050000000006,0.3653413888888888
temporal,across,rest,300,183,0.0,0.0,0.0,40,0.8786158333333333,0.3911549999999999
temporal,across,rest,300,184,0.0003333333333333334,0.00023266081348403755,0.001471476185754348,40,0.8971291666666673,0.28554972222222225
temporal,across,rest,300,185,0.001,0.00038118124993124375,0.0024108019022652635,40,0.8627175000000001,0.3968994444444443
temporal,across,rest,300,186,0.005333333333333333,0.000427008410146899,0.002700638312223111,40,0.8932400000000003,0.2867563888888889
temporal,across,rest,300,187,0.002666666666666667,0.0005229763603684908,0.0033075929223788923,40,0.789946666666667,0.30884611111111104
temporal,across,rest,300,188,0.005333333333333333,0.000427008410146899,0.002700638312223111,40,0.8232024999999996,0.35384055555555544
temporal,across,rest,300,189,0.005333333333333333,0.000427008410146899,0.002700638312223111,40,0.8060711111111111,0.35110972222222214
temporal,across,rest,300,190,0.0023333333333333335,0.00048038446141526145,0.0030382181012510003,40,0.8541744444444447,0.36288472222222223
temporal,across,rest,300,191,0.004666666666666667,0.0004591581544807963,0.0029039711487975277,40,0.8872480555555565,0.37139416666666664
temporal,across,rest,300,192,0.004083333333333333,0.000540226553720501,0.0034166927245201867,40,0.8758902777777784,0.3376369444444444
temporal,across,rest,300,193,0.004,0.0005229763603684908,0.0033075929223788923,40,0.8482377777777781,0.348865
temporal,across,rest,300,194,0.006333333333333332,0.00023266081348403763,0.0014714761857543485,40,0.8584511111111108,0.29427416666666667
temporal,across,rest,300,195,0.006666666666666666,1.3888903378525477e-19,8.784113775629649e-19,40,0.7679672222222225,0.3103816666666667
temporal,across,rest,300,196,0.005666666666666667,0.0003811812499312437,0.002410801902265263,40,0.8192752777777784,0.2904294444444444
temporal,across,rest,300,197,0.001,0.0003811812499312437,0.002410801902265263,40,0.9162975000000018,0.33097027777777777
temporal,across,rest,300,198,0.006666666666666666,1.3888903378525477e-19,8.784113775629649e-19,40,0.795731111111111,0.2770116666666667
temporal,across,rest,300,199,0.0038333333333333336,0.000514047677015483,0.0032511229705750244,40,0.8567555555555557,0.32270999999999994
temporal,across,rest,300,200,0.005583333333333333,0.00034565887371808783,0.0021861386687953444,40,0.8587505555555566,0.29554083333333336
temporal,across,rest,300,201,0.0036666666666666666,0.0005310850045437943,0.0033588764910385265,40,0.8756027777777782,0.2835547222222222
temporal,across,rest,300,202,0.0006666666666666668,0.0003202563076101743,0.0020254787341673335,40,0.8586577777777782,0.3124105555555555
temporal,across,rest,300,203,0.004666666666666667,0.0004891995904702285,0.0030939698726150473,40,0.7733877777777776,0.2804447222222223
temporal,across,rest,300,204,0.0027500000000000003,0.00046051346296568745,0.0029125428722863436,40,0.8287497222222232,0.31636444444444434
temporal,across,rest,300,205,0.006333333333333332,0.00023266081348403763,0.0014714761857543485,40,0.8144308333333334,0.2942463888888889
temporal,across,rest,300,206,0.004666666666666667,0.0004891995904702285,0.0030939698726150473,40,0.8713944444444447,0.27132999999999996
temporal,across,rest,300,207,0.004333333333333333,0.0005091750772173156,0.0032203059435976533,40,0.7798861111111107,0.29532499999999995
temporal,across,rest,300,208,0.004083333333333333,0.000540226553720501,0.0034166927245201867,40,0.8511874999999998,0.30386805555555557
temporal,across,rest,300,209,0.005333333333333333,0.000427008410146899,0.002700638312223111,40,0.8990861111111119,0.33410027777777784
temporal,across,rest,300,210,0.005333333333333333,0.000427008410146899,0.002700638312223111,40,0.8233719444444445,0.29625833333333335
temporal,across,rest,300,211,0.004333333333333333,0.0005091750772173156,0.0032203059435976533,40,0.872675555555556,0.28473638888888886
temporal,across,rest,300,212,0.004666666666666667,0.0004891995904702285,0.0030939698726150473,40,0.8219511111111114,0.3045013888888889
temporal,across,rest,300,213,0.004666666666666667,0.0004891995904702285,0.0030939698726150473,40,0.8812816666666672,0.4034441666666666
temporal,across,rest,300,214,0.001,0.00038118124993124375,0.0024108019022652635,40,0.9337702777777788,0.32624555555555557
temporal,across,rest,300,215,0.005083333333333334,0.0004772233913401199,0.0030182257386893066,40,0.8877652777777779,0.2775838888888889
temporal,across,rest,300,216,0.005,0.00046225016352102424,0.0029235267310234307,40,0.8157999999999997,0.2822622222222222
temporal,across,rest,300,217,0.0,0.0,0.0,40,0.8605700000000006,0.34982138888888886
temporal,across,rest,300,218,0.005083333333333334,0.0004301245430187895,0.002720346466956902,40,0.8309586111111111,0.33252444444444446
temporal,across,rest,300,219,0.004083333333333333,0.0005131809630673188,0.003245641390262953,40,0.8166819444444439,0.27125666666666665
temporal,across,rest,300,220,0.0028333333333333335,0.000514047677015483,0.0032511229705750244,40,0.8478044444444446,0.3413719444444444
temporal,across,rest,300,221,0.00075,0.00032658772812147146,0.0020655221534473475,40,0.9095377777777781,0.37864666666666674
temporal,across,rest,300,222,0.0,0.0,0.0,40,0.8958947222222229,0.3193627777777778
temporal,across,rest,300,223,0.0013333333333333335,0.000427008410146899,0.002700638312223111,40,0.9109541666666672,0.30630611111111106
temporal,across,rest,300,224,0.0003333333333333334,0.00023266081348403755,0.001471476185754348,40,0.8642533333333338,0.2539369444444445
temporal,across,rest,300,225,0.0013333333333333335,0.000427008410146899,0.002700638312223111,40,0.8908161111111115,0.3357875
temporal,across,rest,300,226,0.005,0.0004622501635210243,0.002923526731023431,40,0.8519030555555555,0.2875036111111111
temporal,across,rest,300,227,0.006333333333333332,0.00023266081348403763,0.0014714761857543485,40,0.7687016666666666,0.2990172222222222
temporal,across,rest,300,228,0.006083333333333334,0.00028959889738657733,0.0018315842472299369,40,0.8922694444444457,0.29871083333333337
temporal,across,rest,300,229,0.006,0.0003202563076101743,0.0020254787341673335,40,0.8086916666666675,0.32843527777777776
temporal,across,rest,300,230,0.006333333333333332,0.00023266081348403763,0.0014714761857543485,40,0.7995791666666667,0.32419583333333335
temporal,across,rest,300,231,0.006,0.0003202563076101743,0.0020254787341673335,40,0.882075,0.3617527777777778
temporal,across,rest,300,232,0.0055000000000000005,0.0002545875386086578,0.0016101529717988266,40,0.7989197222222223,0.27622138888888886
temporal,across,rest,300,233,0.0006666666666666668,0.0003202563076101743,0.0020254787341673335,40,0.8817177777777785,0.2947661111111111
temporal,across,rest,300,234,0.0026666666666666666,0.0005229763603684908,0.0033075929223788923,40,0.8560422222222218,0.27890444444444445
temporal,across,rest,300,235,0.005666666666666666,0.00038118124993124375,0.0024108019022652635,40,0.828985,0.36734749999999994
temporal,across,rest,300,236,0.004,0.0005229763603684908,0.0033075929223788923,40,0.9260916666666678,0.326415
temporal,across,rest,300,237,0.006333333333333332,0.0002326608134840376,0.0014714761857543483,40,0.8306222222222225,0.3209533333333333
temporal,across,rest,300,238,0.001,0.00038118124993124375,0.0024108019022652635,40,0.852558055555555,0.3796474999999999
temporal,across,rest,300,239,0.0016666666666666666,0.0004622501635210243,0.002923526731023431,40,0.8714922222222228,0.2811786111111111
temporal,across,rest,300,240,0.0003333333333333334,0.00023266081348403755,0.001471476185754348,40,0.8927063888888886,0.2776630555555555
temporal,across,rest,300,241,0.0023333333333333335,0.0005091750772173156,0.0032203059435976533,40,0.8294130555555558,0.31747083333333326
temporal,across,rest,300,242,0.005333333333333334,0.000427008410146899,0.002700638312223111,40,0.8330813888888884,0.2861761111111111
temporal,across,rest,300,243,0.0036666666666666666,0.0005310850045437943,0.0033588764910385265,40,0.9001416666666667,0.2767736111111111
temporal,across,rest,300,244,0.0036666666666666666,0.0005310850045437943,0.0033588764910385265,40,0.8746450000000012,0.2772538888888889
temporal,across,rest,300,245,0.004666666666666667,0.0004891995904702285,0.0030939698726150477,40,0.8408283333333333,0.3110858333333333
temporal,across,rest,300,246,0.006333333333333332,0.0002326608134840376,0.0014714761857543483,40,0.8512791666666668,0.30092277777777776
temporal,across,rest,300,247,0.006333333333333332,0.00023266081348403763,0.0014714761857543485,40,0.8216277777777787,0.3712105555555555
temporal,across,rest,300,248,0.0003333333333333334,0.0002326608134840376,0.0014714761857543483,40,0.9154977777777793,0.33438611111111116
temporal,across,rest,300,249,0.005333333333333333,0.000427008410146899,0.002700638312223111,40,0.8966697222222221,0.3491755555555556
temporal,across,rest,300,250,0.0,0.0,0.0,40,0.8807377777777784,0.25464
temporal,across,rest,300,251,0.0065833333333333325,8.333333333333333e-05,0.0005270462766947299,40,0.8558991666666668,0.34909472222222215
temporal,across,rest,300,252,0.005333333333333333,0.000427008410146899,0.002700638312223111,40,0.8241266666666671,0.3249772222222222
temporal,across,rest,300,253,0.0032500000000000003,0.0005268773245260372,0.0033322647859959456,40,0.8691688888888892,0.26988861111111107
temporal,across,rest,300,254,0.0016666666666666666,0.00046225016352102424,0.0029235267310234307,40,0.8675077777777778,0.3464641666666666
temporal,across,rest,300,255,0.006666666666666666,1.3888903378525477e-19,8.784113775629649e-19,40,0.8120797222222211,0.37134722222222216
temporal,across,rest,300,256,0.005916666666666666,0.0004217636961434866,0.0026674678283691846,40,0.8776786111111126,0.32323361111111115
temporal,across,rest,300,257,0.006666666666666666,1.3888903378525477e-19,8.784113775629649e-19,40,0.7536708333333333,0.27624
temporal,across,rest,300,258,0.0,0.0,0.0,40,0.8796208333333336,0.2939477777777778
temporal,across,rest,300,259,0.0020833333333333337,0.0004574097142864882,0.0028929130420643255,40,0.8592908333333338,0.3621155555555555
temporal,across,rest,300,260,0.003916666666666667,0.0004904718932443306,0.003102016621894074,40,0.9030875000000007,0.2638755555555556
temporal,across,rest,300,261,0.00575,0.00039562241344126857,0.002502135839774444,40,0.8182969444444448,0.2599444444444444
temporal,across,rest,300,262,0.006666666666666666,1.3888903378525477e-19,8.784113775629649e-19,40,0.835209166666667,0.30814305555555555
temporal,across,rest,300,263,0.004333333333333333,0.0005091750772173156,0.0032203059435976533,40,0.7838838888888888,0.2703116666666666
temporal,across,rest,300,264,0.004916666666666666,0.0004772233913401199,0.0030182257386893066,40,0.8245658333333339,0.36481472222222217
temporal,across,rest,300,265,0.006333333333333332,0.00023266081348403763,0.0014714761857543485,40,0.8025713888888895,0.31358166666666665
temporal,across,rest,300,266,0.006666666666666666,1.3888903378525477e-19,8.784113775629649e-19,40,0.7602819444444444,0.3082736111111111
temporal,across,rest,300,267,0.007000000000000001,0.00023266081348403755,0.001471476185754348,40,0.8610902777777781,0.31188444444444446
temporal,across,rest,300,268,0.0037500000000000007,0.000522806092950542,0.003306516056674825,40,0.8469636111111125,0.27024583333333335
temporal,across,rest,300,269,0.0025,0.0004583818933094545,0.002899061642076347,40,0.9066475,0.3256983333333333
temporal,across,rest,300,270,0.005416666666666667,0.00040803015083275897,0.002580609261307136,40,0.8213088888888898,0.3273655555555555
temporal,across,rest,300,271,0.001,0.0003811812499312437,0.002410801902265263,40,0.9111474999999999,0.2749636111111111
temporal,across,rest,300,272,0.0020833333333333337,0.0004875588940976005,0.0030835931976424856,40,0.8720102777777784,0.27975694444444443
temporal,across,rest,300,273,0.006333333333333332,0.0002326608134840376,0.0014714761857543483,40,0.7907694444444446,0.30286277777777776
temporal,across,rest,300,274,0.0006666666666666668,0.0003202563076101743,0.0020254787341673335,40,0.9237122222222224,0.35589972222222216
temporal,across,rest,300,275,0.0,0.0,0.0,40,0.9044088888888897,0.31711999999999996
temporal,across,rest,300,276,0.002,0.0004891995904702285,0.0030939698726150473,40,0.9003644444444451,0.3126383333333333
temporal,across,rest,300,277,0.006666666666666666,1.3888903378525477e-19,8.784113775629649e-19,40,0.8248527777777778,0.26756555555555556
temporal,across,rest,300,278,0.00575,0.00039562241344126857,0.002502135839774444,40,0.8454788888888887,0.31415361111111106
temporal,across,rest,300,279,0.0026666666666666666,0.0005229763603684907,0.003307592922378892,40,0.8928333333333345,0.34278555555555557
temporal,across,rest,300,280,0.0015,0.0004614791034954486,0.0029186501192363773,40,0.8986777777777787,0.3435586111111111
temporal,across,rest,300,281,0.005166666666666667,0.0004295031251026405,0.0027164162749691695,40,0.857852777777779,0.3621466666666667
temporal,across,rest,300,282,0.005333333333333333,0.000427008410146899,0.002700638312223111,40,0.8606422222222218,0.2844413888888889
temporal,across,rest,300,283,0.004333333333333333,0.0005091750772173156,0.0032203059435976533,40,0.9244272222222225,0.2831822222222222
temporal,across,rest,300,284,0.0020833333333333337,0.0004574097142864882,0.0028929130420643255,40,0.8690702777777783,0.26863194444444444
temporal,across,rest,300,285,0.0025,0.0004736654667156709,0.0029957234475763905,40,0.9015755555555559,0.32157111111111114
temporal,across,rest,300,286,0.004333333333333333,0.0005091750772173156,0.0032203059435976533,40,0.8583547222222234,0.2560958333333333
temporal,across,rest,300,287,0.0030833333333333333,0.0005519648921491675,0.003490932495281123,40,0.9010586111111124,0.32829305555555555
temporal,across,rest,300,288,0.0041666666666666675,0.000502840931954632,0.003180245291476762,40,0.8558355555555552,0.2744616666666667
temporal,across,rest,300,289,0.0016666666666666666,0.0004622501635210243,0.002923526731023431,40,0.901870277777779,0.36936194444444437
temporal,across,rest,300,290,0.0025833333333333333,0.0004991088925371763,0.003156641801723386,40,0.8646622222222223,0.3572725
temporal,across,rest,300,291,0.0023333333333333335,0.0005091750772173156,0.0032203059435976533,40,0.8711805555555557,0.2994183333333333
temporal,across,rest,300,292,0.004583333333333333,0.0004875588940976005,0.0030835931976424856,40,0.8262711111111116,0.27764527777777775
temporal,across,rest,300,293,0.0,0.0,0.0,40,0.860924722222222,0.3672666666666667
temporal,across,rest,300,294,0.004333333333333333,0.0005091750772173156,0.0032203059435976533,40,0.9000113888888889,0.31433722222222216
temporal,across,rest,300,295,0.005,0.0004622501635210243,0.002923526731023431,40,0.8384136111111115,0.33842555555555554
temporal,across,rest,300,296,0.0036666666666666666,0.0005310850045437943,0.0033588764910385265,40,0.8848425000000001,0.30962916666666673
temporal,across,rest,300,297,0.004916666666666666,0.00046205751914361377,0.0029223083410013463,40,0.8401372222222225,0.33598111111111106
temporal,across,rest,300,298,0.004333333333333333,0.0005091750772173156,0.0032203059435976533,40,0.8624816666666668,0.29308083333333335
temporal,across,rest,300,299,0.0006666666666666668,0.0003202563076101743,0.0020254787341673335,40,0.8962238888888894,0.2668302777777778
temporal,across,word,5,0,0.0085833333333333,0.0005833333333333,0.0036893239368631,40,0.6088480555555558,0.3360549999999999
temporal,across,word,5,1,0.0085,0.0007543794264747,0.0047711144152632,40,0.6091794444444445,0.2842944444444444
temporal,across,word,5,2,0.0053333333333333,0.0006515377383555,0.0041206864695165,40,0.5969361111111111,0.3303002777777777
temporal,across,word,5,3,0.0118333333333333,0.0010671873729054,0.0067494855771055,40,0.6521880555555556,0.2937047222222221
temporal,across,word,5,4,0.00475,0.0005583795745617,0.0035315025090618,40,0.5283119444444445,0.3463691666666667
temporal,across,word,10,0,0.0081666666666666,0.0004913786640188,0.0031077515438206,40,0.6185330555555557,0.354276111111111
temporal,across,word,10,1,0.0083333333333333,0.0005598127485064,0.0035405666969586,40,0.6357294444444445,0.3449791666666666
temporal,across,word,10,2,0.0118333333333333,0.0008684892079199,0.0054928080406054,40,0.6325433333333335,0.3068299999999999
temporal,across,word,10,3,0.0104166666666666,0.0008785793700068,0.0055566238289152,40,0.6069311111111111,0.3049258333333332
temporal,across,word,10,4,0.005,0.0006751595780557,0.0042700841014689,40,0.5731922222222222,0.3221469444444443
temporal,across,word,10,5,0.00525,0.0008679764921259,0.0054895653412021,40,0.591425,0.3129669444444444
temporal,across,word,10,6,0.0072499999999999,0.0006844581111966,0.0043288931887165,40,0.5912108333333334,0.3179205555555555
temporal,across,word,10,7,0.0050833333333333,0.000620030097606,0.003921414652583,40,0.55023,0.3372705555555555
temporal,across,word,10,8,0.0046666666666666,0.0005822639771026,0.0036825607342247,40,0.5424627777777777,0.3210975
temporal,across,word,10,9,0.0029166666666666,0.0004948092383294,0.0031294484008283,40,0.4842280555555555,0.3100616666666666
temporal,across,word,25,0,0.0070833333333333,0.0004651302547095,0.0029417420270727,40,0.6021825,0.3427347222222222
temporal,across,word,25,1,0.0084166666666666,0.0005722388181146,0.0036191560616103,40,0.6012147222222222,0.3296252777777777
temporal,across,word,25,2,0.01,0.0005598127485064,0.0035405666969586,40,0.6038150000000001,0.3258458333333333
temporal,across,word,25,3,0.0080833333333333,0.0006072625513464,0.0038406655999594,40,0.5938202777777778,0.3220877777777777
temporal,across,word,25,4,0.00675,0.0003265877281214,0.0020655221534473,40,0.6107169444444446,0.3137111111111111
temporal,across,word,25,5,0.0073333333333333,0.000465321626968,0.0029429523715086,40,0.6155455555555556,0.3466391666666666
temporal,across,word,25,6,0.00625,0.0007471455652859,0.0047253634599954,40,0.6014725000000001,0.3129625
temporal,across,word,25,7,0.0089166666666666,0.000613098942578,0.0038775781791747,40,0.6359069444444445,0.3126322222222221
temporal,across,word,25,8,0.0093333333333333,0.0006666666666666,0.0042163702135578,40,0.6186636111111112,0.2959422222222221
temporal,across,word,25,9,0.0080833333333333,0.0006188802957865,0.0039141426673682,40,0.6095894444444444,0.3000327777777777
temporal,across,word,25,10,0.0048333333333333,0.0006421784505829,0.0040614931362402,40,0.5930511111111111,0.3139222222222222
temporal,across,word,25,11,0.0080833333333333,0.0007906820237478,0.0050007121999893,40,0.5941722222222223,0.3080752777777777
temporal,across,word,25,12,0.0055833333333333,0.0006470126398497,0.0040920672336869,40,0.5779716666666666,0.3105749999999999
temporal,across,word,25,13,0.0045,0.0006487990219938,0.0041033653063804,40,0.5931369444444445,0.3190341666666666
temporal,across,word,25,14,0.0055,0.0006264584123867,0.0039620708850304,40,0.5889902777777778,0.3239177777777777
temporal,across,word,25,15,0.0034166666666666,0.0004697016692749,0.0029706541913838,40,0.5249702777777777,0.3296027777777778
temporal,across,word,25,16,0.0051666666666666,0.0005330928945203,0.0033715755022721,40,0.5511597222222222,0.3249077777777778
temporal,across,word,25,17,0.0040833333333333,0.000526877324526,0.0033322647859959,40,0.6101766666666666,0.3071322222222222
temporal,across,word,25,18,0.005,0.0005202453946507,0.0032903207786188,40,0.5582730555555556,0.3184013888888889
temporal,across,word,25,19,0.0055833333333333,0.000689641510573,0.0043616758848195,40,0.5860283333333334,0.3255133333333334
temporal,across,word,25,20,0.00425,0.0006643924886069,0.004201987048611,40,0.5780797222222223,0.3254249999999999
temporal,across,word,25,21,0.0026666666666666,0.0004336290903919,0.0027425111706914,40,0.4686138888888889,0.3195966666666666
temporal,across,word,25,22,0.0055,0.0006264584123867,0.0039620708850304,40,0.6049847222222222,0.3075847222222222
temporal,across,word,25,23,0.0039166666666666,0.0005187029077928,0.0032805652351551,40,0.5047366666666667,0.3133072222222222
temporal,across,word,25,24,0.0019166666666666,0.0004284654257727,0.0027098532881513,40,0.5180338888888889,0.3280722222222222
temporal,across,word,50,0,0.00675,0.0005402265537205,0.0034166927245201,40,0.5992722222222223,0.3140972222222222
temporal,across,word,50,1,0.0069166666666666,0.0004681828240069,0.0029610481704636,40,0.5878627777777778,0.3281966666666666
temporal,across,word,50,2,0.0075833333333333,0.0005061938301996,0.0032014508819108,40,0.585626388888889,0.3439455555555555
temporal,across,word,50,3,0.008,0.0006178724639975,0.0039077685794651,40,0.6009933333333333,0.3194316666666666
temporal,across,word,50,4,0.0065,0.0005462902602399,0.0034550429718488,40,0.5937916666666666,0.3246199999999999
temporal,across,word,50,5,0.008,0.000557262335477,0.0035244364686645,40,0.5954386111111113,0.3074147222222222
temporal,across,word,50,6,0.0072499999999999,0.0004904718932443,0.003102016621894,40,0.6089772222222223,0.2849505555555555
temporal,across,word,50,7,0.0058333333333333,0.000672517064675,0.0042533713794081,40,0.5960827777777777,0.288998611111111
temporal,across,word,50,8,0.0079166666666666,0.0006049122278635,0.0038258008490709,40,0.6221311111111113,0.3329980555555555
temporal,across,word,50,9,0.00675,0.0006481125346341,0.0040990235790971,40,0.5942683333333333,0.3062224999999999
temporal,across,word,50,10,0.0059166666666666,0.000602552736754,0.0038108781170213,40,0.5933658333333333,0.3065436111111111
temporal,across,word,50,11,0.0074166666666666,0.0006257474163429,0.0039575741512185,40,0.6298416666666669,0.2945524999999999
temporal,across,word,50,12,0.00925,0.0006802829560446,0.0043024871889868,40,0.6325666666666667,0.2734402777777777
temporal,across,word,50,13,0.0084166666666666,0.000620030097606,0.003921414652583,40,0.5972191666666667,0.2877555555555555
temporal,across,word,50,14,0.0064166666666666,0.0006579288490181,0.0041611074024608,40,0.6638080555555556,0.285105
temporal,across,word,50,15,0.003,0.0006062354060275,0.0038341693625679,40,0.5737722222222221,0.3586875
temporal,across,word,50,16,0.0041666666666666,0.0006056476837313,0.0038304522803925,40,0.5809594444444445,0.3213966666666666
temporal,across,word,50,17,0.0070833333333333,0.0006875728399641,0.0043485924631145,40,0.5882372222222222,0.313641111111111
temporal,across,word,50,18,0.0087499999999999,0.000742363784545,0.0046951208231694,40,0.6115319444444445,0.3169816666666666
temporal,across,word,50,19,0.00725,0.0007537890989514,0.0047673808561851,40,0.6212241666666668,0.2651769444444444
temporal,across,word,50,20,0.0064166666666666,0.0006246081392643,0.0039503687303102,40,0.5812425000000001,0.2922130555555555
temporal,across,word,50,21,0.0068333333333333,0.0005462902602399,0.0034550429718488,40,0.6005436111111111,0.293585
temporal,across,word,50,22,0.0040833333333333,0.0005784287095915,0.0036583043726829,40,0.5235969444444445,0.3273397222222222
temporal,across,word,50,23,0.0063333333333333,0.0006835469751498,0.0043231306583838,40,0.5909669444444445,0.2995930555555556
temporal,across,word,50,24,0.0039166666666666,0.0004757285610699,0.0030087716019509,40,0.5404272222222224,0.3147588888888888
temporal,across,word,50,25,0.0025,0.0005028409319546,0.0031802452914767,40,0.5688716666666668,0.3182258333333333
temporal,across,word,50,26,0.0045,0.0006703955544528,0.0042399537706451,40,0.5409613888888888,0.3357622222222222
temporal,across,word,50,27,0.0049166666666666,0.0006643924886069,0.004201987048611,40,0.5549088888888889,0.3397125
temporal,across,word,50,28,0.0041666666666666,0.0006509909168253,0.0041172280664989,40,0.5601588888888889,0.3432227777777777
temporal,across,word,50,29,0.0075,0.0006933752452815,0.0043852900965351,40,0.6330105555555556,0.3175977777777777
temporal,across,word,50,30,0.0045833333333333,0.0006503067433133,0.0041129009732735,40,0.5619286111111111,0.3034861111111111
temporal,across,word,50,31,0.0060833333333333,0.0007996393417804,0.0050573632534081,40,0.5762347222222225,0.3154638888888889
temporal,across,word,50,32,0.0029166666666666,0.0003617679758851,0.0022880215766121,40,0.5500891666666666,0.3339519444444444
temporal,across,word,50,33,0.0051666666666666,0.0005717718748968,0.0036162028533978,40,0.6159022222222222,0.3094788888888888
temporal,across,word,50,34,0.0074166666666666,0.0006697312043199,0.0042357520514774,40,0.6163688888888889,0.304465
temporal,across,word,50,35,0.0033333333333333,0.0005723943812052,0.0036201399289824,40,0.5774688888888889,0.3300244444444444
temporal,across,word,50,36,0.0059166666666666,0.0005659812345252,0.0035795796280276,40,0.5494758333333334,0.3382244444444444
temporal,across,word,50,37,0.0042499999999999,0.0005722388181146,0.0036191560616103,40,0.5710994444444445,0.3270438888888888
temporal,across,word,50,38,0.00475,0.0005583795745617,0.0035315025090618,40,0.5472227777777778,0.3298838888888889
temporal,across,word,50,39,0.0049166666666666,0.0004772233913401,0.0030182257386893,40,0.5869022222222222,0.3050625
temporal,across,word,50,40,0.0046666666666666,0.0007040784727049,0.0044529832504804,40,0.6106300000000001,0.2916930555555555
temporal,across,word,50,41,0.003,0.0004744167209018,0.0030004747962362,40,0.4976869444444444,0.349223611111111
temporal,across,word,50,42,0.0055,0.0005791977947731,0.0036631684944598,40,0.5594561111111112,0.3384280555555555
temporal,across,word,50,43,0.0058333333333333,0.00058165203371,0.0036786904643858,40,0.6095508333333335,0.2914027777777777
temporal,across,word,50,44,0.006,0.0005871365639519,0.0037133776793067,40,0.5796666666666667,0.2939158333333333
temporal,across,word,50,45,0.0049166666666666,0.0006535842445105,0.0041336297109071,40,0.5242027777777777,0.3202013888888889
temporal,across,word,50,46,0.0025,0.0003530493940568,0.0022328804235236,40,0.5131755555555555,0.3293433333333334
temporal,across,word,50,47,0.00275,0.0004904718932443,0.003102016621894,40,0.519721388888889,0.3457813888888889
temporal,across,word,50,48,0.0035,0.0004295031251026,0.0027164162749691,40,0.4967974999999999,0.3253769444444444
temporal,across,word,50,49,0.0034999999999999,0.0005056659032384,0.0031981119786399,40,0.4920047222222221,0.3385483333333333
temporal,across,word,75,0,0.0075,0.0004261735932972,0.0026953584668754,40,0.6082794444444446,0.2839883333333333
temporal,across,word,75,1,0.0074166666666666,0.0005532537786493,0.0034990841292529,40,0.5998105555555555,0.3039036111111111
temporal,across,word,75,2,0.0065833333333333,0.0004697016692749,0.0029706541913838,40,0.5945319444444445,0.3269352777777777
temporal,across,word,75,3,0.0091666666666666,0.0005692750425533,0.0036004114991154,40,0.5981441666666667,0.3404833333333333
temporal,across,word,75,4,0.0075,0.0005304140187994,0.0033546328045795,40,0.59276,0.3114977777777777
temporal,across,word,75,5,0.00925,0.0006481125346341,0.0040990235790971,40,0.6029975,0.2875955555555555
temporal,across,word,75,6,0.0068333333333333,0.0003570614477829,0.0022582548792629,40,0.6442438888888891,0.2806608333333333
temporal,across,word,75,7,0.0072499999999999,0.0005954181656808,0.0037657551275822,40,0.5972727777777779,0.3146572222222222
temporal,across,word,75,8,0.0084999999999999,0.0004125868638576,0.0026094284449121,40,0.6369347222222224,0.2953636111111111
temporal,across,word,75,9,0.0064166666666666,0.0006579288490181,0.0041611074024608,40,0.6178744444444446,0.2939619444444444
temporal,across,word,75,10,0.0061666666666666,0.0006032910690206,0.0038155477402863,40,0.6103805555555558,0.2852172222222222
temporal,across,word,75,11,0.0049166666666666,0.0005596536881967,0.0035395607112309,40,0.588232222222222,0.3187141666666666
temporal,across,word,75,12,0.0084999999999999,0.0005056659032384,0.0031981119786399,40,0.6423538888888889,0.3282841666666666
temporal,across,word,75,13,0.0084166666666666,0.0006535842445105,0.0041336297109071,40,0.6550497222222225,0.3109911111111111
temporal,across,word,75,14,0.00575,0.000520074233141,0.003289238258182,40,0.6214722222222222,0.3258480555555555
temporal,across,word,75,15,0.00925,0.0007404424256854,0.0046829690827721,40,0.6304219444444445,0.2791358333333333
temporal,across,word,75,16,0.01,0.000620173672946,0.0039223227027636,40,0.6242136111111112,0.3024091666666666
temporal,across,word,75,17,0.0060833333333333,0.0005833333333333,0.0036893239368631,40,0.6463683333333334,0.2651680555555555
temporal,across,word,75,18,0.0042499999999999,0.0004772233913401,0.0030182257386893,40,0.6326638888888889,0.3117883333333333
temporal,across,word,75,19,0.007,0.000780824314226,0.0049383665707867,40,0.6410002777777779,0.3249713888888889
temporal,across,word,75,20,0.0085833333333333,0.0007248882417055,0.0045845957857283,40,0.6053102777777778,0.276358611111111
temporal,across,word,75,21,0.0071666666666666,0.0005791977947731,0.0036631684944598,40,0.5974541666666667,0.2907855555555556
temporal,across,word,75,22,0.0087499999999999,0.0008155146243716,0.0051577673563824,40,0.6248966666666667,0.2816377777777777
temporal,across,word,75,23,0.0089166666666666,0.0006579288490181,0.0041611074024608,40,0.6402947222222222,0.2598855555555555
temporal,across,word,75,24,0.0046666666666666,0.0006515377383555,0.0041206864695165,40,0.5658094444444444,0.31846
temporal,across,word,75,25,0.0058333333333333,0.0005692750425533,0.0036004114991154,40,0.6080563888888889,0.3029505555555555
temporal,across,word,75,26,0.0075,0.0006399563731569,0.004047439484633,40,0.641765,0.2462436111111111
temporal,across,word,75,27,0.0038333333333333,0.0005913671446023,0.0037401342206669,40,0.5995041666666667,0.3294997222222222
temporal,across,word,75,28,0.0050833333333333,0.0007258701429232,0.004590805874299,40,0.6016497222222223,0.3271411111111111
temporal,across,word,75,29,0.0063333333333333,0.0006515377383555,0.0041206864695165,40,0.5896530555555557,0.2664586111111111
temporal,across,word,75,30,0.00625,0.0005989960736902,0.0037883838047182,40,0.5741391666666666,0.3168725
temporal,across,word,75,31,0.005,0.0005967623950328,0.0037742567804819,40,0.6120355555555556,0.2905705555555554
temporal,across,word,75,32,0.0066666666666666,0.0006751595780557,0.0042700841014689,40,0.6225200000000002,0.2913841666666666
temporal,across,word,75,33,0.0064166666666666,0.0005117911677922,0.0032368515531621,40,0.5854725000000001,0.2882211111111111
temporal,across,word,75,34,0.0053333333333333,0.0006178724639975,0.0039077685794651,40,0.5928583333333333,0.319608611111111
temporal,across,word,75,35,0.0070833333333333,0.0005747227747412,0.0036348659827084,40,0.6613247222222223,0.3339313888888888
temporal,across,word,75,36,0.0040833333333333,0.0006370281338409,0.0040289196730877,40,0.5773694444444445,0.337435
temporal,across,word,75,37,0.0065833333333333,0.0006142595663193,0.0038849186082326,40,0.6027683333333334,0.3085447222222221
temporal,across,word,75,38,0.0036666666666666,0.000557262335477,0.0035244364686645,40,0.6402947222222221,0.3084383333333333
temporal,across,word,75,39,0.0070833333333333,0.0006557601448101,0.0041473913127235,40,0.6117747222222222,0.2955422222222222
temporal,across,word,75,40,0.0031666666666666,0.0005195604102922,0.00328598855715,40,0.5680650000000002,0.3126377777777777
temporal,across,word,75,41,0.0023333333333333,0.0004497546022879,0.0028444978627462,40,0.5371497222222221,0.3605922222222222
temporal,across,word,75,42,0.0031666666666666,0.0005717718748968,0.0036162028533978,40,0.5348200000000001,0.3187305555555555
temporal,across,word,75,43,0.0040833333333333,0.0006370281338409,0.0040289196730877,40,0.5697719444444445,0.2982105555555556
temporal,across,word,75,44,0.004,0.000465321626968,0.0029429523715086,40,0.5206002777777776,0.3731094444444444
temporal,across,word,75,45,0.00325,0.0005532537786493,0.0034990841292529,40,0.5825152777777779,0.3360291666666666
temporal,across,word,75,46,0.0044166666666666,0.0005894067228156,0.0037277354246259,40,0.5785013888888888,0.3507469444444445
temporal,across,word,75,47,0.0035833333333333,0.000613098942578,0.0038775781791747,40,0.5729397222222223,0.3148738888888888
temporal,across,word,75,48,0.005,0.0005967623950328,0.0037742567804819,40,0.6191705555555556,0.3136344444444444
temporal,across,word,75,49,0.0048333333333333,0.0006531754562429,0.0041310443068946,40,0.5815083333333332,0.3280016666666666
temporal,across,word,75,50,0.0055833333333333,0.0006792351572617,0.0042958603276195,40,0.6383569444444446,0.3288538888888889
temporal,across,word,75,51,0.0053333333333333,0.0006730463973541,0.0042567191732199,40,0.604195,0.2954102777777778
temporal,across,word,75,52,0.0058333333333333,0.0006287281966789,0.0039764262613514,40,0.5946308333333332,0.3189194444444444
temporal,across,word,75,53,0.0039166666666666,0.0005833333333333,0.0036893239368631,40,0.5791283333333335,0.3431541666666667
temporal,across,word,75,54,0.0036666666666666,0.0005175000172041,0.0032729574870827,40,0.5801086111111112,0.3200925
temporal,across,word,75,55,0.0056666666666666,0.0005748776656683,0.0036358455989457,40,0.5885644444444444,0.3122055555555555
temporal,across,word,75,56,0.0038333333333333,0.0004552636129375,0.0028793399053599,40,0.5571777777777778,0.3060458333333333
temporal,across,word,75,57,0.0038333333333333,0.0004855460696524,0.0030708629780892,40,0.5789261111111111,0.320355
temporal,across,word,75,58,0.0055833333333333,0.0007394798741889,0.0046768813725835,40,0.602956388888889,0.3021936111111111
temporal,across,word,75,59,0.0043333333333333,0.0005364226763936,0.0033926348919345,40,0.6001441666666667,0.3051669444444444
temporal,across,word,75,60,0.0038333333333333,0.0005791977947731,0.0036631684944598,40,0.5299486111111111,0.3678602777777778
temporal,across,word,75,61,0.0051666666666666,0.0005330928945203,0.0033715755022721,40,0.5962144444444444,0.3206597222222222
temporal,across,word,75,62,0.0058333333333333,0.0005937710859953,0.003755338080994,40,0.5940680555555556,0.3340072222222222
temporal,across,word,75,63,0.0073333333333333,0.0007753319296531,0.0049036296807144,40,0.5948227777777777,0.2923425
temporal,across,word,75,64,0.00375,0.0007079875978761,0.00447770672888,40,0.5415877777777778,0.368025
temporal,across,word,75,65,0.00475,0.0005709927876363,0.0036112754729195,40,0.5849836111111112,0.3215016666666666
temporal,across,word,75,66,0.005,0.0005967623950328,0.0037742567804819,40,0.6405802777777776,0.2835344444444444
temporal,across,word,75,67,0.0053333333333333,0.0007040784727049,0.0044529832504804,40,0.5891027777777776,0.3335225
temporal,across,word,75,68,0.0053333333333333,0.000780824314226,0.0049383665707867,40,0.5663933333333333,0.3703577777777778
temporal,across,word,75,69,0.0049166666666666,0.0006084343084444,0.0038480764425479,40,0.5935033333333335,0.3384836111111111
temporal,across,word,75,70,0.0039166666666666,0.0005833333333333,0.0036893239368631,40,0.5453286111111112,0.3275375
temporal,across,word,75,71,0.0034166666666666,0.0004991088925371,0.0031566418017233,40,0.6025636111111109,0.3263944444444444
temporal,across,word,75,72,0.005,0.0005202453946507,0.0032903207786188,40,0.6163997222222223,0.32554
temporal,across,word,75,73,0.0021666666666666,0.000348991220226,0.0022072142786315,40,0.520013888888889,0.3243783333333333
temporal,across,word,75,74,0.002,0.0003922322702763,0.0024806946917841,40,0.5073744444444445,0.3509402777777778
temporal,across,word,100,0,0.0085833333333333,0.0005454747794744,0.0034498854186348,40,0.6003461111111111,0.310165
temporal,across,word,100,1,0.0074166666666666,0.0005131809630673,0.0032456413902629,40,0.6053041666666668,0.3208169444444445
temporal,across,word,100,2,0.0075833333333333,0.0004772233913401,0.0030182257386893,40,0.6053786111111111,0.3004038888888888
temporal,across,word,100,3,0.009,0.000465321626968,0.0029429523715086,40,0.6080111111111112,0.2997174999999999
temporal,across,word,100,4,0.0075,0.0004884710724331,0.0030893623199876,40,0.5976013888888889,0.3139761111111111
temporal,across,word,100,5,0.0096666666666666,0.0005822639771026,0.0036825607342247,40,0.5959930555555555,0.3049966666666666
temporal,across,word,100,6,0.0076666666666666,0.0005495400822454,0.0034755966509035,40,0.6299294444444444,0.3049380555555555
temporal,across,word,100,7,0.0059166666666666,0.0003865159594306,0.0024445415676121,40,0.6831794444444443,0.3058294444444445
temporal,across,word,100,8,0.0080833333333333,0.0005047847980156,0.0031925393799149,40,0.6105230555555556,0.3135044444444444
temporal,across,word,100,9,0.009,0.0006558958989042,0.004148249897002,40,0.6195400000000001,0.2831180555555556
temporal,across,word,100,10,0.0085,0.0006954266558151,0.0043982643559396,40,0.6307380555555557,0.2919483333333332
temporal,across,word,100,11,0.00825,0.0005335936864527,0.0033747427885527,40,0.6402194444444446,0.3041527777777777
temporal,across,word,100,12,0.0066666666666666,0.0005967623950328,0.0037742567804819,40,0.6217675,0.3100872222222222
temporal,across,word,100,13,0.0054166666666666,0.0005295740910852,0.0033493206352854,40,0.6585772222222224,0.3401511111111112
temporal,across,word,100,14,0.0077499999999999,0.0005519648921491,0.0034909324952811,40,0.6483444444444443,0.3101669444444444
temporal,across,word,100,15,0.0055833333333333,0.0004831564663131,0.0030557497995756,40,0.6239474999999999,0.3039922222222221
temporal,across,word,100,16,0.0051666666666666,0.0005840959605818,0.0036941472150854,40,0.6326252777777779,0.3237863888888889
temporal,across,word,100,17,0.0048333333333333,0.0004614791034954,0.0029186501192363,40,0.6016905555555556,0.3347308333333333
temporal,across,word,100,18,0.0071666666666666,0.0005,0.0031622776601683,40,0.6472952777777778,0.2526238888888888
temporal,across,word,100,19,0.0084999999999999,0.0006954266558151,0.0043982643559396,40,0.6238983333333333,0.3138527777777778
temporal,across,word,100,20,0.0052499999999999,0.0006739717291829,0.0042625714855607,40,0.635650277777778,0.3070919444444444
temporal,across,word,100,21,0.0073333333333333,0.0005495400822454,0.0034755966509035,40,0.6165188888888886,0.3084288888888888
temporal,across,word,100,22,0.0074166666666666,0.0006257474163429,0.0039575741512185,40,0.6081705555555554,0.2792988888888888
temporal,across,word,100,23,0.00775,0.0005894067228156,0.0037277354246259,40,0.6455850000000001,0.2847855555555555
temporal,across,word,100,24,0.0076666666666666,0.0005623515948579,0.0035566237711589,40,0.636556388888889,0.3039630555555555
temporal,across,word,100,25,0.0065833333333333,0.0005532537786493,0.0034990841292529,40,0.6186177777777776,0.3252530555555555
temporal,across,word,100,26,0.0078333333333333,0.0007966275068156,0.0050383147365577,40,0.6242444444444445,0.2642902777777777
temporal,across,word,100,27,0.0056666666666666,0.0006449452813645,0.0040789921105803,40,0.6146477777777779,0.3117472222222222
temporal,across,word,100,28,0.0048333333333333,0.0005462902602399,0.0034550429718488,40,0.5843241666666665,0.3829533333333333
temporal,across,word,100,29,0.0055833333333333,0.000613098942578,0.0038775781791747,40,0.5796138888888889,0.2881594444444444
temporal,across,word,100,30,0.0054166666666666,0.0005930209011272,0.0037505934952953,40,0.5791647222222224,0.3517972222222222
temporal,across,word,100,31,0.0056666666666666,0.0006772661653216,0.0042834073291689,40,0.6063213888888889,0.3320744444444444
temporal,across,word,100,32,0.0065,0.0006746319034319,0.0042667467941194,40,0.6338033333333332,0.3038936111111111
temporal,across,word,100,33,0.0049166666666666,0.0005966131857806,0.0037733130983118,40,0.587991111111111,0.2918363888888888
temporal,across,word,100,34,0.0055,0.0006913177474361,0.0043722773375906,40,0.6292113888888888,0.3174430555555555
temporal,across,word,100,35,0.0059166666666666,0.0005659812345252,0.0035795796280276,40,0.6157200000000003,0.2884694444444444
temporal,across,word,100,36,0.0056666666666666,0.0005871365639519,0.0037133776793067,40,0.6560388888888887,0.2908144444444444
temporal,across,word,100,37,0.0049166666666666,0.0005596536881967,0.0035395607112309,40,0.5700444444444444,0.3502527777777778
temporal,across,word,100,38,0.0065833333333333,0.0005532537786493,0.0034990841292529,40,0.6696213888888892,0.3215163888888889
temporal,across,word,100,39,0.0056666666666666,0.0006338054920158,0.0040085378965872,40,0.6277736111111111,0.3019583333333333
temporal,across,word,100,40,0.0030833333333333,0.0004527141951056,0.0028632159712473,40,0.5605097222222222,0.3475491666666666
temporal,across,word,100,41,0.0031666666666666,0.0004295031251026,0.0027164162749691,40,0.6007822222222223,0.34219
temporal,across,word,100,42,0.0075,0.0009378857231185,0.0059317101400173,40,0.6169358333333333,0.2763097222222222
temporal,across,word,100,43,0.0041666666666666,0.0005436764162477,0.0034385115709216,40,0.6412647222222221,0.3435847222222222
temporal,across,word,100,44,0.003,0.0005175000172041,0.0032729574870827,40,0.5695825000000001,0.3127166666666666
temporal,across,word,100,45,0.0091666666666666,0.000713624032148,0.0045133546692422,40,0.5864658333333334,0.2841525
temporal,across,word,100,46,0.0041666666666666,0.0004583818933094,0.0028990616420763,40,0.5727005555555555,0.3208888888888889
temporal,across,word,100,47,0.0028333333333333,0.0005140476770154,0.003251122970575,40,0.5929677777777776,0.3668638888888889
temporal,across,word,100,48,0.0039166666666666,0.0005322571942188,0.0033662900694843,40,0.5716119444444445,0.3302005555555555
temporal,across,word,100,49,0.0035,0.0005195604102922,0.00328598855715,40,0.5620025,0.354585
temporal,across,word,100,50,0.0064166666666666,0.0005519648921491,0.0034909324952811,40,0.5603155555555557,0.304943611111111
temporal,across,word,100,51,0.0041666666666666,0.0004884710724331,0.0030893623199876,40,0.5665997222222222,0.2967388888888889
temporal,across,word,100,52,0.0066666666666666,0.0007161148740394,0.0045291081365783,40,0.6739297222222224,0.2794647222222222
temporal,across,word,100,53,0.0051666666666666,0.0006195991719677,0.0039186892395449,40,0.6094441666666668,0.2927344444444444
temporal,across,word,100,54,0.0054166666666666,0.0006823737268783,0.0043157103847867,40,0.586588611111111,0.3235813888888889
temporal,across,word,100,55,0.0035833333333333,0.0007770524701141,0.0049145113340414,40,0.5548236111111112,0.366795
temporal,across,word,100,56,0.0030833333333333,0.0005255237517707,0.003323704040225,40,0.5869002777777779,0.3466258333333333
temporal,across,word,100,57,0.00525,0.0005833333333333,0.0036893239368631,40,0.5360155555555555,0.3635336111111111
temporal,across,word,100,58,0.0036666666666666,0.0005699002761767,0.0036043658237549,40,0.5581472222222222,0.3442191666666667
temporal,across,word,100,59,0.0043333333333333,0.0005623515948579,0.0035566237711589,40,0.5647411111111111,0.3301108333333333
temporal,across,word,100,60,0.0036666666666666,0.0005175000172041,0.0032729574870827,40,0.5616552777777778,0.3039261111111112
temporal,across,word,100,61,0.00525,0.0006524935733383,0.0041267317007426,40,0.5991788888888889,0.2919991666666667
temporal,across,word,100,62,0.00575,0.000520074233141,0.003289238258182,40,0.6219813888888891,0.3106086111111111
temporal,across,word,100,63,0.0055,0.0005540578101426,0.0035041692709117,40,0.5962316666666667,0.2923969444444444
temporal,across,word,100,64,0.0069166666666666,0.0006013695196343,0.003803394794892,40,0.6279802777777779,0.3100041666666667
temporal,across,word,100,65,0.00375,0.0005493780477196,0.0034745718545814,40,0.6055858333333333,0.3301297222222222
temporal,across,word,100,66,0.0060833333333333,0.0006524935733383,0.0041267317007426,40,0.6117750000000001,0.3120411111111111
temporal,across,word,100,67,0.0046666666666666,0.0006730463973541,0.0042567191732199,40,0.6074091666666668,0.3406294444444444
temporal,across,word,100,68,0.0055,0.0006149838438569,0.0038894993415869,40,0.6432069444444446,0.3646041666666667
temporal,across,word,100,69,0.0040833333333333,0.0006697312043199,0.0042357520514774,40,0.5659669444444445,0.3598602777777778
temporal,across,word,100,70,0.005,0.000620173672946,0.0039223227027636,40,0.6208202777777778,0.2998105555555555
temporal,across,word,100,71,0.0054166666666666,0.0005295740910852,0.0033493206352854,40,0.576335,0.3078155555555555
temporal,across,word,100,72,0.004,0.0005364226763936,0.0033926348919345,40,0.5933027777777777,0.3026099999999999
temporal,across,word,100,73,0.0034166666666666,0.000602552736754,0.0038108781170213,40,0.5472458333333334,0.3476819444444444
temporal,across,word,100,74,0.0030833333333333,0.0004200715581423,0.0026567658079711,40,0.5301280555555556,0.3380725
temporal,across,word,100,75,0.0040833333333333,0.0005402265537205,0.0034166927245201,40,0.6205527777777778,0.3430655555555555
temporal,across,word,100,76,0.0042499999999999,0.0005966131857806,0.0037733130983118,40,0.6058930555555555,0.2842233333333333
temporal,across,word,100,77,0.00625,0.0005747227747412,0.0036348659827084,40,0.6002411111111112,0.3077069444444444
temporal,across,word,100,78,0.00375,0.0005621932528599,0.0035556223284328,40,0.5821022222222221,0.3643605555555555
temporal,across,word,100,79,0.0041666666666666,0.0004425708371198,0.0027990637425321,40,0.5859449999999999,0.3326375
temporal,across,word,100,80,0.00325,0.0004846283858428,0.0030650590360687,40,0.6601441666666666,0.3532475
temporal,across,word,100,81,0.00475,0.0006302839318575,0.0039862655945525,40,0.5739080555555556,0.3159183333333333
temporal,across,word,100,82,0.0011666666666666,0.0002545875386086,0.0016101529717988,40,0.5459055555555555,0.3452580555555555
temporal,across,word,100,83,0.0034166666666666,0.0005784287095915,0.0036583043726829,40,0.5640163888888888,0.3370136111111111
temporal,across,word,100,84,0.007,0.0006835469751498,0.0043231306583838,40,0.6384580555555557,0.2788727777777777
temporal,across,word,100,85,0.0045,0.0005410499447694,0.0034219003067596,40,0.5928972222222221,0.3678955555555555
temporal,across,word,100,86,0.0043333333333333,0.0005091750772173,0.0032203059435976,40,0.6253005555555555,0.3031594444444445
temporal,across,word,100,87,0.0079166666666666,0.0006823737268783,0.0043157103847867,40,0.6374130555555557,0.312678611111111
temporal,across,word,100,88,0.0044166666666666,0.0006792351572617,0.0042958603276195,40,0.566886111111111,0.3645272222222222
temporal,across,word,100,89,0.0029166666666666,0.0004948092383294,0.0031294484008283,40,0.5406738888888889,0.3762166666666667
temporal,across,word,100,90,0.0042499999999999,0.0005845530593558,0.0036970381615681,40,0.5921722222222221,0.3155325
temporal,across,word,100,91,0.0065,0.0005717718748968,0.0036162028533978,40,0.6024505555555555,0.3296780555555555
temporal,across,word,100,92,0.00325,0.0004846283858428,0.0030650590360687,40,0.5198027777777778,0.3456858333333333
temporal,across,word,100,93,0.0033333333333333,0.0005063696835418,0.0032025630761017,40,0.5072077777777777,0.3472424999999999
temporal,across,word,100,94,0.0021666666666666,0.0003876659648265,0.0024518148403572,40,0.5239952777777777,0.3663136111111111
temporal,across,word,100,95,0.0025833333333333,0.0004542847607774,0.002873149100723,40,0.5738738888888888,0.3497202777777778
temporal,across,word,100,96,0.0030833333333333,0.0005389065112987,0.0034083440431988,40,0.5378508333333334,0.3830919444444444
temporal,across,word,100,97,0.0045,0.0005540578101426,0.0035041692709117,40,0.5948033333333334,0.354585
temporal,across,word,100,98,0.0030833333333333,0.0004681828240069,0.0029610481704636,40,0.5514355555555556,0.3364172222222222
temporal,across,word,100,99,0.0036666666666666,0.0004744167209018,0.0030004747962362,40,0.5361972222222222,0.3321925
temporal,across,word,300,0,0.007000000000000001,0.00016012815380508712,0.0010127393670836665,40,0.5551447222222222,0.31027777777777776
temporal,across,word,300,1,0.007166666666666667,0.00019059062496562185,0.0012054009511326316,40,0.5618697222222222,0.3676641666666667
temporal,across,word,300,2,0.006750000000000001,8.333333333333332e-05,0.0005270462766947298,40,0.5472116666666669,0.42513500000000004
temporal,across,word,300,3,0.006666666666666666,0.00011935247900657214,0.0007548513560963971,40,0.6048988888888888,0.3597708333333333
temporal,across,word,300,4,0.006666666666666666,1.3888903378525477e-19,8.784113775629649e-19,40,0.5969405555555557,0.4190925000000001
temporal,across,word,300,5,0.007333333333333333,0.00021350420507344948,0.0013503191561115553,40,0.5477005555555555,0.34847472222222214
temporal,across,word,300,6,0.0065833333333333325,8.333333333333332e-05,0.0005270462766947298,40,0.6276180555555555,0.3074016666666667
temporal,across,word,300,7,0.00625,0.00017652469702840072,0.0011164402117618062,40,0.6624133333333333,0.40306305555555555
temporal,across,word,300,8,0.006666666666666666,1.3888903378525477e-19,8.784113775629649e-19,40,0.6297141666666667,0.39463138888888893
temporal,across,word,300,9,0.007166666666666667,0.00022487730114398064,0.0014222489313731343,40,0.6213805555555557,0.4237905555555555
temporal,across,word,300,10,0.006666666666666666,1.3888903378525477e-19,8.784113775629649e-19,40,0.5707491666666666,0.4091449999999998
temporal,across,word,300,11,0.006833333333333333,0.00011633040674201877,0.000735738092877174,40,0.7007872222222223,0.4545577777777777
temporal,across,word,300,12,0.006750000000000001,8.333333333333332e-05,0.0005270462766947298,40,0.6451394444444445,0.3924944444444445
temporal,across,word,300,13,0.006,0.0002135042050734495,0.0013503191561115555,40,0.6159336111111113,0.3063275
temporal,across,word,300,14,0.006750000000000001,8.333333333333332e-05,0.0005270462766947298,40,0.6222386111111111,0.37346944444444446
temporal,across,word,300,15,0.007083333333333333,0.0001765246970284007,0.001116440211761806,40,0.6299175,0.4092402777777779
temporal,across,word,300,16,0.006666666666666666,1.3888903378525477e-19,8.784113775629649e-19,40,0.6792713888888888,0.37482000000000004
temporal,across,word,300,17,0.006666666666666666,1.3888903378525477e-19,8.784113775629649e-19,40,0.6093125,0.4118680555555555
temporal,across,word,300,18,0.006666666666666666,1.3888903378525477e-19,8.784113775629649e-19,40,0.7227502777777779,0.3456630555555556
temporal,across,word,300,19,0.006666666666666666,1.3888903378525477e-19,8.784113775629649e-19,40,0.5830591666666665,0.4292180555555555
temporal,across,word,300,20,0.0065833333333333325,8.333333333333332e-05,0.0005270462766947298,40,0.6899730555555557,0.4157227777777779
temporal,across,word,300,21,0.006666666666666666,1.3888903378525477e-19,8.784113775629649e-19,40,0.7326774999999996,0.3423191666666667
temporal,across,word,300,22,0.006833333333333333,0.00011633040674201877,0.000735738092877174,40,0.5922813888888889,0.40893083333333335
temporal,across,word,300,23,0.006750000000000001,8.333333333333332e-05,0.0005270462766947298,40,0.6437013888888888,0.44743555555555553
temporal,across,word,300,24,0.006666666666666666,1.3888903378525477e-19,8.784113775629649e-19,40,0.7009408333333333,0.39464750000000015
temporal,across,word,300,25,0.007916666666666666,0.00025840569706085095,0.0016343011261515336,40,0.5919230555555555,0.38731861111111104
temporal,across,word,300,26,0.007083333333333333,0.0001765246970284007,0.001116440211761806,40,0.592125,0.3289663888888889
temporal,across,word,300,27,0.006666666666666666,1.3888903378525477e-19,8.784113775629649e-19,40,0.6859080555555556,0.425491388888889
temporal,across,word,300,28,0.006666666666666666,1.3888903378525477e-19,8.784113775629649e-19,40,0.6097052777777778,0.3743908333333333
temporal,across,word,300,29,0.006666666666666666,1.3888903378525477e-19,8.784113775629649e-19,40,0.6893630555555555,0.4317805555555556
temporal,across,word,300,30,0.006833333333333333,0.00011633040674201877,0.000735738092877174,40,0.5879916666666667,0.32526777777777777
temporal,across,word,300,31,0.004333333333333333,0.0005091750772173156,0.0032203059435976533,40,0.7495188888888883,0.36034166666666667
temporal,across,word,300,32,0.0065833333333333325,8.333333333333332e-05,0.0005270462766947298,40,0.6919474999999997,0.4295755555555555
temporal,across,word,300,33,0.006666666666666666,1.3888903378525477e-19,8.784113775629649e-19,40,0.6523341666666667,0.30503027777777786
temporal,across,word,300,34,0.006666666666666666,1.3888903378525477e-19,8.784113775629649e-19,40,0.6778591666666668,0.4332594444444444
temporal,across,word,300,35,0.006750000000000001,8.333333333333332e-05,0.0005270462766947298,40,0.7042686111111112,0.43817361111111114
temporal,across,word,300,36,0.006666666666666666,1.3888903378525477e-19,8.784113775629649e-19,40,0.5839747222222224,0.35705416666666656
temporal,across,word,300,37,0.006750000000000001,8.333333333333332e-05,0.0005270462766947298,40,0.6891550000000001,0.4432119444444445
temporal,across,word,300,38,0.006333333333333332,0.00023266081348403763,0.0014714761857543485,40,0.6482027777777779,0.3298425000000001
temporal,across,word,300,39,0.006666666666666666,1.3888903378525477e-19,8.784113775629649e-19,40,0.6229786111111112,0.3321547222222222
temporal,across,word,300,40,0.0065833333333333325,8.333333333333332e-05,0.0005270462766947298,40,0.6597058333333331,0.33181666666666676
temporal,across,word,300,41,0.006666666666666666,1.3888903378525477e-19,8.784113775629649e-19,40,0.6239744444444444,0.4501691666666666
temporal,across,word,300,42,0.006666666666666666,1.3888903378525477e-19,8.784113775629649e-19,40,0.6352894444444445,0.42588027777777776
temporal,across,word,300,43,0.006750000000000001,8.333333333333332e-05,0.0005270462766947298,40,0.6362519444444447,0.29252249999999996
temporal,across,word,300,44,0.006666666666666666,1.3888903378525477e-19,8.784113775629649e-19,40,0.6869294444444447,0.28781027777777773
temporal,across,word,300,45,0.006750000000000001,8.333333333333332e-05,0.0005270462766947298,40,0.7492261111111113,0.37598833333333337
temporal,across,word,300,46,0.0065833333333333325,8.333333333333332e-05,0.0005270462766947298,40,0.7370561111111114,0.30411666666666665
temporal,across,word,300,47,0.006666666666666666,1.3888903378525477e-19,8.784113775629649e-19,40,0.6667797222222221,0.28804138888888886
temporal,across,word,300,48,0.006666666666666666,1.3888903378525477e-19,8.784113775629649e-19,40,0.6051844444444444,0.30270222222222215
temporal,across,word,300,49,0.006666666666666666,1.3888903378525477e-19,8.784113775629649e-19,40,0.6688752777777776,0.4109613888888889
temporal,across,word,300,50,0.007166666666666666,0.00034899122022605635,0.0022072142786315222,40,0.6100336111111111,0.3363655555555555
temporal,across,word,300,51,0.007083333333333333,0.0001765246970284007,0.001116440211761806,40,0.6917183333333334,0.3564816666666667
temporal,across,word,300,52,0.007416666666666666,0.00022288895706043215,0.0014096735392208676,40,0.6071719444444443,0.3970383333333333
temporal,across,word,300,53,0.006666666666666666,1.3888903378525477e-19,8.784113775629649e-19,40,0.6194616666666668,0.2527530555555556
temporal,across,word,300,54,0.006333333333333334,0.0004891995904702285,0.0030939698726150473,40,0.5895900000000001,0.3594991666666666
temporal,across,word,300,55,0.006666666666666666,1.3888903378525477e-19,8.784113775629649e-19,40,0.6520397222222223,0.3303022222222222
temporal,across,word,300,56,0.006583333333333334,0.0001882404657199746,0.0011905372389719347,40,0.5951716666666667,0.4381477777777777
temporal,across,word,300,57,0.006416666666666666,0.00025,0.0015811388300841897,40,0.6898000000000001,0.34409388888888887
temporal,across,word,300,58,0.006416666666666668,0.00021967017493275173,0.0013893161735902416,40,0.6475316666666668,0.2717261111111111
temporal,across,word,300,59,0.006750000000000001,8.333333333333332e-05,0.0005270462766947298,40,0.5901441666666667,0.39379777777777764
temporal,across,word,300,60,0.0065833333333333325,8.333333333333332e-05,0.0005270462766947298,40,0.7131330555555554,0.2685747222222222
temporal,across,word,300,61,0.007166666666666667,0.00019059062496562185,0.0012054009511326316,40,0.6367055555555556,0.3094852777777778
temporal,across,word,300,62,0.005916666666666667,0.00032658772812147146,0.0020655221534473475,40,0.6983505555555555,0.34340916666666665
temporal,across,word,300,63,0.0069166666666666664,0.00014058789871449555,0.0008891559427897283,40,0.6298488888888889,0.2860463888888889
temporal,across,word,300,64,0.006666666666666666,1.3888903378525477e-19,8.784113775629649e-19,40,0.6749894444444444,0.3367325
temporal,across,word,300,65,0.006833333333333333,0.00011633040674201877,0.000735738092877174,40,0.6307683333333333,0.30199694444444447
temporal,across,word,300,66,0.005833333333333334,0.0002861971906026191,0.001810069964491228,40,0.6143802777777777,0.2937455555555556
temporal,across,word,300,67,0.006333333333333334,0.00026148818018424533,0.001653796461189446,40,0.6769830555555555,0.3035616666666666
temporal,across,word,300,68,0.006833333333333333,0.00011633040674201877,0.000735738092877174,40,0.5998955555555554,0.3396730555555555
temporal,across,word,300,69,0.0065833333333333325,0.0001455659942756504,0.000920640183556175,40,0.5980477777777777,0.2791863888888889
temporal,across,word,300,70,0.006666666666666666,1.3888903378525477e-19,8.784113775629649e-19,40,0.6822805555555556,0.40463000000000005
temporal,across,word,300,71,0.006666666666666666,1.3888903378525477e-19,8.784113775629649e-19,40,0.6595422222222223,0.2753380555555555
temporal,across,word,300,72,0.006500000000000001,0.00011633040674201877,0.000735738092877174,40,0.6455052777777779,0.4045711111111111
temporal,across,word,300,73,0.005416666666666667,0.0004415638486998596,0.0027926949885630726,40,0.7300091666666668,0.31976222222222217
temporal,across,word,300,74,0.006416666666666666,0.00014058789871449555,0.0008891559427897283,40,0.672241388888889,0.3890308333333333
temporal,across,word,300,75,0.006666666666666666,1.3888903378525477e-19,8.784113775629649e-19,40,0.6957038888888889,0.39166777777777784
temporal,across,word,300,76,0.006583333333333334,0.00022288895706043215,0.0014096735392208676,40,0.5981336111111112,0.37236222222222215
temporal,across,word,300,77,0.006333333333333332,0.00023266081348403763,0.0014714761857543485,40,0.7428302777777779,0.39354138888888884
temporal,across,word,300,78,0.006833333333333333,0.00016666666666666663,0.0010540925533894597,40,0.6927852777777778,0.26243805555555555
temporal,across,word,300,79,0.006666666666666666,1.3888903378525477e-19,8.784113775629649e-19,40,0.6791900000000002,0.41184666666666675
temporal,across,word,300,80,0.006666666666666666,1.3888903378525477e-19,8.784113775629649e-19,40,0.6827130555555556,0.35260888888888886
temporal,across,word,300,81,0.0065833333333333325,8.333333333333332e-05,0.0005270462766947298,40,0.6760405555555556,0.3740027777777778
temporal,across,word,300,82,0.006666666666666666,1.3888903378525477e-19,8.784113775629649e-19,40,0.6786947222222224,0.3865916666666666
temporal,across,word,300,83,0.006666666666666666,0.00016878989451394442,0.0010675210253672475,40,0.664121388888889,0.27389138888888886
temporal,across,word,300,84,0.006333333333333334,0.00016012815380508712,0.0010127393670836665,40,0.63016,0.29650527777777774
temporal,across,word,300,85,0.006666666666666666,1.3888903378525477e-19,8.784113775629649e-19,40,0.7518938888888891,0.31700888888888895
temporal,across,word,300,86,0.006,0.00032025630761017425,0.002025478734167333,40,0.6622072222222221,0.2785872222222222
temporal,across,word,300,87,0.006666666666666666,1.3888903378525477e-19,8.784113775629649e-19,40,0.5911797222222223,0.40496499999999996
temporal,across,word,300,88,0.006666666666666666,1.3888903378525477e-19,8.784113775629649e-19,40,0.6564747222222221,0.3934927777777778
temporal,across,word,300,89,0.003,0.0005310850045437943,0.0033588764910385265,40,0.7075400000000001,0.2934833333333334
temporal,across,word,300,90,0.006666666666666666,1.3888903378525477e-19,8.784113775629649e-19,40,0.6183822222222224,0.32645277777777776
temporal,across,word,300,91,0.006666666666666666,1.3888903378525477e-19,8.784113775629649e-19,40,0.6103644444444445,0.2901305555555555
temporal,across,word,300,92,0.0015833333333333335,0.00041323372110962616,0.0026135195293864426,40,0.6321416666666665,0.299968611111111
temporal,across,word,300,93,0.006666666666666666,1.3888903378525477e-19,8.784113775629649e-19,40,0.6564433333333334,0.3488655555555555
temporal,across,word,300,94,0.006750000000000001,8.333333333333332e-05,0.0005270462766947298,40,0.6076169444444444,0.27094583333333333
temporal,across,word,300,95,0.004,0.0005229763603684908,0.0033075929223788923,40,0.6839708333333331,0.3124786111111112
temporal,across,word,300,96,0.006666666666666666,1.3888903378525477e-19,8.784113775629649e-19,40,0.5852041666666665,0.37166388888888885
temporal,across,word,300,97,0.007000000000000001,0.0001997148965050927,0.0012631079112417891,40,0.6636452777777777,0.38641861111111114
temporal,across,word,300,98,0.005166666666666667,0.0004614791034954486,0.0029186501192363773,40,0.6608527777777781,0.3435013888888888
temporal,across,word,300,99,0.006,0.0003202563076101743,0.0020254787341673335,40,0.7701930555555556,0.39329027777777786
temporal,across,word,300,100,0.006666666666666666,1.3888903378525477e-19,8.784113775629649e-19,40,0.699304722222222,0.3114175
temporal,across,word,300,101,0.007083333333333333,0.00017652469702840066,0.0011164402117618058,40,0.6141702777777779,0.3071680555555555
temporal,across,word,300,102,0.006333333333333332,0.00023266081348403763,0.0014714761857543485,40,0.6057324999999999,0.2681905555555556
temporal,across,word,300,103,0.006750000000000001,8.333333333333332e-05,0.0005270462766947298,40,0.6514669444444443,0.37324777777777773
temporal,across,word,300,104,0.0065833333333333325,8.333333333333332e-05,0.0005270462766947298,40,0.6210908333333334,0.4184891666666665
temporal,across,word,300,105,0.0065833333333333325,8.333333333333332e-05,0.0005270462766947298,40,0.6329866666666668,0.2777680555555556
temporal,across,word,300,106,0.006083333333333334,0.0003351977772264456,0.002119976885322572,40,0.5924477777777776,0.34572249999999993
temporal,across,word,300,107,0.006666666666666666,1.3888903378525477e-19,8.784113775629649e-19,40,0.5944933333333333,0.4139169444444445
temporal,across,word,300,108,0.005666666666666667,0.0003811812499312437,0.002410801902265263,40,0.6401697222222218,0.29568000000000005
temporal,across,word,300,109,0.006666666666666666,1.3888903378525477e-19,8.784113775629649e-19,40,0.6297211111111112,0.3177491666666666
temporal,across,word,300,110,0.006666666666666666,1.3888903378525477e-19,8.784113775629649e-19,40,0.674785,0.30155583333333336
temporal,across,word,300,111,0.003,0.0005310850045437943,0.0033588764910385265,40,0.6708422222222223,0.29825972222222225
temporal,across,word,300,112,0.006666666666666666,1.3888903378525477e-19,8.784113775629649e-19,40,0.7098038888888889,0.36513944444444446
temporal,across,word,300,113,0.006500000000000001,0.00011633040674201877,0.000735738092877174,40,0.5992652777777779,0.3567441666666666
temporal,across,word,300,114,0.006666666666666666,1.3888903378525477e-19,8.784113775629649e-19,40,0.6952413888888891,0.384595
temporal,across,word,300,115,0.006416666666666668,0.00021967017493275173,0.0013893161735902416,40,0.6769649999999997,0.27494861111111113
temporal,across,word,300,116,0.006333333333333332,0.00023266081348403763,0.0014714761857543485,40,0.6654941666666667,0.28203805555555556
temporal,across,word,300,117,0.006416666666666666,0.00014058789871449555,0.0008891559427897283,40,0.7058577777777779,0.2882191666666666
temporal,across,word,300,118,0.006750000000000001,8.333333333333332e-05,0.0005270462766947298,40,0.6018919444444444,0.3840508333333333
temporal,across,word,300,119,0.006,0.0003202563076101743,0.0020254787341673335,40,0.713832777777778,0.3932244444444444
temporal,across,word,300,120,0.006833333333333333,0.00011633040674201877,0.000735738092877174,40,0.6369147222222221,0.3531319444444444
temporal,across,word,300,121,0.006833333333333333,0.00011633040674201877,0.000735738092877174,40,0.6988008333333333,0.31218194444444436
temporal,across,word,300,122,0.004,0.0005229763603684908,0.0033075929223788923,40,0.7302755555555559,0.31403388888888883
temporal,across,word,300,123,0.006666666666666666,1.3888903378525477e-19,8.784113775629649e-19,40,0.6965375000000001,0.38452055555555553
temporal,across,word,300,124,0.005833333333333334,0.00023112508176051215,0.0014617633655117156,40,0.6463663888888889,0.33718388888888884
temporal,across,word,300,125,0.006666666666666666,1.3888903378525477e-19,8.784113775629649e-19,40,0.59033,0.4252861111111111
temporal,across,word,300,126,0.004666666666666667,0.0004891995904702285,0.0030939698726150473,40,0.6118897222222223,0.2559355555555555
temporal,across,word,300,127,0.006750000000000001,8.333333333333332e-05,0.0005270462766947298,40,0.6309516666666667,0.39031972222222217
temporal,across,word,300,128,0.0041666666666666675,0.0004736654667156709,0.0029957234475763905,40,0.6325180555555554,0.30270138888888887
temporal,across,word,300,129,0.006666666666666666,1.3888903378525477e-19,8.784113775629649e-19,40,0.7126394444444442,0.34637305555555553
temporal,across,word,300,130,0.004666666666666667,0.0004591581544807963,0.0029039711487975277,40,0.6347999999999999,0.29854916666666664
temporal,across,word,300,131,0.006666666666666666,1.3888903378525477e-19,8.784113775629649e-19,40,0.6372888888888889,0.36954305555555556
temporal,across,word,300,132,0.00525,0.00041150650886420594,0.0026025956799903193,40,0.6555572222222221,0.3346166666666666
temporal,across,word,300,133,0.006666666666666666,1.3888903378525477e-19,8.784113775629649e-19,40,0.6115197222222222,0.29702499999999993
temporal,across,word,300,134,0.006666666666666666,1.3888903378525477e-19,8.784113775629649e-19,40,0.6715711111111113,0.4037408333333333
temporal,across,word,300,135,0.006666666666666666,0.00020672455764868077,0.001307440900921227,40,0.6702616666666665,0.2828233333333333
temporal,across,word,300,136,0.0019166666666666666,0.00031322920619338105,0.001981035442515208,40,0.6653983333333331,0.29176166666666664
temporal,across,word,300,137,0.006333333333333332,0.00023266081348403763,0.0014714761857543485,40,0.6863102777777776,0.320185
temporal,across,word,300,138,0.005,0.00046225016352102424,0.0029235267310234307,40,0.6643047222222223,0.293035
temporal,across,word,300,139,0.006666666666666666,1.3888903378525477e-19,8.784113775629649e-19,40,0.6826013888888889,0.3929463888888889
temporal,across,word,300,140,0.006,0.0003202563076101743,0.0020254787341673335,40,0.7133755555555557,0.3002705555555555
temporal,across,word,300,141,0.006,0.0003202563076101743,0.0020254787341673335,40,0.6803891666666668,0.2810644444444444
temporal,across,word,300,142,0.005,0.0004622501635210243,0.002923526731023431,40,0.7199113888888886,0.2708055555555555
temporal,across,word,300,143,0.00375,0.000522806092950542,0.003306516056674825,40,0.7007013888888888,0.30583416666666674
temporal,across,word,300,144,0.00625,0.0003617679758851913,0.0022880215766121472,40,0.5995647222222222,0.36104138888888887
temporal,across,word,300,145,0.006666666666666666,1.3888903378525477e-19,8.784113775629649e-19,40,0.6397391666666667,0.31338083333333333
temporal,across,word,300,146,0.006333333333333332,0.00023266081348403763,0.0014714761857543485,40,0.5838886111111112,0.2645019444444445
temporal,across,word,300,147,0.002,0.000427008410146899,0.002700638312223111,40,0.6602358333333331,0.28651472222222224
temporal,across,word,300,148,0.00625,0.0002442355362165734,0.0015446811599938307,40,0.7021533333333332,0.302205
temporal,across,word,300,149,0.006666666666666666,1.3888903378525477e-19,8.784113775629649e-19,40,0.5927447222222222,0.3136883333333333
temporal,across,word,300,150,0.003333333333333333,0.0005337605126836238,0.003375797890278889,40,0.7175591666666667,0.3332361111111111
temporal,across,word,300,151,0.006,0.0003202563076101743,0.0020254787341673335,40,0.672588611111111,0.3522227777777778
temporal,across,word,300,152,0.006500000000000001,0.00011633040674201877,0.000735738092877174,40,0.6683472222222224,0.4007402777777779
temporal,across,word,300,153,0.006666666666666666,1.3888903378525477e-19,8.784113775629649e-19,40,0.7152149999999999,0.3540688888888889
temporal,across,word,300,154,0.005916666666666667,0.0004217636961434867,0.002667467828369185,40,0.6180516666666669,0.2866952777777777
temporal,across,word,300,155,0.006166666666666667,0.0002545875386086578,0.0016101529717988266,40,0.627815,0.3042697222222222
temporal,across,word,300,156,0.006666666666666666,1.3888903378525477e-19,8.784113775629649e-19,40,0.6946899999999999,0.31608888888888886
temporal,across,word,300,157,0.006666666666666666,1.3888903378525477e-19,8.784113775629649e-19,40,0.6371902777777777,0.3807291666666666
temporal,across,word,300,158,0.0036666666666666666,0.0005310850045437943,0.0033588764910385265,40,0.6864419444444446,0.3468419444444444
temporal,across,word,300,159,0.006333333333333332,0.0002326608134840376,0.0014714761857543483,40,0.6001466666666667,0.27352055555555554
temporal,across,word,300,160,0.006583333333333334,0.00027958811789758817,0.0017682705185521322,40,0.6040730555555556,0.38484444444444443
temporal,across,word,300,161,0.006666666666666666,1.3888903378525477e-19,8.784113775629649e-19,40,0.6465125,0.2964316666666666
temporal,across,word,300,162,0.0065833333333333325,0.0001455659942756504,0.000920640183556175,40,0.6425708333333334,0.25991749999999997
temporal,across,word,300,163,0.006750000000000001,8.333333333333332e-05,0.0005270462766947298,40,0.7022638888888891,0.3534830555555556
temporal,across,word,300,164,0.006750000000000001,8.333333333333332e-05,0.0005270462766947298,40,0.6159308333333333,0.3056438888888889
temporal,across,word,300,165,0.006833333333333333,0.00011633040674201877,0.000735738092877174,40,0.7105388888888887,0.28820194444444436
temporal,across,word,300,166,0.006666666666666666,1.3888903378525477e-19,8.784113775629649e-19,40,0.6572188888888888,0.37889999999999996
temporal,across,word,300,167,0.006666666666666666,1.3888903378525477e-19,8.784113775629649e-19,40,0.6752388888888888,0.35573166666666667
temporal,across,word,300,168,0.005583333333333333,0.0004027593570795094,0.0025472738346326235,40,0.6579380555555556,0.3125055555555555
temporal,across,word,300,169,0.007083333333333333,0.0001765246970284007,0.001116440211761806,40,0.6552608333333332,0.36014638888888895
temporal,across,word,300,170,0.006666666666666666,1.3888903378525477e-19,8.784113775629649e-19,40,0.6719813888888888,0.4152650000000001
temporal,across,word,300,171,0.006666666666666666,1.3888903378525477e-19,8.784113775629649e-19,40,0.7402611111111111,0.33573916666666664
temporal,across,word,300,172,0.006666666666666666,1.3888903378525477e-19,8.784113775629649e-19,40,0.7628077777777775,0.28954888888888897
temporal,across,word,300,173,0.004833333333333334,0.0004614791034954486,0.0029186501192363773,40,0.6029869444444443,0.4155352777777777
temporal,across,word,300,174,0.0035833333333333333,0.0005117911677922935,0.0032368515531621127,40,0.6733050000000004,0.32500777777777773
temporal,across,word,300,175,0.006666666666666666,1.3888903378525477e-19,8.784113775629649e-19,40,0.6332127777777778,0.35857472222222214
temporal,across,word,300,176,0.006500000000000001,0.00011633040674201877,0.000735738092877174,40,0.6566397222222222,0.3412508333333332
temporal,across,word,300,177,0.006416666666666668,0.00014058789871449558,0.0008891559427897284,40,0.6652216666666666,0.3542538888888888
temporal,across,word,300,178,0.005,0.0005063696835418333,0.003202563076101743,40,0.6445172222222222,0.2782322222222222
temporal,across,word,300,179,0.003833333333333333,0.000514047677015483,0.0032511229705750244,40,0.6487511111111111,0.3235772222222222
temporal,across,word,300,180,0.006666666666666666,1.3888903378525477e-19,8.784113775629649e-19,40,0.6936811111111111,0.3251855555555556
temporal,across,word,300,181,0.0003333333333333334,0.0002326608134840376,0.0014714761857543483,40,0.6625088888888888,0.2612002777777778
temporal,across,word,300,182,0.006666666666666666,1.3888903378525477e-19,8.784113775629649e-19,40,0.6370244444444444,0.3541730555555555
temporal,across,word,300,183,0.006666666666666666,1.3888903378525477e-19,8.784113775629649e-19,40,0.6550977777777776,0.3223327777777778
temporal,across,word,300,184,0.002,0.000427008410146899,0.002700638312223111,40,0.7221002777777779,0.28804749999999996
temporal,across,word,300,185,0.006666666666666666,1.3888903378525477e-19,8.784113775629649e-19,40,0.6339019444444445,0.3663188888888888
temporal,across,word,300,186,0.00625,0.0002718382081238975,0.0017192557854608071,40,0.6742833333333332,0.28342361111111114
temporal,across,word,300,187,0.006083333333333334,0.00028959889738657733,0.0018315842472299369,40,0.647985277777778,0.30728527777777775
temporal,across,word,300,188,0.006333333333333332,0.00023266081348403763,0.0014714761857543485,40,0.6470419444444444,0.3176986111111111
temporal,across,word,300,189,0.006,0.0003202563076101743,0.0020254787341673335,40,0.6540105555555557,0.3121486111111111
temporal,across,word,300,190,0.006500000000000001,0.00016666666666666663,0.0010540925533894597,40,0.7522802777777777,0.3150405555555556
temporal,across,word,300,191,0.006666666666666666,1.3888903378525477e-19,8.784113775629649e-19,40,0.6512825,0.3854683333333334
temporal,across,word,300,192,0.006750000000000001,8.333333333333332e-05,0.0005270462766947298,40,0.5919391666666667,0.2927497222222223
temporal,across,word,300,193,0.006416666666666668,0.00021967017493275173,0.0013893161735902416,40,0.6466475000000003,0.3162019444444444
temporal,across,word,300,194,0.006666666666666666,1.3888903378525477e-19,8.784113775629649e-19,40,0.661761111111111,0.30313666666666667
temporal,across,word,300,195,0.006750000000000001,8.333333333333332e-05,0.0005270462766947298,40,0.5775852777777779,0.2630294444444444
temporal,across,word,300,196,0.00575,0.000337315951715971,0.0021333733970597016,40,0.6865258333333335,0.3010472222222222
temporal,across,word,300,197,0.005333333333333333,0.000427008410146899,0.002700638312223111,40,0.7584169444444445,0.2882094444444444
temporal,across,word,300,198,0.0023333333333333335,0.0005091750772173156,0.0032203059435976533,40,0.6653675000000003,0.29236361111111114
temporal,across,word,300,199,0.0036666666666666666,0.0005310850045437943,0.0033588764910385265,40,0.7479486111111114,0.35560222222222226
temporal,across,word,300,200,0.003833333333333333,0.000514047677015483,0.0032511229705750244,40,0.6700624999999999,0.32294388888888886
temporal,across,word,300,201,0.006333333333333332,0.00023266081348403763,0.0014714761857543485,40,0.6439205555555556,0.30374500000000004
temporal,across,word,300,202,0.006833333333333333,0.00011633040674201877,0.000735738092877174,40,0.6742263888888891,0.29926361111111105
temporal,across,word,300,203,0.006666666666666666,1.3888903378525477e-19,8.784113775629649e-19,40,0.6919594444444446,0.4005386111111111
temporal,across,word,300,204,0.00625,0.00027183820812389745,0.001719255785460807,40,0.5972080555555556,0.3252977777777778
temporal,across,word,300,205,0.0032500000000000003,0.0005268773245260372,0.0033322647859959456,40,0.7354933333333332,0.29470694444444445
temporal,across,word,300,206,0.004666666666666667,0.0005035486605694167,0.003184721360252753,40,0.6823261111111111,0.3020730555555555
temporal,across,word,300,207,0.006333333333333332,0.00023266081348403763,0.0014714761857543485,40,0.6719705555555556,0.3656213888888889
temporal,across,word,300,208,0.0015,0.0004295031251026405,0.0027164162749691695,40,0.6595888888888887,0.27444694444444445
temporal,across,word,300,209,0.006666666666666666,0.00011935247900657214,0.0007548513560963971,40,0.7354247222222223,0.3491866666666667
temporal,across,word,300,210,0.006,0.0003202563076101743,0.0020254787341673335,40,0.7052319444444446,0.32690138888888887
temporal,across,word,300,211,0.0023333333333333335,0.0005091750772173156,0.0032203059435976533,40,0.6235208333333331,0.2714022222222222
temporal,across,word,300,212,0.005666666666666666,0.00038118124993124375,0.0024108019022652635,40,0.6510908333333332,0.29110249999999993
temporal,across,word,300,213,0.006166666666666667,0.0002545875386086578,0.0016101529717988266,40,0.6950755555555557,0.3857608333333334
temporal,across,word,300,214,0.006,0.0003202563076101743,0.0020254787341673335,40,0.7048333333333338,0.2970222222222222
temporal,across,word,300,215,0.006333333333333332,0.0002326608134840376,0.0014714761857543483,40,0.6379461111111112,0.30163666666666666
temporal,across,word,300,216,0.006333333333333332,0.0002326608134840376,0.0014714761857543483,40,0.7176944444444447,0.2800386111111111
temporal,across,word,300,217,0.006333333333333332,0.00023266081348403763,0.0014714761857543485,40,0.6228666666666667,0.3301308333333333
temporal,across,word,300,218,0.005416666666666667,0.00039018404598803084,0.002467740583964123,40,0.6146975000000001,0.3498872222222221
temporal,across,word,300,219,0.0036666666666666666,0.0005310850045437943,0.0033588764910385265,40,0.7042408333333334,0.29474388888888886
temporal,across,word,300,220,0.0042499999999999994,0.0005061938301996517,0.003201450881910849,40,0.6780036111111113,0.3474191666666666
temporal,across,word,300,221,0.006666666666666666,1.3888903378525477e-19,8.784113775629649e-19,40,0.6880086111111111,0.37874833333333335
temporal,across,word,300,222,0.006,0.0003202563076101743,0.0020254787341673335,40,0.7438333333333337,0.3269741666666667
temporal,across,word,300,223,0.003,0.0005310850045437943,0.0033588764910385265,40,0.6775247222222218,0.30707805555555556
temporal,across,word,300,224,0.006416666666666666,0.00027702890507131967,0.0017520846354558818,40,0.6136233333333335,0.2912113888888889
temporal,across,word,300,225,0.006666666666666666,1.3888903378525477e-19,8.784113775629649e-19,40,0.6634969444444443,0.3348502777777778
temporal,across,word,300,226,0.004916666666666666,0.0005335936864527374,0.0033747427885527648,40,0.7074974999999999,0.2772238888888888
temporal,across,word,300,227,0.006666666666666666,1.3888903378525477e-19,8.784113775629649e-19,40,0.6063694444444443,0.36241555555555555
temporal,across,word,300,228,0.006416666666666666,0.00025,0.0015811388300841897,40,0.7436102777777783,0.3534594444444445
temporal,across,word,300,229,0.006,0.0003202563076101743,0.0020254787341673335,40,0.686802777777778,0.3298952777777777
temporal,across,word,300,230,0.006666666666666666,1.3888903378525477e-19,8.784113775629649e-19,40,0.6209563888888889,0.3114877777777778
temporal,across,word,300,231,0.006333333333333332,0.00023266081348403763,0.0014714761857543485,40,0.7061663888888886,0.2911113888888889
temporal,across,word,300,232,0.005083333333333334,0.0003578086996246255,0.0022629809148737028,40,0.6599516666666666,0.2712730555555556
temporal,across,word,300,233,0.0055,0.00038766596482655045,0.0024518148403572426,40,0.6722258333333331,0.30857527777777777
temporal,across,word,300,234,0.005166666666666667,0.00044577791412086436,0.0028193470784417356,40,0.6641619444444442,0.2807361111111111
temporal,across,word,300,235,0.0065833333333333325,8.333333333333333e-05,0.0005270462766947299,40,0.6839827777777777,0.3222469444444444
temporal,across,word,300,236,0.006750000000000001,0.0001882404657199746,0.0011905372389719347,40,0.7332936111111112,0.3500572222222222
temporal,across,word,300,237,0.00475,0.0005047847980156418,0.0031925393799149436,40,0.6796080555555557,0.28942888888888885
temporal,across,word,300,238,0.006083333333333334,0.00028959889738657733,0.0018315842472299369,40,0.6911233333333335,0.3845124999999999
temporal,across,word,300,239,0.003,0.0005310850045437943,0.0033588764910385265,40,0.6414672222222222,0.2885133333333333
temporal,across,word,300,240,0.0026666666666666666,0.0005229763603684908,0.0033075929223788923,40,0.6695752777777778,0.2975816666666666
temporal,across,word,300,241,0.00625,0.00027183820812389745,0.001719255785460807,40,0.5859686111111111,0.33090833333333325
temporal,across,word,300,242,0.006666666666666666,1.3888903378525477e-19,8.784113775629649e-19,40,0.6547097222222222,0.32872972222222224
temporal,across,word,300,243,0.006500000000000001,0.00011633040674201877,0.000735738092877174,40,0.6717686111111114,0.29192138888888886
temporal,across,word,300,244,0.004666666666666667,0.000427008410146899,0.002700638312223111,40,0.7372561111111109,0.2665313888888889
temporal,across,word,300,245,0.006500000000000001,0.00026554250227189716,0.0016794382455192632,40,0.6368483333333335,0.33942277777777774
temporal,across,word,300,246,0.006666666666666666,1.3888903378525477e-19,8.784113775629649e-19,40,0.6728630555555555,0.3561508333333333
temporal,across,word,300,247,0.006083333333333334,0.00023532422926144446,0.0014883211061796158,40,0.6583941666666666,0.35998944444444436
temporal,across,word,300,248,0.006666666666666666,1.3888903378525477e-19,8.784113775629649e-19,40,0.7652758333333336,0.33075777777777776
temporal,across,word,300,249,0.006666666666666666,1.3888903378525477e-19,8.784113775629649e-19,40,0.68701,0.36320111111111114
temporal,across,word,300,250,0.006,0.00038118124993124375,0.0024108019022652635,40,0.7070097222222221,0.2881247222222222
temporal,across,word,300,251,0.006583333333333334,0.0001455659942756504,0.000920640183556175,40,0.6439063888888888,0.3061441666666666
temporal,across,word,300,252,0.0023333333333333335,0.00048038446141526145,0.0030382181012510003,40,0.6656944444444443,0.31138527777777775
temporal,across,word,300,253,0.006,0.0003202563076101743,0.0020254787341673335,40,0.7103277777777773,0.27291166666666666
temporal,across,word,300,254,0.005333333333333333,0.000427008410146899,0.002700638312223111,40,0.6241880555555556,0.3473194444444444
temporal,across,word,300,255,0.004416666666666668,0.0004681828240069863,0.002961048170463674,40,0.6398252777777778,0.34143
temporal,across,word,300,256,0.005,0.00046225016352102424,0.0029235267310234307,40,0.734871388888889,0.3130622222222222
temporal,across,word,300,257,0.004333333333333333,0.00048038446141526145,0.0030382181012510003,40,0.616369722222222,0.29447527777777777
temporal,across,word,300,258,0.00625,0.0002442355362165734,0.0015446811599938307,40,0.6791608333333335,0.30970305555555555
temporal,across,word,300,259,0.007166666666666667,0.00025458753860865775,0.0016101529717988264,40,0.7623116666666665,0.33967222222222226
temporal,across,word,300,260,0.003333333333333333,0.0004921028776234113,0.0031123318728261753,40,0.6647969444444444,0.2635058333333334
temporal,across,word,300,261,0.00475,0.00046051346296568745,0.0029125428722863436,40,0.5919013888888889,0.2628369444444444
temporal,across,word,300,262,0.0041666666666666675,0.000502840931954632,0.003180245291476762,40,0.6510558333333333,0.30203027777777774
temporal,across,word,300,263,0.005666666666666666,0.00038118124993124375,0.0024108019022652635,40,0.7703216666666663,0.3334486111111111
temporal,across,word,300,264,0.002,0.0004891995904702285,0.0030939698726150473,40,0.6292219444444445,0.2860169444444445
temporal,across,word,300,265,0.005666666666666667,0.0003811812499312437,0.002410801902265263,40,0.6350869444444441,0.30562361111111114
temporal,across,word,300,266,0.007166666666666667,0.00019059062496562185,0.0012054009511326316,40,0.5782344444444444,0.2597036111111111
temporal,across,word,300,267,0.006333333333333332,0.00023266081348403763,0.0014714761857543485,40,0.735215,0.3107025
temporal,across,word,300,268,0.004416666666666667,0.00048315646631310954,0.003055749799575685,40,0.5948102777777778,0.34257527777777774
temporal,across,word,300,269,0.006333333333333332,0.00023266081348403763,0.0014714761857543485,40,0.7639916666666674,0.32381055555555555
temporal,across,word,300,270,0.0034166666666666664,0.0005131809630673188,0.003245641390262953,40,0.6287516666666665,0.3146977777777777
temporal,across,word,300,271,0.005416666666666667,0.00044156384869985964,0.002792694988563073,40,0.6714388888888887,0.4059013888888889
temporal,across,word,300,272,0.006666666666666666,1.3888903378525477e-19,8.784113775629649e-19,40,0.688712777777778,0.2811244444444444
temporal,across,word,300,273,0.001,0.0003811812499312437,0.002410801902265263,40,0.6077708333333334,0.33057833333333325
temporal,across,word,300,274,0.00525,0.000444778186658963,0.0028130242468036803,40,0.6374947222222221,0.3610463888888888
temporal,across,word,300,275,0.006,0.0003202563076101743,0.0020254787341673335,40,0.7081700000000002,0.35575472222222226
temporal,across,word,300,276,0.006333333333333332,0.00023266081348403763,0.0014714761857543485,40,0.7344380555555556,0.2888419444444444
temporal,across,word,300,277,0.006166666666666667,0.0002545875386086578,0.0016101529717988266,40,0.6044111111111112,0.3422519444444444
temporal,across,word,300,278,0.0013333333333333335,0.000427008410146899,0.002700638312223111,40,0.6132013888888888,0.27825805555555555
temporal,across,word,300,279,0.0015,0.0004295031251026405,0.0027164162749691695,40,0.6939694444444446,0.30070305555555554
temporal,across,word,300,280,0.004916666666666666,0.00039562241344126857,0.002502135839774444,40,0.7563411111111116,0.32569833333333337
temporal,across,word,300,281,0.004833333333333334,0.0004913786640188924,0.0031077515438206545,40,0.6812572222222218,0.30274555555555555
temporal,across,word,300,282,0.002,0.0004891995904702285,0.0030939698726150473,40,0.7127374999999994,0.27446777777777775
temporal,across,word,300,283,0.006166666666666667,0.0002545875386086578,0.0016101529717988266,40,0.659083611111111,0.28221527777777783
temporal,across,word,300,284,0.0065833333333333325,8.333333333333332e-05,0.0005270462766947298,40,0.6355444444444445,0.35708472222222226
temporal,across,word,300,285,0.006666666666666666,1.3888903378525477e-19,8.784113775629649e-19,40,0.6675347222222223,0.2963419444444445
temporal,across,word,300,286,0.003583333333333333,0.00048315646631310954,0.003055749799575685,40,0.6971649999999998,0.2723705555555555
temporal,across,word,300,287,0.0,0.0,0.0,40,0.6759569444444445,0.2982830555555555
temporal,across,word,300,288,0.004916666666666666,0.00046205751914361377,0.0029223083410013463,40,0.6661675,0.2793216666666667
temporal,across,word,300,289,0.006833333333333333,0.00016666666666666663,0.0010540925533894597,40,0.6561291666666664,0.3397661111111111
temporal,across,word,300,290,0.002,0.0004744167209018092,0.0030004747962362566,40,0.6528027777777778,0.36332083333333326
temporal,across,word,300,291,0.006500000000000001,0.00011633040674201882,0.0007357380928771743,40,0.6925958333333335,0.2965472222222222
temporal,across,word,300,292,0.00625,0.000399206834693617,0.0025248057102763123,40,0.6618038888888889,0.34647472222222225
temporal,across,word,300,293,0.005666666666666667,0.00038118124993124375,0.0024108019022652635,40,0.8072508333333331,0.3738813888888889
temporal,across,word,300,294,0.006083333333333334,0.00023532422926144446,0.0014883211061796158,40,0.6626644444444445,0.3289683333333333
temporal,across,word,300,295,0.005333333333333333,0.000427008410146899,0.002700638312223111,40,0.6794005555555556,0.30622361111111107
temporal,across,word,300,296,0.0018333333333333333,0.0004614791034954486,0.0029186501192363773,40,0.6788449999999999,0.30896222222222225
temporal,across,word,300,297,0.0006666666666666668,0.0003202563076101743,0.0020254787341673335,40,0.7188402777777779,0.2829758333333333
temporal,across,word,300,298,0.0023333333333333335,0.0005091750772173156,0.0032203059435976533,40,0.6856686111111108,0.29867
temporal,across,word,300,299,0.0028333333333333335,0.00048554606965249525,0.0030708629780892916,40,0.7122669444444445,0.3049777777777777
