analysis_type,fit_scope,condition,K,archetype,mean_accuracy,sem_accuracy,std_accuracy,count,rank_mean,error_mean
temporal,within,intact,5,0,0.007833333333333335,0.00042281784349164917,0.0026741348415884247,40,0.6602725000000002,0.38206333333333325
temporal,within,intact,5,1,0.009166666666666667,0.0006056476837313231,0.0038304522803925744,40,0.674926388888889,0.32462777777777774
temporal,within,intact,5,2,0.00925,0.0004991088925371763,0.003156641801723386,40,0.6931966666666668,0.3092977777777778
temporal,within,intact,5,3,0.0095,0.0008230130177284119,0.005205191359980639,40,0.6697427777777778,0.33467083333333336
temporal,within,intact,5,4,0.008166666666666666,0.0006079951641733012,0.0038452990503112737,40,0.651671388888889,0.33226166666666657
temporal,within,intact,10,0,0.007083333333333333,0.0003809476113865037,0.002409324242364092,40,0.6627983333333334,0.37691083333333325
temporal,within,intact,10,1,0.009333333333333334,0.0005871365639519861,0.0037133776793067774,40,0.6151436111111112,0.35143833333333335
temporal,within,intact,10,2,0.008833333333333335,0.0005277215444626347,0.0033376041016874875,40,0.647458888888889,0.31187527777777774
temporal,within,intact,10,3,0.008583333333333335,0.0006072625513464552,0.0038406655999594975,40,0.6795424999999999,0.32681499999999997
temporal,within,intact,10,4,0.008833333333333335,0.0007600232415099734,0.004806809035671492,40,0.6449005555555557,0.3086713888888889
temporal,within,intact,10,5,0.009083333333333334,0.0004919219241781967,0.0031111874227515096,40,0.6374922222222221,0.32207527777777767
temporal,within,intact,10,6,0.010333333333333333,0.0007337993857053428,0.004640954808922571,40,0.6827502777777779,0.26669611111111113
temporal,within,intact,10,7,0.0095,0.0008055187141590188,0.005094547669265247,40,0.5969980555555556,0.3283513888888888
temporal,within,intact,10,8,0.008499999999999999,0.000715617399249251,0.0045259618297474056,40,0.6332358333333333,0.31694194444444435
temporal,within,intact,10,9,0.005083333333333334,0.0005061938301996517,0.003201450881910849,40,0.564163888888889,0.3183086111111111
temporal,within,intact,25,0,0.008416666666666666,0.00046205751914361377,0.0029223083410013463,40,0.6343727777777779,0.35662194444444434
temporal,within,intact,25,1,0.008749999999999999,0.0004875588940976005,0.0030835931976424856,40,0.6519522222222223,0.34541861111111105
temporal,within,intact,25,2,0.009583333333333334,0.0006875728399641817,0.00434859246311452,40,0.6601208333333336,0.3035513888888889
temporal,within,intact,25,3,0.008666666666666666,0.0006405126152203485,0.004050957468334666,40,0.6126666666666667,0.34673027777777776
temporal,within,intact,25,4,0.008666666666666666,0.0007141228955659593,0.004516509758525979,40,0.6492697222222225,0.3424216666666666
temporal,within,intact,25,5,0.007666666666666666,0.0005495400822454191,0.0034755966509035655,40,0.6615497222222222,0.30474972222222213
temporal,within,intact,25,6,0.00975,0.0005894067228156503,0.003727735424625975,40,0.6554516666666668,0.3265238888888888
temporal,within,intact,25,7,0.011333333333333334,0.000771648621745413,0.004880334396090479,40,0.6534825,0.3111127777777777
temporal,within,intact,25,8,0.010916666666666668,0.0006535842445105027,0.004133629710907181,40,0.6350602777777778,0.3183277777777777
temporal,within,intact,25,9,0.00925,0.0008310867152139589,0.005256253906367645,40,0.6250386111111113,0.3077774999999999
temporal,within,intact,25,10,0.008916666666666666,0.0006013695196343916,0.003803394794892053,40,0.6116747222222223,0.32201944444444447
temporal,within,intact,25,11,0.008416666666666666,0.0006958106219744146,0.004400692771155113,40,0.6510244444444446,0.31024166666666664
temporal,within,intact,25,12,0.010416666666666668,0.000737551002630653,0.004664682117707407,40,0.6102436111111113,0.3258344444444443
temporal,within,intact,25,13,0.008666666666666666,0.0007898934256794544,0.004995724667880022,40,0.6257741666666667,0.31845222222222214
temporal,within,intact,25,14,0.008000000000000002,0.0006515377383555186,0.004120686469516575,40,0.6339663888888889,0.31269222222222226
temporal,within,intact,25,15,0.005666666666666667,0.0006449452813645634,0.0040789921105803375,40,0.6014900000000001,0.3213961111111111
temporal,within,intact,25,16,0.009416666666666667,0.0007906820237478923,0.005000712199989368,40,0.6106816666666669,0.320348611111111
temporal,within,intact,25,17,0.007916666666666666,0.0006165742596507071,0.003899558014256578,40,0.6228241666666667,0.31409833333333326
temporal,within,intact,25,18,0.0085,0.0007730319188612767,0.004889083135224221,40,0.6007366666666667,0.30678777777777766
temporal,within,intact,25,19,0.00925,0.0006142595663193327,0.0038849186082326862,40,0.6003219444444444,0.30649
temporal,within,intact,25,20,0.007250000000000001,0.0004757285610699276,0.0030087716019509612,40,0.5823183333333335,0.3306719444444445
temporal,within,intact,25,21,0.005166666666666667,0.0007637626158259734,0.00483045891539648,40,0.5575144444444445,0.31890694444444445
temporal,within,intact,25,22,0.007083333333333333,0.0007079875978761483,0.004477706728880036,40,0.5972458333333334,0.30282249999999994
temporal,within,intact,25,23,0.007166666666666667,0.0009514571221398553,0.006017543203901923,40,0.6447219444444444,0.30826194444444444
temporal,within,intact,25,24,0.004583333333333333,0.0005295740910852022,0.0033493206352854187,40,0.5572547222222222,0.3239130555555555
temporal,within,intact,50,0,0.006750000000000001,0.0004846283858428769,0.0030650590360687827,40,0.599155277777778,0.3585505555555555
temporal,within,intact,50,1,0.008249999999999999,0.00039562241344126846,0.0025021358397744435,40,0.6170255555555557,0.36174055555555557
temporal,within,intact,50,2,0.0069166666666666664,0.0005255237517707583,0.003323704040225084,40,0.6029716666666668,0.3724480555555555
temporal,within,intact,50,3,0.0065833333333333325,0.00027958811789758817,0.0017682705185521324,40,0.6121830555555556,0.34431527777777776
temporal,within,intact,50,4,0.008,0.0005175000172041232,0.0032729574870827014,40,0.6102722222222223,0.3446069444444445
temporal,within,intact,50,5,0.007999999999999998,0.00047441672090180913,0.003000474796236256,40,0.6010100000000002,0.3422427777777778
temporal,within,intact,50,6,0.007000000000000001,0.00047441672090180913,0.003000474796236256,40,0.6271669444444445,0.2997922222222222
temporal,within,intact,50,7,0.008916666666666666,0.0005255237517707583,0.003323704040225084,40,0.6548272222222223,0.31669
temporal,within,intact,50,8,0.008666666666666666,0.0005310850045437943,0.003358876491038526,40,0.6235644444444445,0.29752444444444437
temporal,within,intact,50,9,0.007916666666666667,0.0004574097142864882,0.0028929130420643255,40,0.6390783333333334,0.3299747222222222
temporal,within,intact,50,10,0.00775,0.0005117911677922933,0.003236851553162112,40,0.6160069444444444,0.3220897222222222
temporal,within,intact,50,11,0.008749999999999999,0.0005428570089754135,0.0034333291842975513,40,0.6401950000000001,0.32728361111111115
temporal,within,intact,50,12,0.008499999999999999,0.0007055942515803598,0.004462569877831598,40,0.6299819444444447,0.3251022222222222
temporal,within,intact,50,13,0.007666666666666666,0.0005495400822454191,0.0034755966509035655,40,0.6275313888888892,0.31580166666666665
temporal,within,intact,50,14,0.007083333333333333,0.00043342372495760464,0.0027412123256407945,40,0.6343416666666667,0.3151558333333333
temporal,within,intact,50,15,0.009916666666666667,0.0006906735223894966,0.0043682029006442205,40,0.647211388888889,0.32593861111111105
temporal,within,intact,50,16,0.010166666666666668,0.0007255020856987775,0.004588478076021619,40,0.6295786111111112,0.3029747222222222
temporal,within,intact,50,17,0.008416666666666666,0.0006084343084444759,0.0038480764425479273,40,0.6221966666666667,0.3008119444444445
temporal,within,intact,50,18,0.008666666666666666,0.0007337993857053427,0.0046409548089225705,40,0.6237594444444448,0.30684805555555555
temporal,within,intact,50,19,0.00975,0.0005647213971599238,0.003571611716915804,40,0.6393788888888892,0.32725972222222216
temporal,within,intact,50,20,0.007083333333333333,0.0007471455652859726,0.004725363459995413,40,0.6329827777777778,0.31296
temporal,within,intact,50,21,0.009416666666666667,0.000652493573338361,0.004126731700742675,40,0.6196761111111113,0.3167147222222223
temporal,within,intact,50,22,0.008916666666666666,0.0006130989425780422,0.0038775781791747974,40,0.6229447222222223,0.3193644444444444
temporal,within,intact,50,23,0.011083333333333334,0.0007678317049103448,0.004856194094413966,40,0.6299569444444445,0.3406766666666666
temporal,within,intact,50,24,0.008499999999999999,0.0005840959605818987,0.0036941472150854577,40,0.616835,0.32201499999999994
temporal,within,intact,50,25,0.007166666666666666,0.0006032910690206792,0.0038155477402863876,40,0.5931350000000002,0.32086944444444443
temporal,within,intact,50,26,0.009166666666666667,0.000683025780277887,0.004319834332583677,40,0.6357475,0.30715166666666666
temporal,within,intact,50,27,0.007583333333333333,0.000584553059355846,0.003697038161568145,40,0.6209675000000001,0.3067969444444444
temporal,within,intact,50,28,0.00825,0.0005200742331410084,0.0032892382581820243,40,0.5913116666666667,0.30843305555555556
temporal,within,intact,50,29,0.008833333333333334,0.0006487990219938459,0.004103365306380464,40,0.6345449999999999,0.3082922222222222
temporal,within,intact,50,30,0.007666666666666667,0.0005495400822454191,0.003475596650903565,40,0.5969199999999999,0.3126291666666666
temporal,within,intact,50,31,0.0085,0.0008178040222470289,0.0051722467798952475,40,0.5880105555555556,0.32506305555555554
temporal,within,intact,50,32,0.009250000000000001,0.0007109992566943674,0.004496754131681842,40,0.6287650000000001,0.3098247222222222
temporal,within,intact,50,33,0.008083333333333335,0.0006844581111966647,0.004328893188716515,40,0.6006197222222222,0.3110366666666667
temporal,within,intact,50,34,0.008083333333333335,0.0008172595092215846,0.005168802977143182,40,0.6112186111111111,0.31704138888888883
temporal,within,intact,50,35,0.006916666666666668,0.0005647213971599238,0.003571611716915804,40,0.5921430555555556,0.32429666666666657
temporal,within,intact,50,36,0.006416666666666668,0.0006013695196343918,0.0038033947948920535,40,0.5959858333333334,0.3003169444444444
temporal,within,intact,50,37,0.00925,0.0007499999999999999,0.004743416490252569,40,0.6107266666666668,0.3003511111111111
temporal,within,intact,50,38,0.005833333333333334,0.0005816520337100941,0.003678690464385871,40,0.5887094444444445,0.32123638888888895
temporal,within,intact,50,39,0.008,0.0008672581807839878,0.005485022341382949,40,0.6023072222222222,0.31878166666666663
temporal,within,intact,50,40,0.006083333333333334,0.0006739717291829767,0.004262571485560761,40,0.6042658333333334,0.3160455555555555
temporal,within,intact,50,41,0.006500000000000001,0.0005717718748968656,0.003616202853397895,40,0.5949302777777777,0.3138138888888889
temporal,within,intact,50,42,0.0075000000000000015,0.0008333333333333332,0.005270462766947298,40,0.598638611111111,0.33239777777777774
temporal,within,intact,50,43,0.008,0.0008754323311266076,0.0055367202074215974,40,0.6221008333333334,0.32429833333333324
temporal,within,intact,50,44,0.00625,0.000522806092950542,0.003306516056674825,40,0.570701388888889,0.33834361111111116
temporal,within,intact,50,45,0.009166666666666667,0.0007894424445261182,0.0049928724126273175,40,0.5901583333333333,0.31535611111111106
temporal,within,intact,50,46,0.0032500000000000003,0.0005268773245260372,0.0033322647859959456,40,0.5453244444444445,0.3215091666666666
temporal,within,intact,50,47,0.004666666666666667,0.0005822639771026017,0.0036825607342247002,40,0.5373166666666667,0.3404733333333333
temporal,within,intact,50,48,0.0019166666666666666,0.0003752966537921413,0.00237358444844567,40,0.5418669444444445,0.3389130555555555
temporal,within,intact,50,49,0.003833333333333333,0.0006032910690206793,0.003815547740286388,40,0.5009355555555556,0.33436361111111107
temporal,within,intact,75,0,0.008166666666666666,0.0005330928945203023,0.0033715755022721006,40,0.5941441666666667,0.3682397222222222
temporal,within,intact,75,1,0.007583333333333333,0.0004301245430187895,0.002720346466956902,40,0.5927319444444445,0.37393666666666664
temporal,within,intact,75,2,0.007333333333333333,0.0005623515948579822,0.0035566237711589133,40,0.6046494444444445,0.3346858333333333
temporal,within,intact,75,3,0.0069166666666666664,0.0004831564663131095,0.0030557497995756847,40,0.6038497222222223,0.33963305555555545
temporal,within,intact,75,4,0.007750000000000002,0.000577196041787598,0.0036505082969650712,40,0.59547,0.33263027777777776
temporal,within,intact,75,5,0.008,0.0005310850045437943,0.003358876491038526,40,0.5858119444444444,0.31750138888888885
temporal,within,intact,75,6,0.006500000000000001,0.0004457779141208643,0.002819347078441735,40,0.6082516666666666,0.3012011111111111
temporal,within,intact,75,7,0.008166666666666666,0.00047666337934435156,0.0030146839118420175,40,0.6687511111111111,0.28583583333333323
temporal,within,intact,75,8,0.008166666666666666,0.0007448780469602423,0.004711022414904454,40,0.6362175000000002,0.3110113888888889
temporal,within,intact,75,9,0.007083333333333333,0.000399206834693617,0.0025248057102763123,40,0.6085863888888892,0.3152475
temporal,within,intact,75,10,0.007166666666666667,0.0006703955544528912,0.004239953770645144,40,0.6481019444444447,0.2928547222222222
temporal,within,intact,75,11,0.006833333333333333,0.0005056659032384976,0.003198111978639933,40,0.6404491666666667,0.3196069444444444
temporal,within,intact,75,12,0.007416666666666667,0.0004991088925371763,0.003156641801723386,40,0.6172030555555557,0.32831583333333325
temporal,within,intact,75,13,0.009083333333333334,0.0005467789649092551,0.0034581338115650556,40,0.6552077777777777,0.29453055555555546
temporal,within,intact,75,14,0.008083333333333335,0.0006739717291829767,0.004262571485560761,40,0.66185,0.3615169444444444
temporal,within,intact,75,15,0.007666666666666666,0.0005495400822454191,0.0034755966509035655,40,0.6335875,0.3198447222222222
temporal,within,intact,75,16,0.008833333333333334,0.000626458412386762,0.003962070885030415,40,0.6461591666666668,0.31474166666666664
temporal,within,intact,75,17,0.00775,0.0004527141951056344,0.0028632159712473136,40,0.6321144444444446,0.3038686111111111
temporal,within,intact,75,18,0.008583333333333335,0.000652493573338361,0.004126731700742675,40,0.6540047222222223,0.30973972222222224
temporal,within,intact,75,19,0.008666666666666666,0.0006623793767520534,0.004189255011318546,40,0.6204788888888889,0.3175772222222222
temporal,within,intact,75,20,0.008166666666666666,0.0005961653339578756,0.003770480634683623,40,0.6338994444444446,0.3073361111111111
temporal,within,intact,75,21,0.009083333333333336,0.0005596536881967729,0.0035395607112309897,40,0.6249038888888888,0.3023663888888889
temporal,within,intact,75,22,0.008333333333333335,0.0005063696835418333,0.0032025630761017424,40,0.609417777777778,0.3269544444444445
temporal,within,intact,75,23,0.00975,0.0006359090673047066,0.004021842074872368,40,0.6497013888888891,0.30602138888888886
temporal,within,intact,75,24,0.006833333333333333,0.0003949467128397272,0.002497862333940011,40,0.6262052777777779,0.3260530555555555
temporal,within,intact,75,25,0.009666666666666667,0.000683546975149819,0.004323130658383886,40,0.6632197222222221,0.3210863888888888
temporal,within,intact,75,26,0.007333333333333333,0.0006666666666666665,0.004216370213557839,40,0.6608983333333335,0.3263163888888888
temporal,within,intact,75,27,0.0085,0.0006954266558151432,0.004398264355939664,40,0.632848888888889,0.3073572222222222
temporal,within,intact,75,28,0.007833333333333335,0.0005540578101426393,0.003504169270911763,40,0.6209372222222223,0.30738361111111107
temporal,within,intact,75,29,0.01025,0.0006792351572617534,0.0042958603276195976,40,0.6128547222222223,0.3186119444444443
temporal,within,intact,75,30,0.00525,0.0005954181656808868,0.0037657551275822065,40,0.6343594444444447,0.30109083333333336
temporal,within,intact,75,31,0.007666666666666666,0.0005229763603684908,0.0033075929223788923,40,0.5891094444444445,0.32001222222222214
temporal,within,intact,75,32,0.0065833333333333325,0.0005268773245260372,0.0033322647859959456,40,0.6075886111111111,0.32491777777777775
temporal,within,intact,75,33,0.007666666666666666,0.0006666666666666665,0.004216370213557839,40,0.6202130555555556,0.2988874999999999
temporal,within,intact,75,34,0.008,0.0006062354060275328,0.0038341693625679476,40,0.6256577777777779,0.3205988888888888
temporal,within,intact,75,35,0.007250000000000001,0.0004904718932443306,0.003102016621894074,40,0.6177463888888888,0.3036997222222222
temporal,within,intact,75,36,0.006500000000000001,0.0005840959605818987,0.0036941472150854577,40,0.6078405555555557,0.3048338888888888
temporal,within,intact,75,37,0.01,0.0006085806194501846,0.0038490017945975053,40,0.6182227777777779,0.31276916666666654
temporal,within,intact,75,38,0.006749999999999999,0.0005532537786493134,0.003499084129252931,40,0.635727777777778,0.3311263888888889
temporal,within,intact,75,39,0.007666666666666666,0.0005091750772173156,0.0032203059435976533,40,0.6094800000000002,0.32279
temporal,within,intact,75,40,0.0069166666666666664,0.0006130989425780422,0.0038775781791747974,40,0.6131447222222224,0.3138047222222222
temporal,within,intact,75,41,0.0052499999999999995,0.0006072625513464554,0.0038406655999594984,40,0.6042347222222222,0.3125699999999999
temporal,within,intact,75,42,0.007916666666666666,0.000568492533533872,0.0035954624775333737,40,0.5984558333333334,0.3202230555555555
temporal,within,intact,75,43,0.006750000000000001,0.0005268773245260372,0.0033322647859959456,40,0.588033888888889,0.3337730555555555
temporal,within,intact,75,44,0.008166666666666666,0.000674631903431942,0.004266746794119403,40,0.637238611111111,0.31745999999999996
temporal,within,intact,75,45,0.007750000000000002,0.000577196041787598,0.0036505082969650712,40,0.5852230555555555,0.30693499999999996
temporal,within,intact,75,46,0.006166666666666667,0.0004706484585228889,0.0029766422123592316,40,0.5960413888888889,0.3167369444444444
temporal,within,intact,75,47,0.008916666666666666,0.0006792351572617534,0.0042958603276195976,40,0.6047902777777777,0.3349344444444444
temporal,within,intact,75,48,0.009583333333333334,0.0008285116920910796,0.005239968030175848,40,0.6216941666666667,0.3191166666666666
temporal,within,intact,75,49,0.0075000000000000015,0.0005937710859953543,0.0037553380809940535,40,0.6030847222222222,0.3103713888888889
temporal,within,intact,75,50,0.0055,0.0006032910690206793,0.003815547740286388,40,0.5675038888888889,0.32029666666666656
temporal,within,intact,75,51,0.006666666666666668,0.0007060987881136029,0.004465760847047225,40,0.6101738888888889,0.31699999999999995
temporal,within,intact,75,52,0.006,0.0006109168300344762,0.0038637772876778144,40,0.6289777777777775,0.31089722222222227
temporal,within,intact,75,53,0.005583333333333333,0.0005519648921491675,0.003490932495281123,40,0.6257247222222223,0.29358527777777776
temporal,within,intact,75,54,0.005583333333333333,0.0005255237517707583,0.003323704040225084,40,0.5641055555555556,0.3140991666666667
temporal,within,intact,75,55,0.006333333333333334,0.0004591581544807963,0.0029039711487975277,40,0.559791388888889,0.3323705555555555
temporal,within,intact,75,56,0.004916666666666666,0.0006425942346670646,0.004064122785681311,40,0.6035241666666668,0.3279375
temporal,within,intact,75,57,0.007166666666666667,0.0008401431162846338,0.005313531615942286,40,0.6206819444444445,0.30111444444444446
temporal,within,intact,75,58,0.007666666666666666,0.0008112457445926347,0.005130768590063903,40,0.66116,0.32756555555555555
temporal,within,intact,75,59,0.005083333333333334,0.0005335936864527374,0.0033747427885527648,40,0.5931358333333334,0.3318077777777778
temporal,within,intact,75,60,0.003583333333333333,0.0004681828240069863,0.002961048170463674,40,0.5802455555555557,0.33945861111111114
temporal,within,intact,75,61,0.007333333333333333,0.0005748776656683841,0.0036358455989457554,40,0.5982127777777777,0.2956194444444444
temporal,within,intact,75,62,0.006166666666666667,0.0007116250813527136,0.004500712194354384,40,0.6064977777777778,0.3348966666666667
temporal,within,intact,75,63,0.004416666666666668,0.0005519648921491675,0.003490932495281123,40,0.5690080555555556,0.3205675
temporal,within,intact,75,64,0.005166666666666667,0.0005056659032384978,0.0031981119786399334,40,0.5914127777777779,0.3226055555555556
temporal,within,intact,75,65,0.006750000000000001,0.0005659812345252781,0.0035795796280276146,40,0.5984841666666666,0.3410608333333333
temporal,within,intact,75,66,0.00625,0.0006448072217929582,0.0040781189451822185,40,0.590603611111111,0.33573722222222224
temporal,within,intact,75,67,0.007833333333333335,0.0007693375994193588,0.004865718207542816,40,0.5934099999999999,0.31597055555555553
temporal,within,intact,75,68,0.007166666666666666,0.0005277215444626347,0.0033376041016874875,40,0.5971591666666668,0.33947527777777775
temporal,within,intact,75,69,0.005,0.0005967623950328606,0.0037742567804819856,40,0.6103422222222223,0.3220577777777778
temporal,within,intact,75,70,0.004833333333333334,0.0006079951641733013,0.003845299050311274,40,0.6021808333333334,0.3266027777777778
temporal,within,intact,75,71,0.003,0.00040998922923799857,0.002592999561057951,40,0.5462844444444445,0.32842416666666663
temporal,within,intact,75,72,0.005,0.0006751595780557777,0.00427008410146899,40,0.5387069444444446,0.3300941666666667
temporal,within,intact,75,73,0.003583333333333333,0.0005647213971599238,0.003571611716915804,40,0.5511458333333333,0.33171694444444444
temporal,within,intact,75,74,0.0034166666666666664,0.0005131809630673187,0.0032456413902629527,40,0.5143469444444445,0.32336666666666664
temporal,within,intact,100,0,0.008,0.000427008410146899,0.002700638312223111,40,0.5973091666666666,0.35234138888888883
temporal,within,intact,100,1,0.0069166666666666664,0.0003656843874505326,0.0023127911382143547,40,0.6056480555555555,0.32885111111111104
temporal,within,intact,100,2,0.006750000000000001,0.0003865159594306383,0.0024445415676121107,40,0.5962722222222222,0.3719824999999999
temporal,within,intact,100,3,0.007916666666666666,0.00040803015083275897,0.002580609261307136,40,0.6030969444444445,0.3095508333333333
temporal,within,intact,100,4,0.006833333333333333,0.00044577791412086436,0.0028193470784417356,40,0.5904505555555557,0.3334333333333333
temporal,within,intact,100,5,0.007083333333333333,0.0004166666666666666,0.002635231383473649,40,0.5872544444444443,0.3322611111111111
temporal,within,intact,100,6,0.008,0.0005310850045437943,0.003358876491038526,40,0.6390658333333334,0.3060463888888888
temporal,within,intact,100,7,0.008666666666666666,0.0006405126152203485,0.004050957468334666,40,0.6533644444444447,0.3142155555555555
temporal,within,intact,100,8,0.006666666666666666,0.0004303314829119352,0.002721655269759087,40,0.6108661111111112,0.2936913888888889
temporal,within,intact,100,9,0.008083333333333335,0.0007906820237478923,0.005000712199989368,40,0.6779344444444446,0.3031436111111111
temporal,within,intact,100,10,0.007000000000000001,0.00037363235887853663,0.0023630585231952223,40,0.626095277777778,0.3226675
temporal,within,intact,100,11,0.008833333333333334,0.0005540578101426393,0.003504169270911763,40,0.6476558333333335,0.3436269444444444
temporal,within,intact,100,12,0.008916666666666666,0.0005647213971599237,0.0035716117169158033,40,0.6541233333333333,0.3105869444444444
temporal,within,intact,100,13,0.0065833333333333325,0.0004697016692749325,0.002970654191383831,40,0.6428725,0.3196972222222222
temporal,within,intact,100,14,0.00975,0.0007099967898486877,0.0044904139746595375,40,0.6665733333333336,0.3135286111111111
temporal,within,intact,100,15,0.006666666666666666,0.0004465760847047224,0.0028243951524544115,40,0.6227513888888889,0.3091513888888889
temporal,within,intact,100,16,0.0075,0.00039132327190432095,0.002474945681294061,40,0.6001066666666667,0.31433527777777776
temporal,within,intact,100,17,0.009416666666666667,0.0006947862406725684,0.004394214014942469,40,0.6650705555555556,0.3545255555555554
temporal,within,intact,100,18,0.007416666666666667,0.0005532537786493134,0.003499084129252931,40,0.6497438888888889,0.336478611111111
temporal,within,intact,100,19,0.009,0.00044975460228796133,0.002844497862746269,40,0.6637683333333333,0.2864749999999999
temporal,within,intact,100,20,0.008749999999999999,0.0005428570089754135,0.0034333291842975513,40,0.657186111111111,0.28877444444444444
temporal,within,intact,100,21,0.007083333333333333,0.00044955660333392903,0.002843245607408123,40,0.5960922222222222,0.32634805555555546
temporal,within,intact,100,22,0.0075,0.000426173593297299,0.0026953584668754664,40,0.6422038888888889,0.3336311111111111
temporal,within,intact,100,23,0.008416666666666666,0.0007452365348515147,0.004713289691404478,40,0.6455408333333332,0.3095366666666666
temporal,within,intact,100,24,0.006500000000000001,0.0004457779141208643,0.002819347078441735,40,0.6147491666666667,0.3134272222222222
temporal,within,intact,100,25,0.01075,0.0007960685091278711,0.0050347793247572286,40,0.6791936111111115,0.3150752777777778
temporal,within,intact,100,26,0.0075,0.0005937710859953545,0.0037553380809940543,40,0.6269761111111111,0.3374386111111111
temporal,within,intact,100,27,0.0085,0.0005462902602399647,0.0034550429718488217,40,0.6070363888888888,0.3089222222222222
temporal,within,intact,100,28,0.007916666666666666,0.0005295740910852021,0.0033493206352854183,40,0.6225305555555556,0.3297352777777778
temporal,within,intact,100,29,0.007416666666666666,0.0005131809630673188,0.003245641390262953,40,0.6515766666666666,0.2986391666666667
temporal,within,intact,100,30,0.007416666666666666,0.0006025527367540542,0.003810878117021328,40,0.6366611111111112,0.3282986111111111
temporal,within,intact,100,31,0.009666666666666667,0.0005943705521611524,0.003759129437922314,40,0.6696916666666668,0.3450572222222221
temporal,within,intact,100,32,0.008499999999999999,0.0005330928945203023,0.0033715755022721006,40,0.6588508333333335,0.28292527777777776
temporal,within,intact,100,33,0.008333333333333335,0.000559812748506421,0.003540566696958629,40,0.6293091666666666,0.31470555555555546
temporal,within,intact,100,34,0.006416666666666666,0.00046818282400698627,0.0029610481704636735,40,0.5912716666666669,0.29219888888888884
temporal,within,intact,100,35,0.010666666666666668,0.0006877023141843227,0.004349411329982359,40,0.6309788888888888,0.30075611111111106
temporal,within,intact,100,36,0.008499999999999999,0.0007352538953302393,0.0046501539355091916,40,0.6301175,0.3380711111111111
temporal,within,intact,100,37,0.008833333333333334,0.000566767210788584,0.003584550578385364,40,0.6546711111111112,0.3029736111111111
temporal,within,intact,100,38,0.007166666666666666,0.0004228178434916492,0.002674134841588425,40,0.5822277777777778,0.3299255555555556
temporal,within,intact,100,39,0.006666666666666666,0.0004921028776234113,0.0031123318728261753,40,0.6250627777777777,0.3124769444444444
temporal,within,intact,100,40,0.005416666666666667,0.0004727247200735973,0.002989773643396175,40,0.6616411111111109,0.3244694444444445
temporal,within,intact,100,41,0.008166666666666666,0.0005330928945203023,0.0033715755022721006,40,0.6450605555555555,0.3154838888888889
temporal,within,intact,100,42,0.007333333333333333,0.00048038446141526135,0.003038218101251,40,0.6149022222222221,0.3206152777777777
temporal,within,intact,100,43,0.007000000000000001,0.0005943705521611524,0.003759129437922314,40,0.6390797222222224,0.31577055555555555
temporal,within,intact,100,44,0.006750000000000001,0.0004846283858428769,0.0030650590360687827,40,0.5906363888888889,0.3128441666666667
temporal,within,intact,100,45,0.008333333333333333,0.0007259927871993819,0.0045915815448079635,40,0.6451638888888889,0.30453472222222217
temporal,within,intact,100,46,0.00775,0.0006013695196343916,0.003803394794892053,40,0.6160225,0.3148827777777778
temporal,within,intact,100,47,0.00775,0.00046818282400698627,0.0029610481704636735,40,0.6188327777777779,0.3296708333333333
temporal,within,intact,100,48,0.006833333333333333,0.0004295031251026405,0.0027164162749691695,40,0.6147016666666667,0.3536202777777777
temporal,within,intact,100,49,0.009333333333333334,0.0006979824404521127,0.0044144285572630445,40,0.6508469444444444,0.33141027777777776
temporal,within,intact,100,50,0.0061666666666666675,0.0004855460696524952,0.003070862978089291,40,0.6042422222222223,0.3398672222222222
temporal,within,intact,100,51,0.009666666666666667,0.0007141228955659593,0.004516509758525979,40,0.6334852777777777,0.35814749999999995
temporal,within,intact,100,52,0.008083333333333335,0.0005954181656808868,0.0037657551275822065,40,0.626063888888889,0.3149086111111111
temporal,within,intact,100,53,0.006833333333333333,0.0005056659032384978,0.0031981119786399334,40,0.5856461111111111,0.2914688888888889
temporal,within,intact,100,54,0.007250000000000001,0.0005583795745617396,0.003531502509061826,40,0.5933563888888889,0.30728055555555556
temporal,within,intact,100,55,0.006083333333333334,0.0004904718932443306,0.003102016621894074,40,0.6018391666666667,0.3258791666666666
temporal,within,intact,100,56,0.00625,0.0005621932528599516,0.003555622328432836,40,0.6227522222222224,0.3144761111111111
temporal,within,intact,100,57,0.007916666666666666,0.0006503067433133847,0.004112900973273538,40,0.6034972222222222,0.3089180555555555
temporal,within,intact,100,58,0.007916666666666666,0.0007129999620399329,0.004509407703319565,40,0.6686372222222222,0.3413183333333333
temporal,within,intact,100,59,0.007416666666666666,0.0005532537786493135,0.0034990841292529317,40,0.6118530555555557,0.3186649999999999
temporal,within,intact,100,60,0.009333333333333332,0.000599144689515278,0.003789323733725367,40,0.6136016666666667,0.33925805555555555
temporal,within,intact,100,61,0.006666666666666666,0.00047740991602628855,0.0030194054243855885,40,0.6165886111111112,0.3380008333333333
temporal,within,intact,100,62,0.009,0.0005871365639519862,0.003713377679306778,40,0.6538558333333335,0.2977811111111111
temporal,within,intact,100,63,0.007333333333333333,0.0006877023141843227,0.004349411329982359,40,0.6271266666666666,0.29606166666666667
temporal,within,intact,100,64,0.008583333333333333,0.0006188802957865281,0.003914142667368273,40,0.6372594444444444,0.3050433333333332
temporal,within,intact,100,65,0.0069166666666666664,0.0007394798741889357,0.004676881372583591,40,0.5639102777777778,0.33528416666666666
temporal,within,intact,100,66,0.006833333333333333,0.0005591762357951763,0.003536541037104265,40,0.6018972222222223,0.3093666666666667
temporal,within,intact,100,67,0.006333333333333332,0.0005699002761767403,0.003604365823754991,40,0.6127358333333335,0.3362958333333333
temporal,within,intact,100,68,0.008833333333333334,0.0005913671446023186,0.0037401342206669513,40,0.597878888888889,0.3311313888888888
temporal,within,intact,100,69,0.006999999999999999,0.0005310850045437943,0.003358876491038526,40,0.6160283333333332,0.3217055555555556
temporal,within,intact,100,70,0.00925,0.000540226553720501,0.0034166927245201863,40,0.678403888888889,0.310115
temporal,within,intact,100,71,0.006666666666666666,0.0005337605126836238,0.003375797890278889,40,0.6500311111111112,0.31282250000000006
temporal,within,intact,100,72,0.005,0.0005063696835418333,0.003202563076101743,40,0.5714374999999998,0.31612416666666665
temporal,within,intact,100,73,0.005,0.0006201736729460422,0.00392232270276368,40,0.6272463888888888,0.31586444444444445
temporal,within,intact,100,74,0.005916666666666667,0.0004991088925371763,0.003156641801723386,40,0.6403686111111111,0.30094499999999996
temporal,within,intact,100,75,0.006666666666666666,0.000559812748506421,0.003540566696958629,40,0.5834991666666667,0.32218722222222224
temporal,within,intact,100,76,0.006,0.0004336290903919939,0.0027425111706914744,40,0.5705758333333334,0.3089802777777777
temporal,within,intact,100,77,0.006166666666666667,0.0005277215444626347,0.0033376041016874875,40,0.6159594444444444,0.33707861111111104
temporal,within,intact,100,78,0.005333333333333334,0.0005035486605694166,0.0031847213602527527,40,0.591733888888889,0.30319722222222223
temporal,within,intact,100,79,0.004,0.0004949891362588122,0.003130586175234568,40,0.6260786111111112,0.3422544444444444
temporal,within,intact,100,80,0.005083333333333334,0.0006200300976060129,0.003921414652583029,40,0.6303269444444444,0.3174552777777777
temporal,within,intact,100,81,0.005916666666666667,0.0006025527367540542,0.0038108781170213277,40,0.607082777777778,0.28236527777777776
temporal,within,intact,100,82,0.009333333333333332,0.0006772661653216249,0.004283407329168958,40,0.6170775000000001,0.29996361111111114
temporal,within,intact,100,83,0.00575,0.0005596536881967729,0.0035395607112309897,40,0.6022516666666669,0.34219333333333335
temporal,within,intact,100,84,0.00575,0.0006854979266251702,0.004335469558917037,40,0.5701383333333334,0.3181227777777778
temporal,within,intact,100,85,0.005833333333333334,0.0005816520337100941,0.003678690464385871,40,0.60815,0.32953472222222224
temporal,within,intact,100,86,0.006500000000000001,0.00051956041029222,0.003285988557150009,40,0.5979325000000001,0.32808000000000004
temporal,within,intact,100,87,0.009083333333333334,0.0008353607815355203,0.005283285475261148,40,0.6525872222222224,0.36586833333333324
temporal,within,intact,100,88,0.006750000000000001,0.0006590105247982552,0.004167948520770725,40,0.5912016666666664,0.3263783333333333
temporal,within,intact,100,89,0.0042499999999999994,0.0005467789649092551,0.0034581338115650556,40,0.6385386111111109,0.33701638888888896
temporal,within,intact,100,90,0.008083333333333335,0.000652493573338361,0.004126731700742675,40,0.6469241666666667,0.31501055555555557
temporal,within,intact,100,91,0.005416666666666667,0.0005558225853982065,0.0035153306896435594,40,0.6449749999999999,0.32325527777777774
temporal,within,intact,100,92,0.007250000000000001,0.0007149950690165274,0.004522025867763026,40,0.6009111111111112,0.35445833333333326
temporal,within,intact,100,93,0.005583333333333334,0.0007099967898486877,0.0044904139746595375,40,0.6013022222222222,0.3340808333333333
temporal,within,intact,100,94,0.006083333333333333,0.0007049630731271919,0.004458577954787533,40,0.6070708333333332,0.30667583333333337
temporal,within,intact,100,95,0.005,0.0006085806194501846,0.0038490017945975053,40,0.6183427777777778,0.3261197222222222
temporal,within,intact,100,96,0.0028333333333333335,0.0004228178434916492,0.002674134841588425,40,0.5623897222222223,0.3287563888888889
temporal,within,intact,100,97,0.005083333333333334,0.0006750276980705259,0.00426925001920662,40,0.5456772222222224,0.3435163888888888
temporal,within,intact,100,98,0.0034166666666666664,0.0006257474163429115,0.003957574151218542,40,0.5494216666666667,0.32829972222222226
temporal,within,intact,100,99,0.00275,0.00041150650886420594,0.0026025956799903193,40,0.5056094444444443,0.34604750000000006
temporal,within,rest,5,0,0.008333333333333335,0.0007734924681537617,0.004891995904702285,40,0.641318888888889,0.2790283333333333
temporal,within,rest,5,1,0.006083333333333334,0.000652493573338361,0.004126731700742675,40,0.6112508333333334,0.3128622222222221
temporal,within,rest,5,2,0.0034166666666666664,0.0005131809630673188,0.003245641390262953,40,0.5537869444444445,0.33595944444444437
temporal,within,rest,5,3,0.002,0.000427008410146899,0.002700638312223111,40,0.5441319444444445,0.3214291666666667
temporal,within,rest,5,4,0.003166666666666667,0.00047666337934435156,0.0030146839118420175,40,0.5395372222222221,0.3274572222222222
temporal,within,rest,10,0,0.007333333333333333,0.0009710921393049903,0.006141725956178581,40,0.6058205555555556,0.32392611111111114
temporal,within,rest,10,1,0.0030833333333333333,0.00046818282400698627,0.0029610481704636735,40,0.5336755555555556,0.35224361111111113
temporal,within,rest,10,2,0.006,0.0008371706521699746,0.005294732102211408,40,0.5889766666666666,0.32815694444444443
temporal,within,rest,10,3,0.003833333333333333,0.000566767210788584,0.0035845505783853645,40,0.5687166666666666,0.3344555555555555
temporal,within,rest,10,4,0.003166666666666667,0.00044577791412086436,0.0028193470784417356,40,0.5220305555555556,0.34151611111111113
temporal,within,rest,10,5,0.0023333333333333335,0.00038118124993124375,0.0024108019022652635,40,0.49383888888888894,0.35505611111111113
temporal,within,rest,10,6,0.006166666666666666,0.0006809370115327948,0.00430662379910395,40,0.5487133333333334,0.33822583333333334
temporal,within,rest,10,7,0.0032500000000000003,0.0006025527367540542,0.003810878117021328,40,0.5164122222222222,0.33336694444444437
temporal,within,rest,10,8,0.004083333333333333,0.0005784287095915728,0.0036583043726829078,40,0.5303372222222223,0.35565027777777775
temporal,within,rest,10,9,0.003833333333333333,0.0006264584123867621,0.003962070885030416,40,0.491995,0.3519319444444444
temporal,within,rest,25,0,0.00825,0.0006958106219744144,0.004400692771155112,40,0.5951708333333332,0.35045361111111106
temporal,within,rest,25,1,0.008916666666666666,0.0005647213971599237,0.0035716117169158033,40,0.6030716666666667,0.2899502777777777
temporal,within,rest,25,2,0.009333333333333332,0.0007660904560785147,0.004845181469850584,40,0.6028383333333334,0.3030191666666667
temporal,within,rest,25,3,0.0035000000000000005,0.00047666337934435156,0.0030146839118420175,40,0.5218013888888888,0.3328594444444445
temporal,within,rest,25,4,0.0034166666666666664,0.0004991088925371763,0.003156641801723386,40,0.5614205555555556,0.31893638888888887
temporal,within,rest,25,5,0.003166666666666667,0.00051956041029222,0.003285988557150009,40,0.5362716666666667,0.32065166666666667
temporal,within,rest,25,6,0.002416666666666667,0.00046205751914361377,0.0029223083410013463,40,0.5287619444444445,0.33568388888888895
temporal,within,rest,25,7,0.005416666666666667,0.000568492533533872,0.0035954624775333737,40,0.5591661111111111,0.31765999999999994
temporal,within,rest,25,8,0.0025,0.00044257083711982863,0.0027990637425321053,40,0.5393749999999999,0.32728055555555563
temporal,within,rest,25,9,0.004666666666666666,0.000673046397354189,0.0042567191732199245,40,0.54144,0.33096333333333333
temporal,within,rest,25,10,0.003,0.0004891995904702285,0.0030939698726150473,40,0.5082111111111111,0.3140936111111111
temporal,within,rest,25,11,0.00225,0.0004366979828269512,0.002761920550668525,40,0.5022311111111111,0.3585999999999999
temporal,within,rest,25,12,0.002333333333333333,0.00041688028711990425,0.002636582437847706,40,0.5498249999999999,0.34853277777777775
temporal,within,rest,25,13,0.0023333333333333335,0.00038118124993124375,0.0024108019022652635,40,0.47284194444444444,0.3376475
temporal,within,rest,25,14,0.003833333333333333,0.0005277215444626347,0.0033376041016874875,40,0.5049994444444444,0.3392322222222222
temporal,within,rest,25,15,0.002416666666666667,0.0003578086996246255,0.0022629809148737028,40,0.5041783333333333,0.34589361111111105
temporal,within,rest,25,16,0.005416666666666667,0.000712999962039933,0.004509407703319566,40,0.48336499999999993,0.35708666666666666
temporal,within,rest,25,17,0.004,0.0005623515948579822,0.0035566237711589133,40,0.5183949999999999,0.33256583333333334
temporal,within,rest,25,18,0.003833333333333333,0.00048554606965249525,0.0030708629780892916,40,0.5250177777777777,0.3399713888888889
temporal,within,rest,25,19,0.002,0.0003540566696958629,0.002239250994025684,40,0.4849116666666668,0.36330111111111113
temporal,within,rest,25,20,0.003333333333333334,0.0005598127485064209,0.0035405666969586286,40,0.4964333333333332,0.33449
temporal,within,rest,25,21,0.0021666666666666666,0.0004228178434916492,0.002674134841588425,40,0.45432833333333333,0.3548486111111111
temporal,within,rest,25,22,0.002666666666666667,0.0004336290903919939,0.0027425111706914744,40,0.5148786111111111,0.3593577777777777
temporal,within,rest,25,23,0.003166666666666666,0.0004614791034954486,0.0029186501192363773,40,0.5124763888888889,0.36275638888888884
temporal,within,rest,25,24,0.003083333333333333,0.0005389065112987853,0.003408344043198855,40,0.5013350000000001,0.3521816666666667
temporal,within,rest,50,0,0.007250000000000001,0.0005047847980156417,0.003192539379914943,40,0.6088586111111112,0.32437083333333333
temporal,within,rest,50,1,0.009916666666666667,0.0006697312043199764,0.004235752051477452,40,0.6300955555555555,0.28538694444444446
temporal,within,rest,50,2,0.0055,0.0007116250813527138,0.004500712194354385,40,0.56321,0.32803916666666666
temporal,within,rest,50,3,0.004833333333333334,0.0006195991719677601,0.003918689239544948,40,0.6087363888888889,0.3118361111111111
temporal,within,rest,50,4,0.004083333333333333,0.0005131809630673188,0.003245641390262953,40,0.5197211111111111,0.35531444444444443
temporal,within,rest,50,5,0.0028333333333333335,0.0005,0.0031622776601683794,40,0.5557844444444444,0.3408038888888889
temporal,within,rest,50,6,0.003,0.00040998922923799857,0.002592999561057951,40,0.5450225000000001,0.3621991666666667
temporal,within,rest,50,7,0.00375,0.00044955660333392903,0.002843245607408123,40,0.5736691666666667,0.31805055555555556
temporal,within,rest,50,8,0.00375,0.0005989960736902173,0.0037883838047182935,40,0.5723169444444444,0.32581611111111114
temporal,within,rest,50,9,0.003583333333333333,0.00045271419510563445,0.002863215971247314,40,0.5693816666666665,0.35034361111111106
temporal,within,rest,50,10,0.0020833333333333333,0.000330920756388213,0.002092926630424937,40,0.5785416666666666,0.31423111111111107
temporal,within,rest,50,11,0.003,0.0005035486605694166,0.0031847213602527527,40,0.5628074999999999,0.3325241666666667
temporal,within,rest,50,12,0.006083333333333334,0.0007248882417055494,0.004584595785728391,40,0.5577755555555555,0.3328702777777778
temporal,within,rest,50,13,0.006333333333333332,0.000743442366768637,0.004701942376110335,40,0.5938933333333333,0.3109172222222222
temporal,within,rest,50,14,0.00525,0.0005833333333333333,0.0036893239368631092,40,0.5896705555555555,0.3155219444444444
temporal,within,rest,50,15,0.005416666666666667,0.0006392603899459486,0.0040430377003132,40,0.5311544444444445,0.33992722222222216
temporal,within,rest,50,16,0.0025,0.0004884710724331468,0.0030893623199876614,40,0.5431952777777778,0.3305722222222222
temporal,within,rest,50,17,0.0035000000000000005,0.0005840959605818988,0.003694147215085458,40,0.5669936111111111,0.3325341666666667
temporal,within,rest,50,18,0.005,0.0006201736729460423,0.003922322702763681,40,0.5441555555555556,0.3446983333333333
temporal,within,rest,50,19,0.004666666666666666,0.0005943705521611524,0.003759129437922314,40,0.5479336111111112,0.3459961111111111
temporal,within,rest,50,20,0.005083333333333334,0.0006084343084444759,0.003848076442547927,40,0.5788466666666667,0.3133688888888889
temporal,within,rest,50,21,0.0025833333333333333,0.0004846283858428769,0.0030650590360687827,40,0.508007222222222,0.3392613888888889
temporal,within,rest,50,22,0.003166666666666666,0.0003949467128397272,0.002497862333940011,40,0.5034741666666667,0.33917305555555555
temporal,within,rest,50,23,0.00275,0.00046051346296568745,0.0029125428722863436,40,0.5330400000000001,0.31932722222222226
temporal,within,rest,50,24,0.004833333333333334,0.0006531754562429428,0.004131044306894694,40,0.5251894444444444,0.3478738888888889
temporal,within,rest,50,25,0.0035000000000000005,0.00051956041029222,0.003285988557150009,40,0.5327194444444445,0.3455719444444444
temporal,within,rest,50,26,0.004,0.0005229763603684908,0.0033075929223788923,40,0.5374844444444445,0.3518016666666667
temporal,within,rest,50,27,0.002416666666666667,0.00041323372110962616,0.0026135195293864426,40,0.5003277777777778,0.3751319444444445
temporal,within,rest,50,28,0.0016666666666666666,0.0003375797890278889,0.0021350420507344954,40,0.48780388888888887,0.3697283333333333
temporal,within,rest,50,29,0.002416666666666667,0.00041323372110962616,0.0026135195293864426,40,0.4849930555555556,0.3547152777777777
temporal,within,rest,50,30,0.0037500000000000007,0.00043342372495760464,0.0027412123256407945,40,0.503403611111111,0.35691555555555554
temporal,within,rest,50,31,0.004666666666666666,0.0006938886664887108,0.004388537257362555,40,0.5111486111111112,0.34096361111111106
temporal,within,rest,50,32,0.00275,0.0004284654257727467,0.00270985328815138,40,0.5221983333333332,0.34538250000000004
temporal,within,rest,50,33,0.003166666666666666,0.0005330928945203023,0.0033715755022721006,40,0.5343369444444445,0.3259627777777777
temporal,within,rest,50,34,0.0021666666666666666,0.000514047677015483,0.0032511229705750244,40,0.48149694444444446,0.3449980555555555
temporal,within,rest,50,35,0.0016666666666666666,0.00043033148291193526,0.0027216552697590874,40,0.49757999999999997,0.3524333333333333
temporal,within,rest,50,36,0.0029166666666666664,0.000522806092950542,0.003306516056674825,40,0.5161897222222223,0.34518638888888886
temporal,within,rest,50,37,0.0020833333333333333,0.00039018404598803084,0.002467740583964123,40,0.5118833333333332,0.34082222222222225
temporal,within,rest,50,38,0.0035000000000000005,0.00041258686385768536,0.002609428444912182,40,0.5517205555555555,0.35278444444444446
temporal,within,rest,50,39,0.002916666666666667,0.0005228060929505421,0.0033065160566748252,40,0.4949483333333333,0.35141222222222224
temporal,within,rest,50,40,0.0032500000000000003,0.0004991088925371763,0.003156641801723386,40,0.4935330555555556,0.3643886111111111
temporal,within,rest,50,41,0.0035833333333333333,0.00034565887371808783,0.0021861386687953444,40,0.4648150000000001,0.39295749999999996
temporal,within,rest,50,42,0.002916666666666667,0.0004801990921390503,0.0030370457230089122,40,0.4870486111111111,0.34156166666666665
temporal,within,rest,50,43,0.0032500000000000003,0.0004991088925371763,0.003156641801723386,40,0.46962583333333346,0.3548075
temporal,within,rest,50,44,0.003833333333333333,0.0005791977947731547,0.0036631684944598737,40,0.5463633333333334,0.37148833333333336
temporal,within,rest,50,45,0.003166666666666667,0.0004913786640188923,0.0031077515438206536,40,0.5121077777777778,0.33081638888888887
temporal,within,rest,50,46,0.0035833333333333333,0.0005117911677922933,0.003236851553162112,40,0.46761527777777784,0.3406188888888889
temporal,within,rest,50,47,0.002,0.000427008410146899,0.002700638312223111,40,0.5002461111111112,0.3654627777777778
temporal,within,rest,50,48,0.0035833333333333333,0.0005117911677922935,0.0032368515531621123,40,0.5419769444444444,0.33032805555555556
temporal,within,rest,50,49,0.00375,0.000522806092950542,0.003306516056674825,40,0.44717555555555544,0.34996777777777777
temporal,within,rest,75,0,0.00775,0.00046818282400698627,0.0029610481704636735,40,0.5910891666666668,0.3268922222222222
temporal,within,rest,75,1,0.009083333333333334,0.0007452365348515146,0.004713289691404477,40,0.6333072222222222,0.30240138888888884
temporal,within,rest,75,2,0.005416666666666667,0.0006049122278635169,0.0038258008490709675,40,0.6134324999999998,0.32143944444444444
temporal,within,rest,75,3,0.0037500000000000007,0.00043342372495760464,0.0027412123256407945,40,0.5778261111111112,0.33046388888888895
temporal,within,rest,75,4,0.003166666666666667,0.0005330928945203023,0.0033715755022721006,40,0.5850325,0.33314277777777773
temporal,within,rest,75,5,0.0036666666666666666,0.0004591581544807963,0.0029039711487975277,40,0.5317138888888889,0.3614927777777778
temporal,within,rest,75,6,0.0055,0.000566767210788584,0.0035845505783853645,40,0.5867888888888889,0.32553444444444446
temporal,within,rest,75,7,0.005333333333333334,0.0006405126152203485,0.004050957468334666,40,0.6011927777777779,0.31923722222222223
temporal,within,rest,75,8,0.005666666666666667,0.0005623515948579823,0.0035566237711589137,40,0.5970222222222223,0.3316816666666666
temporal,within,rest,75,9,0.002,0.0003922322702763681,0.0024806946917841693,40,0.4942077777777779,0.3320213888888889
temporal,within,rest,75,10,0.004583333333333333,0.0005558225853982065,0.003515330689643559,40,0.6070802777777778,0.34944138888888887
temporal,within,rest,75,11,0.0015,0.00035706144778297963,0.0022582548792629896,40,0.5445252777777778,0.36674833333333334
temporal,within,rest,75,12,0.004666666666666666,0.0006623793767520534,0.004189255011318546,40,0.6031511111111112,0.3195133333333333
temporal,within,rest,75,13,0.004833333333333334,0.000674631903431942,0.004266746794119403,40,0.5809911111111111,0.3113883333333333
temporal,within,rest,75,14,0.005666666666666667,0.0007376717048657512,0.004665445505670575,40,0.6308861111111111,0.30700611111111115
temporal,within,rest,75,15,0.0038333333333333336,0.0005913671446023187,0.003740134220666952,40,0.6021644444444445,0.33525277777777773
temporal,within,rest,75,16,0.0028333333333333335,0.00040562287229631733,0.0025653842950319515,40,0.5617875000000001,0.3390344444444444
temporal,within,rest,75,17,0.005666666666666667,0.000633805492015809,0.004008537896587242,40,0.5686105555555555,0.3251441666666667
temporal,within,rest,75,18,0.004416666666666667,0.0006686668711812965,0.004229020617662603,40,0.5278094444444443,0.32864944444444444
temporal,within,rest,75,19,0.0032500000000000003,0.0005268773245260372,0.0033322647859959456,40,0.5734363888888889,0.34318722222222214
temporal,within,rest,75,20,0.00425,0.000596613185780614,0.0037733130983118456,40,0.5616344444444445,0.3750277777777778
temporal,within,rest,75,21,0.004,0.0004949891362588122,0.0031305861752345676,40,0.6097319444444442,0.34217055555555553
temporal,within,rest,75,22,0.0030833333333333333,0.0004366979828269512,0.002761920550668525,40,0.5755994444444443,0.3594413888888889
temporal,within,rest,75,23,0.0026666666666666666,0.00044975460228796133,0.002844497862746269,40,0.5625616666666666,0.34010444444444443
temporal,within,rest,75,24,0.003333333333333334,0.00047740991602628855,0.0030194054243855885,40,0.591299722222222,0.3399608333333333
temporal,within,rest,75,25,0.008583333333333335,0.0008084974280528609,0.005113386710070307,40,0.6051422222222222,0.2965658333333333
temporal,within,rest,75,26,0.004416666666666667,0.0005894067228156503,0.003727735424625975,40,0.593483611111111,0.3301036111111111
temporal,within,rest,75,27,0.0030833333333333333,0.0005519648921491675,0.003490932495281123,40,0.55351,0.3784275
temporal,within,rest,75,28,0.0016666666666666666,0.0003774256780481986,0.0023870495801314433,40,0.5683163888888888,0.33705805555555557
temporal,within,rest,75,29,0.0037500000000000007,0.0005090001931052645,0.0032191998793563385,40,0.5547188888888889,0.35560472222222217
temporal,within,rest,75,30,0.0021666666666666666,0.0004552636129375566,0.0028793399053599583,40,0.5362147222222221,0.3525111111111111
temporal,within,rest,75,31,0.0025,0.0004091196858853377,0.0025875000860206164,40,0.5655461111111111,0.340445
temporal,within,rest,75,32,0.00375,0.0006336650053706131,0.004007649381027932,40,0.5565702777777779,0.3554563888888889
temporal,within,rest,75,33,0.0032500000000000003,0.0005532537786493135,0.0034990841292529317,40,0.5433113888888889,0.38186694444444447
temporal,within,rest,75,34,0.004166666666666667,0.0005168113941217019,0.0032686022523030676,40,0.5694666666666667,0.3393613888888889
temporal,within,rest,75,35,0.0025833333333333333,0.0004217636961434868,0.0026674678283691855,40,0.5377788888888889,0.35127888888888886
temporal,within,rest,75,36,0.0045,0.0005540578101426393,0.0035041692709117636,40,0.5494858333333333,0.3822249999999999
temporal,within,rest,75,37,0.00475,0.0006188802957865281,0.003914142667368273,40,0.5560169444444444,0.3391113888888889
temporal,within,rest,75,38,0.004416666666666667,0.0005255237517707585,0.0033237040402250844,40,0.6243705555555555,0.32940972222222226
temporal,within,rest,75,39,0.003333333333333333,0.0004774099160262886,0.003019405424385589,40,0.515631111111111,0.37169250000000004
temporal,within,rest,75,40,0.00575,0.0007356170733693438,0.00465245087510864,40,0.582355,0.2952447222222222
temporal,within,rest,75,41,0.003166666666666666,0.00051956041029222,0.0032859885571500094,40,0.5182874999999999,0.3678055555555555
temporal,within,rest,75,42,0.004833333333333334,0.0004614791034954486,0.0029186501192363773,40,0.623676111111111,0.36365444444444445
temporal,within,rest,75,43,0.00375,0.000522806092950542,0.003306516056674825,40,0.4902222222222221,0.3482963888888889
temporal,within,rest,75,44,0.002916666666666667,0.00044955660333392903,0.002843245607408123,40,0.5505841666666667,0.3293713888888889
temporal,within,rest,75,45,0.002916666666666667,0.00046513025470953175,0.002941742027072761,40,0.5084261111111111,0.3434813888888889
temporal,within,rest,75,46,0.00275,0.0004757285610699276,0.0030087716019509612,40,0.5219211111111111,0.36093583333333334
temporal,within,rest,75,47,0.002,0.00044337478117411743,0.002804148331177911,40,0.493101388888889,0.3695827777777778
temporal,within,rest,75,48,0.0025833333333333333,0.0004217636961434868,0.0026674678283691855,40,0.5552111111111114,0.3908275
temporal,within,rest,75,49,0.003166666666666666,0.0004614791034954486,0.0029186501192363773,40,0.5588811111111112,0.3394666666666667
temporal,within,rest,75,50,0.003166666666666666,0.0004457779141208643,0.002819347078441735,40,0.5074347222222222,0.3802066666666667
temporal,within,rest,75,51,0.003333333333333333,0.0005337605126836238,0.003375797890278889,40,0.5332419444444444,0.3763913888888889
temporal,within,rest,75,52,0.002,0.0003112331872826175,0.0019684115104936454,40,0.4849874999999999,0.3795261111111111
temporal,within,rest,75,53,0.0038333333333333336,0.0005,0.0031622776601683794,40,0.5226844444444445,0.3425597222222222
temporal,within,rest,75,54,0.003166666666666667,0.0004614791034954486,0.0029186501192363773,40,0.5421411111111111,0.4015927777777778
temporal,within,rest,75,55,0.0021666666666666666,0.00043934034986550346,0.002778632347180483,40,0.5343755555555557,0.34926888888888885
temporal,within,rest,75,56,0.003,0.0004891995904702285,0.0030939698726150473,40,0.5315938888888889,0.38885333333333333
temporal,within,rest,75,57,0.002416666666666667,0.00041323372110962616,0.0026135195293864426,40,0.533105,0.34156055555555553
temporal,within,rest,75,58,0.003583333333333333,0.00045271419510563445,0.002863215971247314,40,0.5440125000000001,0.4049513888888889
temporal,within,rest,75,59,0.004416666666666667,0.0006130989425780422,0.0038775781791747974,40,0.540423333333333,0.38110277777777773
temporal,within,rest,75,60,0.004833333333333334,0.0005717718748968656,0.003616202853397895,40,0.48987027777777764,0.3899947222222222
temporal,within,rest,75,61,0.0019166666666666666,0.0003752966537921413,0.00237358444844567,40,0.4988200000000001,0.34879444444444446
temporal,within,rest,75,62,0.0032500000000000003,0.00046970166927493256,0.0029706541913838316,40,0.5208805555555556,0.3853761111111111
temporal,within,rest,75,63,0.00225,0.00045271419510563445,0.002863215971247314,40,0.5420602777777778,0.3672569444444444
temporal,within,rest,75,64,0.004666666666666667,0.000557262335477027,0.003524436468664519,40,0.48151472222222225,0.35939916666666666
temporal,within,rest,75,65,0.004583333333333333,0.0005684925335338721,0.003595462477533374,40,0.497055,0.35425777777777767
temporal,within,rest,75,66,0.003083333333333333,0.0006579288490181673,0.00416110740246089,40,0.5291386111111112,0.38455277777777774
temporal,within,rest,75,67,0.003166666666666666,0.0004295031251026405,0.0027164162749691695,40,0.5552994444444443,0.36629305555555547
temporal,within,rest,75,68,0.0035833333333333333,0.0004366979828269513,0.0027619205506685253,40,0.519185,0.3541902777777778
temporal,within,rest,75,69,0.0020833333333333337,0.00040803015083275897,0.002580609261307136,40,0.521351388888889,0.3570688888888889
temporal,within,rest,75,70,0.002333333333333333,0.00038118124993124375,0.0024108019022652635,40,0.5137824999999999,0.33366833333333334
temporal,within,rest,75,71,0.00275,0.0003558125406763569,0.0022503560971771923,40,0.5017633333333332,0.31006027777777784
temporal,within,rest,75,72,0.0021666666666666666,0.00043934034986550357,0.0027786323471804836,40,0.47553944444444446,0.34935388888888885
temporal,within,rest,75,73,0.003833333333333333,0.000470648458522889,0.002976642212359232,40,0.5462811111111112,0.3811002777777778
temporal,within,rest,75,74,0.0023333333333333335,0.00041688028711990425,0.002636582437847706,40,0.47997999999999996,0.36470305555555554
temporal,within,rest,100,0,0.007083333333333333,0.00043342372495760464,0.0027412123256407945,40,0.5975658333333334,0.3216497222222222
temporal,within,rest,100,1,0.007416666666666667,0.0004697016692749325,0.002970654191383831,40,0.6142297222222222,0.29616333333333333
temporal,within,rest,100,2,0.007750000000000002,0.0005647213971599238,0.003571611716915804,40,0.6436672222222223,0.30546805555555556
temporal,within,rest,100,3,0.004666666666666666,0.0007337993857053428,0.004640954808922571,40,0.6116436111111112,0.35966972222222215
temporal,within,rest,100,4,0.005333333333333333,0.0006178724639975321,0.0039077685794651745,40,0.6237036111111112,0.31023805555555556
temporal,within,rest,100,5,0.003333333333333333,0.0004921028776234113,0.0031123318728261753,40,0.6144977777777776,0.3510305555555555
temporal,within,rest,100,6,0.0036666666666666666,0.0004591581544807963,0.0029039711487975277,40,0.5448761111111111,0.37307500000000005
temporal,within,rest,100,7,0.004583333333333333,0.0006503067433133847,0.004112900973273538,40,0.6013205555555555,0.3297194444444444
temporal,within,rest,100,8,0.005333333333333333,0.0005822639771026016,0.0036825607342247,40,0.6073044444444445,0.32790027777777786
temporal,within,rest,100,9,0.003333333333333333,0.00037742567804819856,0.002387049580131443,40,0.6121336111111111,0.3504305555555555
temporal,within,rest,100,10,0.003333333333333334,0.0004921028776234113,0.0031123318728261753,40,0.5753966666666667,0.33624166666666666
temporal,within,rest,100,11,0.006416666666666668,0.0006013695196343918,0.0038033947948920535,40,0.5784483333333335,0.3361516666666667
temporal,within,rest,100,12,0.002666666666666667,0.00048038446141526135,0.003038218101251,40,0.5173063888888889,0.35166
temporal,within,rest,100,13,0.004666666666666667,0.0006938886664887108,0.004388537257362555,40,0.5806075,0.3224666666666666
temporal,within,rest,100,14,0.006666666666666666,0.0006959385636178557,0.004401501945156832,40,0.6283300000000003,0.3354597222222222
temporal,within,rest,100,15,0.004166666666666667,0.000502840931954632,0.003180245291476762,40,0.6456727777777777,0.3166272222222222
temporal,within,rest,100,16,0.003,0.0005175000172041232,0.003272957487082702,40,0.5936669444444445,0.3668516666666667
temporal,within,rest,100,17,0.0035000000000000005,0.0005056659032384976,0.003198111978639933,40,0.5933988888888888,0.3632791666666667
temporal,within,rest,100,18,0.007000000000000001,0.0007434423667686371,0.004701942376110336,40,0.6353483333333333,0.2990880555555555
temporal,within,rest,100,19,0.003166666666666667,0.0005056659032384978,0.0031981119786399334,40,0.5987880555555554,0.33970083333333334
temporal,within,rest,100,20,0.005,0.000642732769590452,0.004064998957468074,40,0.6370397222222222,0.3343319444444444
temporal,within,rest,100,21,0.003916666666666667,0.0004757285610699276,0.0030087716019509612,40,0.6169088888888888,0.33486916666666666
temporal,within,rest,100,22,0.0035000000000000005,0.0005056659032384976,0.003198111978639933,40,0.56459,0.3426836111111111
temporal,within,rest,100,23,0.004666666666666667,0.0006062354060275328,0.0038341693625679476,40,0.5778022222222219,0.3237488888888888
temporal,within,rest,100,24,0.002333333333333333,0.0005364226763936138,0.003392634891934514,40,0.6057713888888887,0.3615497222222222
temporal,within,rest,100,25,0.0037500000000000007,0.000522806092950542,0.003306516056674825,40,0.5904472222222223,0.3482636111111111
temporal,within,rest,100,26,0.002833333333333333,0.00045526361293755647,0.002879339905359958,40,0.5717211111111111,0.33452444444444446
temporal,within,rest,100,27,0.0034166666666666664,0.0004991088925371763,0.003156641801723386,40,0.5541155555555555,0.35433250000000005
temporal,within,rest,100,28,0.0021666666666666666,0.0003688358524328756,0.0023327227528352873,40,0.6132055555555553,0.37213472222222227
temporal,within,rest,100,29,0.0020833333333333337,0.00042512776695202844,0.0026887440802993373,40,0.552738611111111,0.3549597222222222
temporal,within,rest,100,30,0.004416666666666667,0.0005894067228156503,0.003727735424625975,40,0.6018458333333332,0.3282413888888889
temporal,within,rest,100,31,0.0045,0.0005540578101426393,0.0035041692709117636,40,0.5821680555555556,0.3511702777777777
temporal,within,rest,100,32,0.004333333333333333,0.0004653216269680751,0.002942952371508696,40,0.6518316666666667,0.3890297222222222
temporal,within,rest,100,33,0.003916666666666667,0.0005583795745617396,0.0035315025090618263,40,0.5960555555555558,0.3528258333333333
temporal,within,rest,100,34,0.003083333333333333,0.0005519648921491675,0.003490932495281123,40,0.524998888888889,0.3644866666666667
temporal,within,rest,100,35,0.0016666666666666666,0.0003958473906635696,0.0025035587206627026,40,0.6004066666666666,0.37786416666666667
temporal,within,rest,100,36,0.004083333333333333,0.0005532537786493135,0.0034990841292529317,40,0.6223894444444442,0.34648527777777777
temporal,within,rest,100,37,0.003916666666666667,0.0005187029077928006,0.003280565235155104,40,0.621395277777778,0.3604761111111111
temporal,within,rest,100,38,0.00225,0.00045271419510563445,0.002863215971247314,40,0.575541111111111,0.3665613888888889
temporal,within,rest,100,39,0.0028333333333333335,0.0004706484585228889,0.0029766422123592316,40,0.5583847222222225,0.33532833333333334
temporal,within,rest,100,40,0.0037500000000000007,0.000522806092950542,0.003306516056674825,40,0.5641302777777779,0.33521888888888884
temporal,within,rest,100,41,0.0042499999999999994,0.0005061938301996517,0.003201450881910849,40,0.5794161111111109,0.34727777777777774
temporal,within,rest,100,42,0.00225,0.0004366979828269513,0.0027619205506685253,40,0.5520558333333332,0.3727825
temporal,within,rest,100,43,0.0025,0.0004583818933094545,0.002899061642076347,40,0.5629055555555557,0.3453205555555556
temporal,within,rest,100,44,0.0036666666666666666,0.0006062354060275328,0.003834169362567948,40,0.5744416666666666,0.3855883333333333
temporal,within,rest,100,45,0.0036666666666666666,0.0005175000172041232,0.003272957487082702,40,0.5876888888888889,0.336275
temporal,within,rest,100,46,0.0028333333333333335,0.0005540578101426393,0.003504169270911763,40,0.5802836111111113,0.32910138888888885
temporal,within,rest,100,47,0.004916666666666667,0.0006958106219744146,0.004400692771155113,40,0.6107344444444445,0.3271877777777778
temporal,within,rest,100,48,0.00375,0.0005989960736902173,0.0037883838047182935,40,0.5835672222222223,0.34645638888888886
temporal,within,rest,100,49,0.003583333333333333,0.0006579288490181673,0.00416110740246089,40,0.6705511111111112,0.37575888888888886
temporal,within,rest,100,50,0.0037500000000000007,0.0005090001931052645,0.0032191998793563385,40,0.5750872222222223,0.3689222222222222
temporal,within,rest,100,51,0.004333333333333333,0.0005364226763936138,0.003392634891934514,40,0.5525652777777778,0.34225777777777777
temporal,within,rest,100,52,0.005,0.00047740991602628855,0.0030194054243855885,40,0.5721191666666667,0.35739694444444453
temporal,within,rest,100,53,0.0034166666666666664,0.0004542847607774707,0.002873149100723064,40,0.5945297222222223,0.35782388888888883
temporal,within,rest,100,54,0.0032500000000000003,0.00036762694766511974,0.002325076967754596,40,0.5321077777777778,0.34209
temporal,within,rest,100,55,0.003333333333333334,0.0005723943812052382,0.0036201399289824566,40,0.5360155555555555,0.3618077777777778
temporal,within,rest,100,56,0.0035000000000000005,0.0005591762357951763,0.0035365410371042644,40,0.5216908333333334,0.35823055555555555
temporal,within,rest,100,57,0.00275,0.0004284654257727467,0.00270985328815138,40,0.5177797222222222,0.3898744444444444
temporal,within,rest,100,58,0.00225,0.0004200715581423169,0.002656765807971143,40,0.5321897222222222,0.35675972222222224
temporal,within,rest,100,59,0.00425,0.0005722388181146617,0.003619156061610303,40,0.561138888888889,0.34792416666666665
temporal,within,rest,100,60,0.0027500000000000003,0.0005322571942188482,0.0033662900694843324,40,0.557407222222222,0.38552166666666665
temporal,within,rest,100,61,0.003333333333333333,0.0006085806194501847,0.0038490017945975057,40,0.5211111111111112,0.3560625
temporal,within,rest,100,62,0.0023333333333333335,0.0004168802871199042,0.0026365824378477057,40,0.5499533333333332,0.3959844444444444
temporal,within,rest,100,63,0.0028333333333333335,0.0003688358524328756,0.0023327227528352873,40,0.49002194444444436,0.37781583333333335
temporal,within,rest,100,64,0.002916666666666667,0.0005362566783465032,0.0033915850281024955,40,0.5560330555555557,0.3629322222222222
temporal,within,rest,100,65,0.002916666666666667,0.000522806092950542,0.003306516056674825,40,0.5647258333333333,0.3767844444444444
temporal,within,rest,100,66,0.0041666666666666675,0.0005436764162477949,0.003438511570921614,40,0.521516388888889,0.36384944444444445
temporal,within,rest,100,67,0.003333333333333333,0.0005337605126836238,0.003375797890278889,40,0.5005430555555556,0.37557888888888885
temporal,within,rest,100,68,0.004083333333333333,0.00040452391911925456,0.002558433904869158,40,0.5675163888888888,0.37543
temporal,within,rest,100,69,0.004333333333333333,0.0005623515948579823,0.0035566237711589137,40,0.5364175000000001,0.3592691666666667
temporal,within,rest,100,70,0.003333333333333333,0.0004303314829119352,0.002721655269759087,40,0.5771561111111111,0.35406666666666664
temporal,within,rest,100,71,0.0023333333333333335,0.00039942979301018543,0.0025262158224835787,40,0.5415975,0.3402311111111111
temporal,within,rest,100,72,0.002916666666666667,0.00041666666666666675,0.00263523138347365,40,0.5572708333333335,0.35700166666666666
temporal,within,rest,100,73,0.0025833333333333333,0.000540226553720501,0.0034166927245201867,40,0.5511550000000001,0.35772222222222216
temporal,within,rest,100,74,0.0034166666666666664,0.0004846283858428769,0.0030650590360687827,40,0.549343888888889,0.3524625
temporal,within,rest,100,75,0.004583333333333333,0.0005295740910852022,0.0033493206352854187,40,0.5848205555555552,0.38358638888888896
temporal,within,rest,100,76,0.002,0.0003540566696958629,0.002239250994025684,40,0.5597319444444444,0.41380027777777784
temporal,within,rest,100,77,0.004666666666666667,0.0006178724639975322,0.003907768579465175,40,0.5226672222222225,0.33329277777777777
temporal,within,rest,100,78,0.003833333333333333,0.00048554606965249525,0.0030708629780892916,40,0.5127855555555552,0.3663225
temporal,within,rest,100,79,0.0020833333333333333,0.00039018404598803084,0.002467740583964123,40,0.5361952777777778,0.3243188888888888
temporal,within,rest,100,80,0.00475,0.0006072625513464554,0.0038406655999594984,40,0.5185963888888889,0.38123972222222224
temporal,within,rest,100,81,0.0041666666666666675,0.0006287281966789348,0.003976426261351493,40,0.5106802777777778,0.3604911111111111
temporal,within,rest,100,82,0.0030833333333333333,0.00046818282400698627,0.0029610481704636735,40,0.516501111111111,0.3785566666666666
temporal,within,rest,100,83,0.00475,0.0005709927876363795,0.003611275472919581,40,0.5172877777777778,0.36512
temporal,within,rest,100,84,0.0011666666666666668,0.0002811757974289911,0.0017783118855794566,40,0.5675255555555555,0.35449055555555553
temporal,within,rest,100,85,0.0015,0.0004295031251026405,0.0027164162749691695,40,0.5456997222222222,0.35972055555555554
temporal,within,rest,100,86,0.003,0.0006062354060275328,0.0038341693625679476,40,0.5458719444444444,0.38779916666666675
temporal,within,rest,100,87,0.0018333333333333333,0.00044577791412086436,0.0028193470784417356,40,0.5654627777777778,0.3549994444444445
temporal,within,rest,100,88,0.00225,0.0004976798018658033,0.00314760343871451,40,0.5356000000000001,0.3548286111111111
temporal,within,rest,100,89,0.002333333333333333,0.0003417734875749095,0.002161565329191943,40,0.537565,0.3689572222222222
temporal,within,rest,100,90,0.002833333333333333,0.000470648458522889,0.002976642212359232,40,0.5001766666666666,0.3366341666666667
temporal,within,rest,100,91,0.003583333333333333,0.00048315646631310954,0.003055749799575685,40,0.5320555555555555,0.3633813888888889
temporal,within,rest,100,92,0.003583333333333333,0.0004976798018658033,0.00314760343871451,40,0.5698041666666664,0.3347705555555555
temporal,within,rest,100,93,0.003,0.0005699002761767401,0.0036043658237549904,40,0.4883211111111111,0.3407958333333333
temporal,within,rest,100,94,0.002916666666666667,0.0005090001931052645,0.0032191998793563385,40,0.5240630555555557,0.35919583333333327
temporal,within,rest,100,95,0.0028333333333333335,0.00038766596482655045,0.0024518148403572426,40,0.5289708333333332,0.3731294444444444
temporal,within,rest,100,96,0.003166666666666666,0.0004913786640188923,0.003107751543820654,40,0.5434358333333333,0.3495036111111111
temporal,within,rest,100,97,0.004000000000000001,0.00048038446141526135,0.003038218101251,40,0.5115861111111112,0.37177722222222226
temporal,within,rest,100,98,0.004833333333333334,0.000674631903431942,0.004266746794119403,40,0.5438077777777778,0.35983805555555554
temporal,within,rest,100,99,0.0018333333333333333,0.0003764809314399492,0.0023810744779438693,40,0.5262544444444444,0.3238316666666667
temporal,within,word,5,0,0.009250000000000001,0.0005906139063083313,0.0037353703234072324,40,0.6214908333333335,0.3412658333333332
temporal,within,word,5,1,0.00775,0.0008128902744470487,0.00514116951010409,40,0.5986552777777778,0.3507325
temporal,within,word,5,2,0.005833333333333334,0.0007035724873914876,0.0044497831183744,40,0.5702375,0.3098166666666667
temporal,within,word,5,3,0.004833333333333334,0.0006079951641733013,0.003845299050311274,40,0.5627633333333334,0.3331505555555555
temporal,within,word,5,4,0.005666666666666667,0.0005495400822454191,0.0034755966509035655,40,0.5949222222222222,0.31361527777777776
temporal,within,word,10,0,0.009833333333333333,0.0005591762357951763,0.0035365410371042644,40,0.6259425000000001,0.330808611111111
temporal,within,word,10,1,0.0085,0.00061959917196776,0.003918689239544947,40,0.6313411111111111,0.35710638888888885
temporal,within,word,10,2,0.009916666666666667,0.0006906735223894966,0.0043682029006442205,40,0.6392402777777778,0.3093333333333333
temporal,within,word,10,3,0.008416666666666666,0.0007356170733693438,0.00465245087510864,40,0.6186188888888889,0.32216249999999996
temporal,within,word,10,4,0.009083333333333334,0.0007825327787751449,0.0049491718493402505,40,0.6071705555555555,0.31038305555555556
temporal,within,word,10,5,0.008166666666666666,0.0007821913843960198,0.004947012681703422,40,0.6104291666666668,0.3066897222222222
temporal,within,word,10,6,0.007333333333333333,0.0006109168300344762,0.0038637772876778144,40,0.5783111111111111,0.32202249999999993
temporal,within,word,10,7,0.004083333333333333,0.0005659812345252781,0.0035795796280276146,40,0.5163272222222222,0.3268388888888888
temporal,within,word,10,8,0.0055,0.0007015448967566097,0.0044369595092371185,40,0.6144066666666668,0.31678999999999996
temporal,within,word,10,9,0.005833333333333334,0.0007235359517703826,0.0045760431532242945,40,0.5602402777777777,0.3196766666666667
temporal,within,word,25,0,0.007166666666666666,0.00042281784349164917,0.0026741348415884247,40,0.6202155555555555,0.31677583333333337
temporal,within,word,25,1,0.008083333333333335,0.000393817968854384,0.0024907235301622104,40,0.6243827777777777,0.3434272222222222
temporal,within,word,25,2,0.007666666666666667,0.0005495400822454191,0.003475596650903565,40,0.6058347222222222,0.3220424999999999
temporal,within,word,25,3,0.007833333333333333,0.0004706484585228889,0.0029766422123592316,40,0.5918033333333332,0.32532305555555546
temporal,within,word,25,4,0.008166666666666666,0.0005717718748968656,0.003616202853397895,40,0.5871708333333333,0.34581999999999996
temporal,within,word,25,5,0.0105,0.0007693375994193588,0.004865718207542816,40,0.6241252777777778,0.32256888888888885
temporal,within,word,25,6,0.007583333333333333,0.0005596536881967729,0.0035395607112309897,40,0.6387600000000001,0.33262749999999996
temporal,within,word,25,7,0.009416666666666667,0.0006739717291829767,0.004262571485560761,40,0.604657777777778,0.29251000000000005
temporal,within,word,25,8,0.007416666666666666,0.000740442425685472,0.004682969082772107,40,0.6142033333333334,0.2874444444444444
temporal,within,word,25,9,0.007416666666666666,0.0007960685091278711,0.0050347793247572286,40,0.5961027777777779,0.2951288888888889
temporal,within,word,25,10,0.007000000000000001,0.0008506742758816229,0.005380136517400738,40,0.6427525000000001,0.2717625
temporal,within,word,25,11,0.009416666666666667,0.0007346481996220893,0.0046463231794957064,40,0.6057697222222223,0.2923727777777777
temporal,within,word,25,12,0.007166666666666667,0.0008055187141590188,0.005094547669265247,40,0.6141905555555556,0.2934608333333334
temporal,within,word,25,13,0.008499999999999999,0.0007730319188612767,0.004889083135224221,40,0.6124711111111113,0.29055749999999997
temporal,within,word,25,14,0.0065833333333333325,0.0007307598589892382,0.004621731154058927,40,0.5766394444444444,0.30736583333333334
temporal,within,word,25,15,0.005416666666666667,0.0006280197703168524,0.003971945779634118,40,0.6010655555555556,0.31552361111111116
temporal,within,word,25,16,0.005333333333333334,0.000771648621745413,0.004880334396090479,40,0.5784683333333334,0.3123722222222223
temporal,within,word,25,17,0.005916666666666667,0.0007009100718172972,0.004432944523789707,40,0.6305072222222222,0.30451583333333326
temporal,within,word,25,18,0.004583333333333333,0.0006165742596507072,0.0038995580142565786,40,0.5723897222222222,0.31622527777777776
temporal,within,word,25,19,0.00475,0.0005709927876363795,0.003611275472919581,40,0.5826319444444443,0.3027747222222222
temporal,within,word,25,20,0.004,0.0005364226763936138,0.003392634891934514,40,0.5697083333333333,0.3275980555555555
temporal,within,word,25,21,0.0030833333333333333,0.0005519648921491675,0.003490932495281123,40,0.524658611111111,0.3336738888888889
temporal,within,word,25,22,0.005416666666666667,0.0006927329336612468,0.0043812277611597296,40,0.5627883333333333,0.32166611111111115
temporal,within,word,25,23,0.003166666666666667,0.0005330928945203023,0.0033715755022721006,40,0.5030983333333333,0.3297688888888889
temporal,within,word,25,24,0.00575,0.0005722388181146617,0.003619156061610303,40,0.5013102777777778,0.3116411111111111
temporal,within,word,50,0,0.007000000000000001,0.0005310850045437943,0.003358876491038526,40,0.6211058333333335,0.3201358333333333
temporal,within,word,50,1,0.006500000000000001,0.00046147910349544853,0.002918650119236377,40,0.630487777777778,0.3121611111111111
temporal,within,word,50,2,0.00775,0.0006896415105730028,0.004361675884819564,40,0.6007397222222222,0.3261227777777777
temporal,within,word,50,3,0.007750000000000002,0.0005389065112987853,0.003408344043198855,40,0.5870363888888889,0.31146222222222214
temporal,within,word,50,4,0.007166666666666666,0.0005277215444626347,0.0033376041016874875,40,0.5889274999999999,0.3244599999999999
temporal,within,word,50,5,0.007666666666666667,0.0004336290903919939,0.0027425111706914744,40,0.6126586111111113,0.30889555555555553
temporal,within,word,50,6,0.007416666666666666,0.00043832593994609724,0.0027722166555277,40,0.6000466666666667,0.3022683333333333
temporal,within,word,50,7,0.009,0.0005364226763936138,0.0033926348919345135,40,0.6055577777777779,0.32374055555555553
temporal,within,word,50,8,0.008416666666666666,0.0005335936864527374,0.0033747427885527648,40,0.5910144444444445,0.3047169444444444
temporal,within,word,50,9,0.009583333333333333,0.0005989960736902172,0.0037883838047182926,40,0.641115,0.3193433333333333
temporal,within,word,50,10,0.009833333333333333,0.0006309898162000304,0.003990729999126216,40,0.6098283333333334,0.26741083333333326
temporal,within,word,50,11,0.009166666666666667,0.0008333333333333332,0.005270462766947298,40,0.6268200000000002,0.31429305555555553
temporal,within,word,50,12,0.006833333333333333,0.0008350409853973918,0.0052812629068943245,40,0.6463794444444446,0.2635127777777778
temporal,within,word,50,13,0.005166666666666667,0.0005591762357951763,0.003536541037104265,40,0.6030947222222223,0.2913630555555556
temporal,within,word,50,14,0.005833333333333334,0.0005816520337100941,0.003678690464385871,40,0.6004155555555555,0.2781375
temporal,within,word,50,15,0.006333333333333334,0.0007240279857964913,0.004579155049641907,40,0.5708438888888889,0.30258611111111106
temporal,within,word,50,16,0.007833333333333335,0.0007785405295328921,0.00492392264815505,40,0.625325,0.27992527777777776
temporal,within,word,50,17,0.007333333333333333,0.0006772661653216249,0.004283407329168958,40,0.5728741666666666,0.2925372222222221
temporal,within,word,50,18,0.007333333333333333,0.0005871365639519862,0.003713377679306778,40,0.5793000000000001,0.31211555555555553
temporal,within,word,50,19,0.007250000000000001,0.0006739717291829767,0.004262571485560761,40,0.6213308333333333,0.2957105555555556
temporal,within,word,50,20,0.0055,0.000626458412386762,0.003962070885030415,40,0.6081388888888888,0.3051675
temporal,within,word,50,21,0.005083333333333334,0.0006958106219744146,0.004400692771155113,40,0.5582444444444444,0.2906366666666667
temporal,within,word,50,22,0.005666666666666667,0.0005229763603684908,0.0033075929223788923,40,0.5816108333333334,0.28460861111111113
temporal,within,word,50,23,0.005833333333333333,0.0005566229063100617,0.0035203923635246104,40,0.605203888888889,0.2860711111111111
temporal,within,word,50,24,0.005166666666666667,0.0005056659032384976,0.003198111978639933,40,0.5733036111111113,0.3121797222222223
temporal,within,word,50,25,0.0051666666666666675,0.00047666337934435156,0.0030146839118420175,40,0.5580380555555556,0.2920577777777778
temporal,within,word,50,26,0.004333333333333333,0.0007279522854655584,0.004603974499992501,40,0.5909230555555556,0.30208333333333337
temporal,within,word,50,27,0.005666666666666667,0.0006558958989042622,0.004148249897002012,40,0.5928191666666666,0.32679
temporal,within,word,50,28,0.0041666666666666675,0.0006725170646750924,0.004253371379408116,40,0.609985,0.3002963888888889
temporal,within,word,50,29,0.004,0.000622466374565235,0.003936823020987291,40,0.5748586111111111,0.3186558333333334
temporal,within,word,50,30,0.004833333333333334,0.0006195991719677601,0.003918689239544948,40,0.5974033333333334,0.28894166666666665
temporal,within,word,50,31,0.003333333333333333,0.000559812748506421,0.003540566696958629,40,0.564198888888889,0.30723
temporal,within,word,50,32,0.0035833333333333333,0.0006359090673047066,0.004021842074872368,40,0.5970930555555556,0.3013683333333333
temporal,within,word,50,33,0.005916666666666666,0.0005268773245260372,0.0033322647859959456,40,0.5771722222222222,0.30785277777777775
temporal,within,word,50,34,0.004833333333333334,0.0006079951641733013,0.003845299050311274,40,0.574676111111111,0.3317466666666667
temporal,within,word,50,35,0.005166666666666667,0.0006531754562429428,0.004131044306894694,40,0.600162777777778,0.31012833333333334
temporal,within,word,50,36,0.004,0.000599144689515278,0.003789323733725367,40,0.6196016666666667,0.3139347222222222
temporal,within,word,50,37,0.004,0.0005871365639519862,0.003713377679306778,40,0.5415380555555556,0.3373847222222222
temporal,within,word,50,38,0.005583333333333333,0.0005771960417875981,0.0036505082969650717,40,0.5805602777777779,0.32055388888888886
temporal,within,word,50,39,0.003833333333333333,0.0005540578101426394,0.003504169270911764,40,0.5571602777777777,0.32534944444444447
temporal,within,word,50,40,0.004666666666666667,0.0005699002761767403,0.003604365823754991,40,0.56446,0.30567944444444445
temporal,within,word,50,41,0.004416666666666667,0.0005647213971599238,0.003571611716915804,40,0.5641855555555556,0.3304330555555556
temporal,within,word,50,42,0.0045,0.0006264584123867621,0.003962070885030416,40,0.5683513888888887,0.3119177777777778
temporal,within,word,50,43,0.006,0.0006109168300344762,0.0038637772876778144,40,0.5424025,0.2948338888888889
temporal,within,word,50,44,0.004666666666666667,0.0006292943635623921,0.0039800070151264615,40,0.5445958333333334,0.32345250000000003
temporal,within,word,50,45,0.004416666666666667,0.0006896415105730028,0.004361675884819564,40,0.5625733333333333,0.3308966666666667
temporal,within,word,50,46,0.00475,0.0005833333333333334,0.0036893239368631097,40,0.5114741666666667,0.33388611111111105
temporal,within,word,50,47,0.0034166666666666664,0.0004542847607774707,0.002873149100723064,40,0.5128241666666666,0.29918666666666666
temporal,within,word,50,48,0.003833333333333333,0.0004855460696524952,0.003070862978089291,40,0.5700038888888889,0.3212675
temporal,within,word,50,49,0.004083333333333333,0.0005532537786493135,0.0034990841292529317,40,0.5434841666666668,0.31234916666666673
temporal,within,word,75,0,0.006750000000000001,0.0004217636961434866,0.0026674678283691846,40,0.601068888888889,0.30849499999999996
temporal,within,word,75,1,0.007333333333333333,0.0004949891362588122,0.003130586175234568,40,0.6421394444444447,0.28170888888888884
temporal,within,word,75,2,0.00825,0.0005335936864527374,0.0033747427885527648,40,0.6041208333333333,0.30824694444444434
temporal,within,word,75,3,0.008333333333333335,0.00044657608470472236,0.002824395152454411,40,0.5960825000000001,0.3023188888888888
temporal,within,word,75,4,0.008916666666666666,0.0004831564663131095,0.0030557497995756847,40,0.6032675,0.30168027777777773
temporal,within,word,75,5,0.007250000000000001,0.0003752966537921412,0.0023735844484456693,40,0.6104905555555555,0.32714138888888894
temporal,within,word,75,6,0.008083333333333335,0.0006072625513464553,0.003840665599959498,40,0.5990205555555557,0.3187124999999999
temporal,within,word,75,7,0.009083333333333334,0.0006425942346670646,0.004064122785681311,40,0.6109550000000001,0.31419611111111106
temporal,within,word,75,8,0.009166666666666667,0.000502840931954632,0.003180245291476762,40,0.6072511111111112,0.2918022222222222
temporal,within,word,75,9,0.007833333333333335,0.0006149838438569978,0.0038894993415869257,40,0.6435113888888889,0.29154888888888886
temporal,within,word,75,10,0.007000000000000001,0.0005035486605694166,0.0031847213602527527,40,0.6213016666666668,0.2826086111111111
temporal,within,word,75,11,0.007666666666666667,0.0005623515948579822,0.003556623771158913,40,0.6134486111111112,0.28141499999999997
temporal,within,word,75,12,0.008166666666666666,0.0005717718748968656,0.003616202853397895,40,0.653006388888889,0.2971977777777778
temporal,within,word,75,13,0.009583333333333333,0.0008622132456136826,0.005453115369810841,40,0.6485683333333333,0.2751727777777778
temporal,within,word,75,14,0.009,0.000599144689515278,0.003789323733725367,40,0.6111041666666668,0.3106522222222222
temporal,within,word,75,15,0.00825,0.0007258701429232809,0.00459080587429904,40,0.6091555555555555,0.27012083333333325
temporal,within,word,75,16,0.00925,0.0008646879120151878,0.00546876653436654,40,0.6358780555555555,0.25743138888888883
temporal,within,word,75,17,0.008833333333333334,0.0006487990219938459,0.004103365306380464,40,0.6171747222222222,0.2797974999999999
temporal,within,word,75,18,0.007416666666666666,0.0006697312043199763,0.004235752051477451,40,0.601415,0.3024736111111111
temporal,within,word,75,19,0.00525,0.0006739717291829767,0.004262571485560761,40,0.5955455555555556,0.3106872222222222
temporal,within,word,75,20,0.006333333333333334,0.0007337993857053428,0.004640954808922571,40,0.6204586111111112,0.27495416666666667
temporal,within,word,75,21,0.005416666666666667,0.0006927329336612468,0.0043812277611597296,40,0.5818805555555555,0.29496055555555556
temporal,within,word,75,22,0.006666666666666666,0.0006201736729460423,0.003922322702763681,40,0.5911905555555556,0.2915847222222222
temporal,within,word,75,23,0.0045,0.0005410499447694665,0.003421900306759639,40,0.6433172222222222,0.31715250000000006
temporal,within,word,75,24,0.007916666666666666,0.0005808861979155425,0.0036738468935369364,40,0.6217083333333334,0.3076936111111111
temporal,within,word,75,25,0.0037500000000000007,0.000494809238329462,0.0031294484008283783,40,0.5684808333333333,0.29216416666666667
temporal,within,word,75,26,0.003833333333333333,0.0005,0.0031622776601683794,40,0.5707941666666667,0.30718277777777775
temporal,within,word,75,27,0.0055,0.0006809370115327948,0.00430662379910395,40,0.600528888888889,0.3007572222222222
temporal,within,word,75,28,0.003833333333333333,0.000470648458522889,0.002976642212359232,40,0.5662244444444445,0.3262852777777777
temporal,within,word,75,29,0.004583333333333333,0.0005159493228057419,0.003263150034575203,40,0.583515,0.29124388888888897
temporal,within,word,75,30,0.005583333333333333,0.0006686668711812965,0.004229020617662603,40,0.584863888888889,0.3055011111111111
temporal,within,word,75,31,0.007333333333333333,0.000784464540552736,0.004961389383568338,40,0.6210205555555556,0.3010847222222222
temporal,within,word,75,32,0.007333333333333333,0.000677266165321625,0.004283407329168959,40,0.6274208333333334,0.2988622222222222
temporal,within,word,75,33,0.007583333333333333,0.000791582316693952,0.005006406152531231,40,0.5927372222222222,0.33705027777777774
temporal,within,word,75,34,0.004583333333333333,0.0007229204383014498,0.004572150304239616,40,0.5944211111111112,0.30329944444444445
temporal,within,word,75,35,0.004416666666666667,0.0005389065112987853,0.003408344043198855,40,0.5810494444444444,0.2911338888888889
temporal,within,word,75,36,0.003916666666666667,0.000652493573338361,0.004126731700742675,40,0.6011866666666666,0.3059738888888889
temporal,within,word,75,37,0.005166666666666667,0.0004614791034954486,0.0029186501192363773,40,0.5870430555555556,0.33439944444444436
temporal,within,word,75,38,0.009166666666666667,0.0007803680919760616,0.004935481167928245,40,0.5841172222222222,0.29705972222222227
temporal,within,word,75,39,0.0035000000000000005,0.0005591762357951763,0.0035365410371042644,40,0.5698941666666667,0.3026094444444444
temporal,within,word,75,40,0.005416666666666667,0.0006611685674953662,0.004181597181192252,40,0.5979419444444444,0.28502305555555557
temporal,within,word,75,41,0.003333333333333333,0.0005337605126836238,0.003375797890278889,40,0.5730175000000001,0.3000805555555556
temporal,within,word,75,42,0.003833333333333333,0.000566767210788584,0.0035845505783853645,40,0.5722161111111111,0.2987122222222222
temporal,within,word,75,43,0.0041666666666666675,0.0004884710724331468,0.0030893623199876614,40,0.5651672222222223,0.3174586111111111
temporal,within,word,75,44,0.0036666666666666666,0.00047441672090180913,0.003000474796236256,40,0.577415,0.34092555555555554
temporal,within,word,75,45,0.006,0.0005748776656683841,0.0036358455989457554,40,0.6274119444444446,0.29595777777777776
temporal,within,word,75,46,0.0041666666666666675,0.000581652033710094,0.0036786904643858706,40,0.58023,0.33521444444444437
temporal,within,word,75,47,0.003,0.0004591581544807963,0.0029039711487975277,40,0.564246111111111,0.35518555555555553
temporal,within,word,75,48,0.00375,0.0005621932528599516,0.003555622328432836,40,0.5593294444444444,0.30995027777777784
temporal,within,word,75,49,0.006166666666666666,0.0005913671446023186,0.0037401342206669517,40,0.608875,0.2571366666666666
temporal,within,word,75,50,0.004,0.0004653216269680751,0.002942952371508696,40,0.5700158333333334,0.3269363888888889
temporal,within,word,75,51,0.004916666666666667,0.0007059726877843334,0.004464963318538848,40,0.5982063888888888,0.31955416666666664
temporal,within,word,75,52,0.002916666666666667,0.0004334237249576047,0.002741212325640795,40,0.5773638888888888,0.3001819444444444
temporal,within,word,75,53,0.0036666666666666666,0.0005310850045437943,0.0033588764910385265,40,0.6114727777777779,0.32530027777777776
temporal,within,word,75,54,0.004333333333333333,0.0007472647177570733,0.004726117046390445,40,0.5598816666666666,0.3599211111111111
temporal,within,word,75,55,0.004666666666666666,0.0006938886664887108,0.004388537257362555,40,0.6038597222222224,0.3492238888888889
temporal,within,word,75,56,0.005666666666666667,0.0005623515948579823,0.0035566237711589137,40,0.6142777777777777,0.34363777777777776
temporal,within,word,75,57,0.005416666666666667,0.0006503067433133847,0.004112900973273538,40,0.5476355555555557,0.3282719444444444
temporal,within,word,75,58,0.003333333333333333,0.00047740991602628855,0.0030194054243855885,40,0.5549463888888889,0.3181394444444444
temporal,within,word,75,59,0.007166666666666667,0.0006596856715021065,0.004172218523448575,40,0.572716388888889,0.35407944444444445
temporal,within,word,75,60,0.004,0.0004949891362588122,0.0031305861752345676,40,0.5807597222222223,0.3195636111111112
temporal,within,word,75,61,0.003749999999999999,0.0005493780477196366,0.0034745718545814495,40,0.5631488888888887,0.3282916666666667
temporal,within,word,75,62,0.003833333333333333,0.0005277215444626347,0.0033376041016874875,40,0.5349338888888889,0.3354169444444445
temporal,within,word,75,63,0.004333333333333333,0.0006558958989042623,0.004148249897002013,40,0.5961875000000001,0.3095308333333333
temporal,within,word,75,64,0.0037500000000000007,0.000522806092950542,0.003306516056674825,40,0.5499197222222222,0.3368752777777778
temporal,within,word,75,65,0.004666666666666666,0.0005443310539518173,0.0034426518632954817,40,0.5707061111111112,0.3428755555555555
temporal,within,word,75,66,0.0037500000000000007,0.0005869849078564814,0.0037124185219410922,40,0.5596919444444445,0.34922333333333333
temporal,within,word,75,67,0.005583333333333333,0.0006896415105730028,0.004361675884819564,40,0.6036558333333334,0.3545166666666667
temporal,within,word,75,68,0.0034166666666666664,0.0004991088925371763,0.003156641801723386,40,0.5748433333333333,0.3281588888888889
temporal,within,word,75,69,0.002416666666666667,0.0004772233913401199,0.0030182257386893066,40,0.515638888888889,0.3180952777777778
temporal,within,word,75,70,0.004000000000000001,0.0005871365639519862,0.003713377679306778,40,0.5536274999999999,0.31857972222222225
temporal,within,word,75,71,0.0034166666666666664,0.0004991088925371763,0.003156641801723386,40,0.5310038888888888,0.3102155555555556
temporal,within,word,75,72,0.00525,0.0006414848782339682,0.0040571065995502215,40,0.54762,0.3181394444444445
temporal,within,word,75,73,0.004666666666666666,0.0006405126152203485,0.004050957468334666,40,0.5194825,0.31636194444444443
temporal,within,word,75,74,0.0036666666666666666,0.0004591581544807963,0.0029039711487975277,40,0.4873230555555555,0.3387922222222223
temporal,within,word,100,0,0.007833333333333335,0.0006149838438569978,0.0038894993415869257,40,0.6371525000000002,0.28431388888888887
temporal,within,word,100,1,0.0069166666666666664,0.0004976798018658033,0.00314760343871451,40,0.6047730555555557,0.30309805555555547
temporal,within,word,100,2,0.0075000000000000015,0.0004583818933094544,0.0028990616420763466,40,0.6125233333333333,0.3348011111111111
temporal,within,word,100,3,0.006583333333333334,0.0004217636961434866,0.0026674678283691846,40,0.6088294444444445,0.32105944444444445
temporal,within,word,100,4,0.009333333333333334,0.0005748776656683841,0.0036358455989457554,40,0.6126438888888889,0.30161083333333333
temporal,within,word,100,5,0.007250000000000001,0.0004605134629656874,0.002912542872286343,40,0.617361388888889,0.3062763888888888
temporal,within,word,100,6,0.009083333333333332,0.0004919219241781967,0.0031111874227515096,40,0.621198888888889,0.2827522222222222
temporal,within,word,100,7,0.007333333333333333,0.0004949891362588122,0.003130586175234568,40,0.6236519444444445,0.31027666666666665
temporal,within,word,100,8,0.0085,0.0005717718748968656,0.003616202853397895,40,0.6139775000000001,0.27885027777777777
temporal,within,word,100,9,0.007833333333333335,0.0005540578101426393,0.003504169270911763,40,0.6310811111111111,0.3015816666666666
temporal,within,word,100,10,0.007000000000000001,0.0006178724639975321,0.0039077685794651745,40,0.6084266666666668,0.28218166666666666
temporal,within,word,100,11,0.008249999999999999,0.0006200300976060129,0.003921414652583029,40,0.6257452777777779,0.2907469444444445
temporal,within,word,100,12,0.006916666666666668,0.0006246081392643932,0.003950368730310261,40,0.6485630555555555,0.28292527777777776
temporal,within,word,100,13,0.006416666666666668,0.0005894067228156503,0.003727735424625975,40,0.6567283333333335,0.2940772222222222
temporal,within,word,100,14,0.010083333333333333,0.0007594373010624472,0.004803103222896689,40,0.6389452777777779,0.27398055555555556
temporal,within,word,100,15,0.009333333333333334,0.000599144689515278,0.003789323733725367,40,0.6188238888888888,0.3082094444444444
temporal,within,word,100,16,0.008333333333333335,0.0006645264792282107,0.004202834479707435,40,0.6190811111111113,0.29358999999999996
temporal,within,word,100,17,0.007583333333333333,0.0006854979266251703,0.004335469558917038,40,0.641308611111111,0.27724
temporal,within,word,100,18,0.0065833333333333325,0.0007307598589892382,0.004621731154058927,40,0.5903511111111112,0.30875916666666664
temporal,within,word,100,19,0.004666666666666667,0.0005822639771026017,0.0036825607342247002,40,0.5936255555555556,0.35642999999999997
temporal,within,word,100,20,0.005583333333333333,0.0006130989425780422,0.0038775781791747974,40,0.6041455555555555,0.30999472222222224
temporal,within,word,100,21,0.0068333333333333345,0.0006954266558151432,0.004398264355939664,40,0.6161761111111111,0.3046094444444445
temporal,within,word,100,22,0.0069166666666666664,0.0007394798741889357,0.004676881372583591,40,0.6248236111111111,0.28979861111111116
temporal,within,word,100,23,0.006416666666666666,0.0005894067228156503,0.003727735424625975,40,0.5988708333333335,0.29534916666666666
temporal,within,word,100,24,0.006833333333333333,0.0006195991719677601,0.003918689239544948,40,0.6158244444444445,0.29215388888888894
temporal,within,word,100,25,0.00475,0.00044477818665896303,0.0028130242468036807,40,0.5910583333333332,0.29324000000000006
temporal,within,word,100,26,0.005833333333333334,0.0005937710859953545,0.0037553380809940543,40,0.5927563888888888,0.29948972222222225
temporal,within,word,100,27,0.00575,0.0004772233913401199,0.0030182257386893066,40,0.5974155555555557,0.2778413888888888
temporal,within,word,100,28,0.006750000000000001,0.000680282956044689,0.0043024871889868555,40,0.5993158333333334,0.3075788888888889
temporal,within,word,100,29,0.005833333333333334,0.0007333139080566301,0.004637884378676501,40,0.5760913888888889,0.29014
temporal,within,word,100,30,0.003,0.0004891995904702285,0.0030939698726150473,40,0.5739847222222222,0.28789972222222227
temporal,within,word,100,31,0.0034166666666666664,0.0006257474163429115,0.003957574151218542,40,0.6102141666666665,0.33887055555555556
temporal,within,word,100,32,0.006333333333333332,0.000714122895565959,0.004516509758525978,40,0.614866388888889,0.27442527777777775
temporal,within,word,100,33,0.005666666666666667,0.0005623515948579822,0.0035566237711589133,40,0.5917916666666667,0.2851861111111111
temporal,within,word,100,34,0.006416666666666668,0.0006470126398497606,0.004092067233686935,40,0.6030600000000002,0.30224944444444446
temporal,within,word,100,35,0.005916666666666667,0.0006481125346341155,0.004099023579097137,40,0.6092277777777779,0.29707138888888884
temporal,within,word,100,36,0.003,0.0004744167209018092,0.0030004747962362566,40,0.5590069444444443,0.33768666666666664
temporal,within,word,100,37,0.0045,0.0006149838438569978,0.0038894993415869257,40,0.5935191666666667,0.3017361111111111
temporal,within,word,100,38,0.006,0.0006109168300344762,0.0038637772876778144,40,0.592633611111111,0.2991397222222222
temporal,within,word,100,39,0.005833333333333334,0.0006933752452815364,0.004385290096535146,40,0.6140422222222222,0.2886761111111111
temporal,within,word,100,40,0.006666666666666666,0.0005337605126836238,0.003375797890278889,40,0.6379194444444444,0.28785611111111115
temporal,within,word,100,41,0.0036666666666666666,0.0005310850045437943,0.0033588764910385265,40,0.6176475,0.295215
temporal,within,word,100,42,0.007333333333333333,0.0007181013268818792,0.004541671567471675,40,0.601301388888889,0.33676972222222223
temporal,within,word,100,43,0.007083333333333333,0.0006336650053706131,0.004007649381027932,40,0.6024616666666666,0.2735766666666667
temporal,within,word,100,44,0.006166666666666666,0.0005540578101426393,0.0035041692709117636,40,0.6117769444444445,0.30542638888888884
temporal,within,word,100,45,0.004833333333333334,0.0005591762357951763,0.003536541037104265,40,0.6227586111111111,0.34361194444444443
temporal,within,word,100,46,0.0034166666666666664,0.0004991088925371763,0.003156641801723386,40,0.5622013888888888,0.3067702777777778
temporal,within,word,100,47,0.00525,0.0006414848782339682,0.0040571065995502215,40,0.5922563888888888,0.31110388888888896
temporal,within,word,100,48,0.004416666666666667,0.0005389065112987853,0.003408344043198855,40,0.5891038888888888,0.3350327777777778
temporal,within,word,100,49,0.0062499999999999995,0.0006223233281713973,0.00393591831615609,40,0.5978666666666668,0.3111497222222222
temporal,within,word,100,50,0.0036666666666666666,0.0006178724639975321,0.0039077685794651745,40,0.5780913888888889,0.33239111111111114
temporal,within,word,100,51,0.005166666666666667,0.000674631903431942,0.004266746794119403,40,0.5748511111111111,0.3218166666666667
temporal,within,word,100,52,0.003583333333333333,0.0004976798018658033,0.00314760343871451,40,0.5555172222222222,0.3206991666666667
temporal,within,word,100,53,0.003833333333333333,0.00043934034986550346,0.002778632347180483,40,0.5868424999999999,0.31231444444444445
temporal,within,word,100,54,0.003583333333333333,0.0005255237517707583,0.003323704040225084,40,0.569982777777778,0.33033999999999997
temporal,within,word,100,55,0.0041666666666666675,0.0005304140187994953,0.0033546328045795494,40,0.5999119444444445,0.3175497222222222
temporal,within,word,100,56,0.00525,0.0007049630731271919,0.004458577954787533,40,0.5850405555555556,0.3342730555555556
temporal,within,word,100,57,0.005333333333333333,0.0005443310539518173,0.0034426518632954817,40,0.5856158333333333,0.34232305555555553
temporal,within,word,100,58,0.003166666666666666,0.0004614791034954486,0.0029186501192363773,40,0.5831975,0.34281083333333334
temporal,within,word,100,59,0.005583333333333333,0.0007394798741889359,0.0046768813725835915,40,0.5479022222222223,0.3254822222222222
temporal,within,word,100,60,0.003333333333333333,0.0005469417694282446,0.003459163477751806,40,0.5510263888888888,0.31009583333333335
temporal,within,word,100,61,0.005166666666666667,0.0005840959605818988,0.003694147215085458,40,0.6098947222222222,0.3060772222222222
temporal,within,word,100,62,0.006,0.0004168802871199042,0.0026365824378477057,40,0.6184555555555556,0.2781875
temporal,within,word,100,63,0.004416666666666667,0.0007490497303754262,0.004737406457442716,40,0.6201230555555557,0.32274361111111116
temporal,within,word,100,64,0.0036666666666666666,0.0006062354060275328,0.003834169362567948,40,0.5885388888888888,0.31849500000000003
temporal,within,word,100,65,0.0041666666666666675,0.0004736654667156709,0.0029957234475763905,40,0.5581674999999999,0.32322999999999996
temporal,within,word,100,66,0.0041666666666666675,0.0005436764162477949,0.003438511570921614,40,0.6094572222222222,0.28459527777777777
temporal,within,word,100,67,0.003333333333333333,0.0004921028776234113,0.0031123318728261753,40,0.5937216666666668,0.3478536111111111
temporal,within,word,100,68,0.005,0.0006201736729460423,0.003922322702763681,40,0.5577588888888889,0.3483761111111111
temporal,within,word,100,69,0.004666666666666667,0.0007337993857053428,0.004640954808922571,40,0.5597630555555556,0.3144761111111111
temporal,within,word,100,70,0.003166666666666666,0.0003764809314399492,0.0023810744779438693,40,0.5435236111111111,0.31943750000000004
temporal,within,word,100,71,0.004,0.0005364226763936138,0.0033926348919345135,40,0.5645236111111112,0.31561055555555556
temporal,within,word,100,72,0.003,0.0005310850045437943,0.003358876491038526,40,0.5928636111111112,0.3310036111111111
temporal,within,word,100,73,0.0032500000000000003,0.00045428476077747075,0.0028731491007230646,40,0.5810180555555555,0.3176583333333333
temporal,within,word,100,74,0.0034166666666666664,0.0004846283858428769,0.0030650590360687827,40,0.5640750000000001,0.3126416666666667
temporal,within,word,100,75,0.0055000000000000005,0.0006149838438569978,0.0038894993415869257,40,0.5813458333333335,0.3588702777777778
temporal,within,word,100,76,0.003916666666666667,0.0006072625513464554,0.0038406655999594984,40,0.540588611111111,0.34524277777777773
temporal,within,word,100,77,0.004333333333333333,0.0005495400822454191,0.0034755966509035655,40,0.5824008333333334,0.2973872222222222
temporal,within,word,100,78,0.004666666666666666,0.000683546975149819,0.004323130658383886,40,0.5542161111111111,0.3337644444444445
temporal,within,word,100,79,0.005916666666666666,0.000680282956044689,0.0043024871889868555,40,0.6044980555555557,0.36635833333333334
temporal,within,word,100,80,0.005416666666666667,0.0006165742596507071,0.003899558014256578,40,0.572970277777778,0.33560749999999995
temporal,within,word,100,81,0.002916666666666667,0.0004948092383294621,0.0031294484008283787,40,0.555323611111111,0.35503027777777774
temporal,within,word,100,82,0.005,0.00047740991602628855,0.0030194054243855885,40,0.5915097222222222,0.3110588888888889
temporal,within,word,100,83,0.0035833333333333333,0.0005519648921491676,0.0034909324952811234,40,0.5410397222222223,0.3322247222222222
temporal,within,word,100,84,0.00525,0.0006414848782339682,0.0040571065995502215,40,0.5856138888888888,0.29770305555555554
temporal,within,word,100,85,0.00575,0.0007258701429232809,0.00459080587429904,40,0.6322016666666668,0.29694305555555556
temporal,within,word,100,86,0.004999999999999999,0.0005967623950328607,0.003774256780481986,40,0.5785761111111111,0.3182069444444444
temporal,within,word,100,87,0.0036666666666666666,0.00044337478117411743,0.002804148331177911,40,0.5259944444444444,0.3626819444444445
temporal,within,word,100,88,0.004083333333333333,0.0005906139063083313,0.003735370323407233,40,0.5861508333333333,0.31134055555555556
temporal,within,word,100,89,0.003833333333333333,0.0005791977947731548,0.003663168494459874,40,0.5445883333333332,0.29381861111111107
temporal,within,word,100,90,0.0045000000000000005,0.000566767210788584,0.0035845505783853645,40,0.5310652777777778,0.3523025
temporal,within,word,100,91,0.0025,0.0004736654667156709,0.0029957234475763905,40,0.48326833333333336,0.32791249999999994
temporal,within,word,100,92,0.0042499999999999994,0.0006854979266251703,0.004335469558917038,40,0.5310908333333335,0.30212805555555555
temporal,within,word,100,93,0.002,0.0004591581544807963,0.0029039711487975277,40,0.5322761111111112,0.33205944444444446
temporal,within,word,100,94,0.00225,0.0004366979828269512,0.002761920550668525,40,0.5977897222222224,0.2950591666666667
temporal,within,word,100,95,0.0055,0.0004706484585228889,0.0029766422123592316,40,0.5334563888888889,0.3256677777777778
temporal,within,word,100,96,0.0018333333333333333,0.00041258686385768536,0.002609428444912182,40,0.536808611111111,0.3607813888888889
temporal,within,word,100,97,0.0028333333333333335,0.0005,0.0031622776601683794,40,0.4964083333333334,0.35586833333333334
temporal,within,word,100,98,0.0026666666666666666,0.00038118124993124375,0.0024108019022652635,40,0.47776611111111117,0.3330419444444444
temporal,within,word,100,99,0.0035833333333333333,0.0005519648921491675,0.003490932495281123,40,0.49407638888888883,0.3283711111111111
