analysis_type,fit_scope,condition,K,archetype,mean_accuracy,sem_accuracy,std_accuracy,count,rank_mean,error_mean,fit_source_file,fit_source_basename
spatial,across,intact,5,0,0.0075833333333333,0.0005596536881967,0.0035395607112309,40,0.6957811111111111,0.3448288888888888,,
spatial,across,intact,5,1,0.007,0.0004433747811741,0.0028041483311779,40,0.6202627777777778,0.4046111111111109,,
spatial,across,intact,5,2,0.0085833333333333,0.0005454747794744,0.0034498854186348,40,0.6707313888888888,0.3544330555555554,,
spatial,across,intact,5,3,0.00675,0.0004542847607774,0.002873149100723,40,0.6104155555555556,0.3744469444444444,,
spatial,across,intact,5,4,0.00725,0.0005709927876363,0.0036112754729195,40,0.5922691666666667,0.358568611111111,,
spatial,across,intact,10,0,0.0076666666666666,0.0008623164985025,0.0054537683984186,40,0.5719552777777778,0.3254797222222221,msaa_flexible_outputs_npz/spatialAA_across_acrossCond_K10.npz,spatialAA_across_acrossCond_K10.npz
spatial,across,intact,10,1,0.0080833333333333,0.0005954181656808,0.0037657551275822,40,0.6948636111111111,0.3599513888888889,msaa_flexible_outputs_npz/spatialAA_across_acrossCond_K10.npz,spatialAA_across_acrossCond_K10.npz
spatial,across,intact,10,2,0.0079166666666666,0.0005019548679499,0.003174641330662,40,0.6069711111111113,0.4038152777777776,msaa_flexible_outputs_npz/spatialAA_across_acrossCond_K10.npz,spatialAA_across_acrossCond_K10.npz
spatial,across,intact,10,3,0.00875,0.0005684925335338,0.0035954624775333,40,0.6753805555555555,0.3394738888888888,msaa_flexible_outputs_npz/spatialAA_across_acrossCond_K10.npz,spatialAA_across_acrossCond_K10.npz
spatial,across,intact,10,4,0.0085,0.0005462902602399,0.0034550429718488,40,0.6085075000000001,0.3948527777777777,msaa_flexible_outputs_npz/spatialAA_across_acrossCond_K10.npz,spatialAA_across_acrossCond_K10.npz
spatial,across,intact,10,5,0.0075,0.0005304140187994,0.0033546328045795,40,0.6058552777777779,0.3820280555555554,msaa_flexible_outputs_npz/spatialAA_across_acrossCond_K10.npz,spatialAA_across_acrossCond_K10.npz
spatial,across,intact,10,6,0.0059166666666666,0.0004991088925371,0.0031566418017233,40,0.6044833333333333,0.3816769444444444,msaa_flexible_outputs_npz/spatialAA_across_acrossCond_K10.npz,spatialAA_across_acrossCond_K10.npz
spatial,across,intact,10,7,0.0068333333333333,0.0005462902602399,0.0034550429718488,40,0.6212352777777778,0.3412561111111111,msaa_flexible_outputs_npz/spatialAA_across_acrossCond_K10.npz,spatialAA_across_acrossCond_K10.npz
spatial,across,intact,10,8,0.0050833333333333,0.0007059726877843,0.0044649633185388,40,0.58709,0.3499205555555555,msaa_flexible_outputs_npz/spatialAA_across_acrossCond_K10.npz,spatialAA_across_acrossCond_K10.npz
spatial,across,intact,10,9,0.0054166666666666,0.0006165742596507,0.0038995580142565,40,0.5579655555555556,0.3674355555555555,msaa_flexible_outputs_npz/spatialAA_across_acrossCond_K10.npz,spatialAA_across_acrossCond_K10.npz
spatial,across,intact,25,0,0.0055,0.0006264584123867,0.0039620708850304,40,0.5660547222222222,0.3275419444444444,msaa_flexible_outputs_npz/spatialAA_across_acrossCond_K25.npz,spatialAA_across_acrossCond_K25.npz
spatial,across,intact,25,1,0.0059166666666666,0.0006590105247982,0.0041679485207707,40,0.5712072222222222,0.3356199999999999,msaa_flexible_outputs_npz/spatialAA_across_acrossCond_K25.npz,spatialAA_across_acrossCond_K25.npz
spatial,across,intact,25,2,0.0089166666666666,0.0006470126398497,0.0040920672336869,40,0.7080797222222224,0.3800977777777777,msaa_flexible_outputs_npz/spatialAA_across_acrossCond_K25.npz,spatialAA_across_acrossCond_K25.npz
spatial,across,intact,25,3,0.0095833333333333,0.0006336650053706,0.0040076493810279,40,0.6943738888888891,0.3073955555555555,msaa_flexible_outputs_npz/spatialAA_across_acrossCond_K25.npz,spatialAA_across_acrossCond_K25.npz
spatial,across,intact,25,4,0.0071666666666666,0.0004228178434916,0.0026741348415884,40,0.6157536111111112,0.4127094444444443,msaa_flexible_outputs_npz/spatialAA_across_acrossCond_K25.npz,spatialAA_across_acrossCond_K25.npz
spatial,across,intact,25,5,0.0080833333333333,0.0005583795745617,0.0035315025090618,40,0.682453888888889,0.3409752777777777,msaa_flexible_outputs_npz/spatialAA_across_acrossCond_K25.npz,spatialAA_across_acrossCond_K25.npz
spatial,across,intact,25,6,0.0084166666666666,0.0006084343084444,0.0038480764425479,40,0.6033025,0.4076105555555555,msaa_flexible_outputs_npz/spatialAA_across_acrossCond_K25.npz,spatialAA_across_acrossCond_K25.npz
spatial,across,intact,25,7,0.0053333333333333,0.0005699002761767,0.0036043658237549,40,0.6263886111111112,0.361008611111111,msaa_flexible_outputs_npz/spatialAA_across_acrossCond_K25.npz,spatialAA_across_acrossCond_K25.npz
spatial,across,intact,25,8,0.0069166666666666,0.0006686668711812,0.0042290206176626,40,0.5921961111111111,0.3778352777777777,msaa_flexible_outputs_npz/spatialAA_across_acrossCond_K25.npz,spatialAA_across_acrossCond_K25.npz
spatial,across,intact,25,9,0.0065833333333333,0.0004991088925371,0.0031566418017233,40,0.6007961111111111,0.3827047222222221,msaa_flexible_outputs_npz/spatialAA_across_acrossCond_K25.npz,spatialAA_across_acrossCond_K25.npz
spatial,across,intact,25,10,0.0070833333333333,0.0006107710786713,0.0038628554751184,40,0.6188358333333334,0.3330233333333333,msaa_flexible_outputs_npz/spatialAA_across_acrossCond_K25.npz,spatialAA_across_acrossCond_K25.npz
spatial,across,intact,25,11,0.0045833333333333,0.0005428570089754,0.0034333291842975,40,0.5514625000000001,0.3407136111111111,msaa_flexible_outputs_npz/spatialAA_across_acrossCond_K25.npz,spatialAA_across_acrossCond_K25.npz
spatial,across,intact,25,12,0.0058333333333333,0.000672517064675,0.0042533713794081,40,0.5377308333333335,0.3270369444444444,msaa_flexible_outputs_npz/spatialAA_across_acrossCond_K25.npz,spatialAA_across_acrossCond_K25.npz
spatial,across,intact,25,13,0.0055,0.0005540578101426,0.0035041692709117,40,0.5296208333333333,0.3153505555555555,msaa_flexible_outputs_npz/spatialAA_across_acrossCond_K25.npz,spatialAA_across_acrossCond_K25.npz
spatial,across,intact,25,14,0.0063333333333333,0.0007434423667686,0.0047019423761103,40,0.5731844444444445,0.328615,msaa_flexible_outputs_npz/spatialAA_across_acrossCond_K25.npz,spatialAA_across_acrossCond_K25.npz
spatial,across,intact,25,15,0.0039166666666666,0.0006524935733383,0.0041267317007426,40,0.5569516666666667,0.3269466666666666,msaa_flexible_outputs_npz/spatialAA_across_acrossCond_K25.npz,spatialAA_across_acrossCond_K25.npz
spatial,across,intact,25,16,0.0060833333333333,0.0005187029077928,0.0032805652351551,40,0.5395011111111112,0.3231188888888889,msaa_flexible_outputs_npz/spatialAA_across_acrossCond_K25.npz,spatialAA_across_acrossCond_K25.npz
spatial,across,intact,25,17,0.0043333333333333,0.0005364226763936,0.0033926348919345,40,0.5166536111111111,0.3245405555555555,msaa_flexible_outputs_npz/spatialAA_across_acrossCond_K25.npz,spatialAA_across_acrossCond_K25.npz
spatial,across,intact,25,18,0.0041666666666666,0.0006399563731569,0.004047439484633,40,0.5036391666666666,0.3419327777777777,msaa_flexible_outputs_npz/spatialAA_across_acrossCond_K25.npz,spatialAA_across_acrossCond_K25.npz
spatial,across,intact,25,19,0.00575,0.0006535842445105,0.0041336297109071,40,0.5495558333333334,0.3312897222222222,msaa_flexible_outputs_npz/spatialAA_across_acrossCond_K25.npz,spatialAA_across_acrossCond_K25.npz
spatial,across,intact,25,20,0.00525,0.0006414848782339,0.0040571065995502,40,0.5642394444444443,0.3207474999999999,msaa_flexible_outputs_npz/spatialAA_across_acrossCond_K25.npz,spatialAA_across_acrossCond_K25.npz
spatial,across,intact,25,21,0.0035833333333333,0.0005389065112987,0.0034083440431988,40,0.5280302777777778,0.332371111111111,msaa_flexible_outputs_npz/spatialAA_across_acrossCond_K25.npz,spatialAA_across_acrossCond_K25.npz
spatial,across,intact,25,22,0.00575,0.0007159905377464,0.004528321764815,40,0.5562902777777777,0.3225688888888888,msaa_flexible_outputs_npz/spatialAA_across_acrossCond_K25.npz,spatialAA_across_acrossCond_K25.npz
spatial,across,intact,25,23,0.0033333333333333,0.0005337605126836,0.0033757978902788,40,0.4975211111111111,0.3353155555555555,msaa_flexible_outputs_npz/spatialAA_across_acrossCond_K25.npz,spatialAA_across_acrossCond_K25.npz
spatial,across,intact,25,24,0.00375,0.0005493780477196,0.0034745718545814,40,0.529313888888889,0.3429627777777777,msaa_flexible_outputs_npz/spatialAA_across_acrossCond_K25.npz,spatialAA_across_acrossCond_K25.npz
spatial,across,intact,40,0,0.0058333333333333,0.0005436764162477,0.0034385115709216,40,0.5661291666666667,0.3279286111111111,,
spatial,across,intact,40,1,0.0060833333333333,0.0006739717291829,0.0042625714855607,40,0.5584469444444444,0.3309399999999999,,
spatial,across,intact,40,2,0.0049166666666666,0.0005722388181146,0.0036191560616103,40,0.580356388888889,0.3199505555555554,,
spatial,across,intact,40,3,0.0076666666666666,0.0005623515948579,0.0035566237711589,40,0.7050200000000002,0.389905,,
spatial,across,intact,40,4,0.0084166666666666,0.0005845530593558,0.0036970381615681,40,0.6180933333333334,0.4077744444444443,,
spatial,across,intact,40,5,0.0084166666666666,0.0006854979266251,0.004335469558917,40,0.6763911111111112,0.3319694444444444,,
spatial,across,intact,40,6,0.0080833333333333,0.0005047847980156,0.0031925393799149,40,0.6924094444444444,0.3075424999999999,,
spatial,across,intact,40,7,0.0080833333333333,0.0006947862406725,0.0043942140149424,40,0.6213319444444446,0.3854252777777777,,
spatial,across,intact,40,8,0.00725,0.0005709927876363,0.0036112754729195,40,0.6271961111111113,0.3922194444444443,,
spatial,across,intact,40,9,0.0086666666666666,0.000662379376752,0.0041892550113185,40,0.665703888888889,0.3359147222222221,,
spatial,across,intact,40,10,0.0051666666666666,0.0006079951641733,0.0038452990503112,40,0.6321325,0.3627377777777777,,
spatial,across,intact,40,11,0.0094166666666666,0.0006072625513464,0.0038406655999594,40,0.6080797222222223,0.3799544444444443,,
spatial,across,intact,40,12,0.0074166666666666,0.0006370281338409,0.0040289196730877,40,0.6068030555555556,0.3701477777777778,,
spatial,across,intact,40,13,0.0061666666666666,0.0006487990219938,0.0041033653063804,40,0.6256736111111112,0.3291574999999999,,
spatial,across,intact,40,14,0.0064166666666666,0.0005389065112987,0.0034083440431988,40,0.5400061111111112,0.3203747222222221,,
spatial,across,intact,40,15,0.0045833333333333,0.0005428570089754,0.0034333291842975,40,0.5462669444444445,0.316763611111111,,
spatial,across,intact,40,16,0.0056666666666666,0.0007660904560785,0.0048451814698505,40,0.5653919444444444,0.323065,,
spatial,across,intact,40,17,0.0065,0.0007255020856987,0.0045884780760216,40,0.5716752777777778,0.3208305555555555,,
spatial,across,intact,40,18,0.0019166666666666,0.0003938179688543,0.0024907235301622,40,0.5545069444444444,0.3268702777777778,,
spatial,across,intact,40,19,0.0025833333333333,0.000526877324526,0.0033322647859959,40,0.5582308333333332,0.3098672222222222,,
spatial,across,intact,40,20,0.0072499999999999,0.0008172595092215,0.0051688029771431,40,0.5857766666666668,0.3351908333333332,,
spatial,across,intact,40,21,0.0075833333333333,0.0007825327787751,0.0049491718493402,40,0.5231647222222223,0.3288,,
spatial,across,intact,40,22,0.0030833333333333,0.0004681828240069,0.0029610481704636,40,0.5434683333333334,0.3430641666666666,,
spatial,across,intact,40,23,0.0060833333333333,0.0005833333333333,0.0036893239368631,40,0.5756913888888888,0.3416202777777777,,
spatial,across,intact,40,24,0.0031666666666666,0.0005591762357951,0.0035365410371042,40,0.5146391666666666,0.3319655555555555,,
spatial,across,intact,40,25,0.0049166666666666,0.0006084343084444,0.0038480764425479,40,0.5466322222222223,0.3359402777777777,,
spatial,across,intact,40,26,0.0033333333333333,0.0005063696835418,0.0032025630761017,40,0.5039136111111111,0.3414874999999999,,
spatial,across,intact,40,27,0.0035833333333333,0.0004681828240069,0.0029610481704636,40,0.5417580555555555,0.3321174999999999,,
spatial,across,intact,40,28,0.0052499999999999,0.0004757285610699,0.0030087716019509,40,0.4941119444444444,0.3568694444444444,,
spatial,across,intact,40,29,0.0071666666666666,0.0005277215444626,0.0033376041016874,40,0.5794216666666667,0.3371777777777777,,
spatial,across,intact,40,30,0.003,0.0003736323588785,0.0023630585231952,40,0.5088663888888888,0.3313449999999999,,
spatial,across,intact,40,31,0.0038333333333333,0.0005667672107885,0.0035845505783853,40,0.5322405555555555,0.3262005555555556,,
spatial,across,intact,40,32,0.005,0.0007060987881136,0.0044657608470472,40,0.5547480555555555,0.3191624999999999,,
spatial,across,intact,40,33,0.0053333333333333,0.0004891995904702,0.003093969872615,40,0.5514586111111112,0.3333105555555556,,
spatial,across,intact,40,34,0.0039166666666666,0.0005954181656808,0.0037657551275822,40,0.5119366666666666,0.3269033333333334,,
spatial,across,intact,40,35,0.0028333333333333,0.0006032910690206,0.0038155477402863,40,0.5062277777777778,0.3403577777777777,,
spatial,across,intact,40,36,0.0042499999999999,0.0005335936864527,0.0033747427885527,40,0.5205005555555555,0.3257755555555555,,
spatial,across,intact,40,37,0.0065833333333333,0.0007209472638584,0.004559670853318,40,0.5223308333333334,0.3358322222222221,,
spatial,across,intact,40,38,0.0045,0.0004855460696524,0.0030708629780892,40,0.520265,0.3250688888888888,,
spatial,across,intact,40,39,0.0029166666666666,0.0005090001931052,0.0032191998793563,40,0.5086230555555555,0.3372155555555555,,
spatial,across,intact,42,0,0.00625,0.0006665331062793,0.0042155255034995,40,0.5856055555555556,0.3162747222222221,,
spatial,across,intact,42,1,0.0091666666666666,0.0006933752452815,0.0043852900965351,40,0.642896388888889,0.3090988888888888,,
spatial,across,intact,42,2,0.0048333333333333,0.0005462902602399,0.0034550429718488,40,0.5674947222222223,0.3261269444444444,,
spatial,across,intact,42,3,0.0060833333333333,0.0007248882417055,0.0045845957857283,40,0.5518491666666667,0.3340024999999998,,
spatial,across,intact,42,4,0.0085,0.0006195991719677,0.0039186892395449,40,0.6229705555555556,0.3858658333333332,,
spatial,across,intact,42,5,0.0070833333333333,0.0004651302547095,0.0029417420270727,40,0.7003922222222222,0.3894708333333333,,
spatial,across,intact,42,6,0.0079166666666666,0.0005295740910852,0.0033493206352854,40,0.6151547222222224,0.4084649999999998,,
spatial,across,intact,42,7,0.0083333333333333,0.0005967623950328,0.0037742567804819,40,0.6770061111111112,0.3283047222222222,,
spatial,across,intact,42,8,0.0081666666666666,0.0006531754562429,0.0041310443068946,40,0.6906533333333333,0.3114474999999999,,
spatial,across,intact,42,9,0.0093333333333333,0.0005364226763936,0.0033926348919345,40,0.6090986111111112,0.4030797222222221,,
spatial,across,intact,42,10,0.0073333333333333,0.0006109168300344,0.0038637772876778,40,0.6143152777777778,0.3922827777777777,,
spatial,across,intact,42,11,0.0066666666666666,0.0005469417694282,0.0034591634777518,40,0.6305905555555557,0.3609494444444444,,
spatial,across,intact,42,12,0.0094166666666666,0.0007049630731271,0.0044585779547875,40,0.6553861111111112,0.3304138888888888,,
spatial,across,intact,42,13,0.0084999999999999,0.0007352538953302,0.0046501539355091,40,0.6105847222222224,0.3728327777777777,,
spatial,across,intact,42,14,0.0064166666666666,0.0004831564663131,0.0030557497995756,40,0.5335933333333334,0.3279263888888888,,
spatial,across,intact,42,15,0.00525,0.0004757285610699,0.0030087716019509,40,0.542566388888889,0.3255488888888889,,
spatial,across,intact,42,16,0.0050833333333333,0.0008093779046851,0.0051189553332397,40,0.5456113888888888,0.3201105555555555,,
spatial,across,intact,42,17,0.0065833333333333,0.0007779685358258,0.004920305042312,40,0.5627672222222223,0.3255861111111111,,
spatial,across,intact,42,18,0.006,0.0006877023141843,0.0043494113299823,40,0.5714461111111111,0.3253691666666666,,
spatial,across,intact,42,19,0.0031666666666666,0.0005195604102922,0.00328598855715,40,0.5554141666666667,0.3246972222222222,,
spatial,across,intact,42,20,0.0038333333333333,0.0005913671446023,0.0037401342206669,40,0.5549605555555556,0.3113147222222222,,
spatial,across,intact,42,21,0.0031666666666666,0.0005195604102922,0.00328598855715,40,0.5566052777777778,0.3338188888888888,,
spatial,across,intact,42,22,0.0071666666666666,0.0006809370115327,0.0043066237991039,40,0.5931752777777778,0.3270919444444444,,
spatial,across,intact,42,23,0.0061666666666666,0.0008143128471941,0.0051501666501402,40,0.5362072222222223,0.3292080555555555,,
spatial,across,intact,42,24,0.0036666666666666,0.0004099892292379,0.0025929995610579,40,0.5422297222222221,0.3466977777777777,,
spatial,across,intact,42,25,0.0070833333333333,0.0007752170911825,0.0049029033784546,40,0.5731791666666668,0.3399755555555555,,
spatial,across,intact,42,26,0.0033333333333333,0.0005202453946507,0.0032903207786188,40,0.5131861111111112,0.3253069444444444,,
spatial,across,intact,42,27,0.00425,0.0006314129680188,0.003993406246213,40,0.5393502777777777,0.3369569444444444,,
spatial,across,intact,42,28,0.0026666666666666,0.0004168802871199,0.0026365824378477,40,0.503185,0.3417272222222222,,
spatial,across,intact,42,29,0.0035833333333333,0.0006246081392643,0.0039503687303102,40,0.5407466666666666,0.3324552777777777,,
spatial,across,intact,42,30,0.0053333333333333,0.0004099892292379,0.0025929995610579,40,0.4921036111111111,0.3621144444444445,,
spatial,across,intact,42,31,0.00775,0.0007099967898486,0.0044904139746595,40,0.5783008333333333,0.338098611111111,,
spatial,across,intact,42,32,0.003,0.0003922322702763,0.0024806946917841,40,0.5283300000000001,0.3262597222222222,,
spatial,across,intact,42,33,0.0039166666666666,0.0006524935733383,0.0041267317007426,40,0.5317511111111111,0.3234222222222222,,
spatial,across,intact,42,34,0.0055833333333333,0.0006359090673047,0.0040218420748723,40,0.5622975,0.3189241666666667,,
spatial,across,intact,42,35,0.0051666666666666,0.0005462902602399,0.0034550429718488,40,0.5603980555555556,0.3278575,,
spatial,across,intact,42,36,0.0041666666666666,0.0005168113941217,0.003268602252303,40,0.5136030555555555,0.3260538888888889,,
spatial,across,intact,42,37,0.0038333333333333,0.0005913671446023,0.0037401342206669,40,0.5005050000000001,0.3388380555555556,,
spatial,across,intact,42,38,0.0046666666666666,0.0005822639771026,0.0036825607342247,40,0.5219866666666666,0.3309605555555555,,
spatial,across,intact,42,39,0.00575,0.0006535842445105,0.0041336297109071,40,0.5255652777777777,0.3358125,,
spatial,across,intact,42,40,0.0051666666666666,0.0006746319034319,0.0042667467941194,40,0.5488902777777779,0.3328002777777777,,
spatial,across,intact,42,41,0.0029166666666666,0.0005493780477196,0.0034745718545814,40,0.5109355555555556,0.3396694444444444,,
spatial,across,intact,44,0,0.0065,0.0008001958449738,0.0050608828886406,40,0.5961874999999999,0.3145616666666666,,
spatial,across,intact,44,1,0.00925,0.0007779685358258,0.004920305042312,40,0.6447888888888891,0.3070594444444444,,
spatial,across,intact,44,2,0.0058333333333333,0.0005168113941217,0.003268602252303,40,0.5683808333333333,0.3297533333333333,,
spatial,across,intact,44,3,0.0054166666666666,0.0006611685674953,0.0041815971811922,40,0.5566344444444444,0.3335216666666666,,
spatial,across,intact,44,4,0.0075,0.00058165203371,0.0036786904643858,40,0.7004800000000001,0.3920958333333332,,
spatial,across,intact,44,5,0.007,0.0006178724639975,0.0039077685794651,40,0.676978888888889,0.3353330555555555,,
spatial,across,intact,44,6,0.0086666666666666,0.0006178724639975,0.0039077685794651,40,0.695423888888889,0.3108719444444444,,
spatial,across,intact,44,7,0.00775,0.0005519648921491,0.0034909324952811,40,0.6107063888888891,0.3999280555555554,,
spatial,across,intact,44,8,0.0089166666666666,0.0005255237517707,0.003323704040225,40,0.604591388888889,0.3656005555555554,,
spatial,across,intact,44,9,0.0098333333333333,0.0005961653339578,0.0037704806346836,40,0.6061858333333333,0.4051630555555555,,
spatial,across,intact,44,10,0.0074166666666666,0.0005402265537205,0.0034166927245201,40,0.6170508333333333,0.3840341666666666,,
spatial,across,intact,44,11,0.0091666666666666,0.0007035724873914,0.0044497831183744,40,0.6579822222222222,0.3316599999999999,,
spatial,across,intact,44,12,0.0064166666666666,0.0006470126398497,0.0040920672336869,40,0.6333827777777777,0.3602713888888887,,
spatial,across,intact,44,13,0.0083333333333333,0.0006856277926728,0.0043362909039199,40,0.6048230555555556,0.3772972222222222,,
spatial,across,intact,44,14,0.0053333333333333,0.0006062354060275,0.0038341693625679,40,0.532291111111111,0.3249483333333333,,
spatial,across,intact,44,15,0.0060833333333333,0.0004757285610699,0.0030087716019509,40,0.5426425,0.3256086111111111,,
spatial,across,intact,44,16,0.006,0.0005495400822454,0.0034755966509035,40,0.5515713888888889,0.3182836111111111,,
spatial,across,intact,44,17,0.0051666666666666,0.0005462902602399,0.0034550429718488,40,0.559713888888889,0.3297294444444444,,
spatial,across,intact,44,18,0.0055833333333333,0.0006470126398497,0.0040920672336869,40,0.5773925,0.3206741666666666,,
spatial,across,intact,44,19,0.00325,0.0005906139063083,0.0037353703234072,40,0.5595833333333335,0.3295766666666666,,
spatial,across,intact,44,20,0.0041666666666666,0.0006618415127764,0.0041858532608498,40,0.561465,0.3122502777777778,,
spatial,across,intact,44,21,0.007,0.0007141228955659,0.0045165097585259,40,0.5773141666666668,0.3276805555555555,,
spatial,across,intact,44,22,0.0065833333333333,0.0007404424256854,0.0046829690827721,40,0.5364102777777778,0.3267908333333333,,
spatial,across,intact,44,23,0.0063333333333333,0.0007240279857964,0.0045791550496419,40,0.5608825000000001,0.3306741666666666,,
spatial,across,intact,44,24,0.00475,0.0005954181656808,0.0037657551275822,40,0.5367897222222222,0.3466702777777777,,
spatial,across,intact,44,25,0.0071666666666666,0.0007116250813527,0.0045007121943543,40,0.5930905555555557,0.3385874999999999,,
spatial,across,intact,44,26,0.00725,0.0006739717291829,0.0042625714855607,40,0.5760816666666667,0.340106111111111,,
spatial,across,intact,44,27,0.0030833333333333,0.0004366979828269,0.0027619205506685,40,0.5067666666666667,0.3242841666666666,,
spatial,across,intact,44,28,0.0035,0.0004913786640188,0.0031077515438206,40,0.5421605555555555,0.338633611111111,,
spatial,across,intact,44,29,0.0058333333333333,0.0006287281966789,0.0039764262613514,40,0.5608816666666667,0.3319347222222222,,
spatial,across,intact,44,30,0.00325,0.0004542847607774,0.002873149100723,40,0.4995244444444444,0.3441725,,
spatial,across,intact,44,31,0.0038333333333333,0.0005,0.0031622776601683,40,0.5509711111111111,0.3279647222222221,,
spatial,across,intact,44,32,0.0060833333333333,0.0005047847980156,0.0031925393799149,40,0.4943341666666666,0.3595469444444444,,
spatial,across,intact,44,33,0.0063333333333333,0.0005175000172041,0.0032729574870827,40,0.5762280555555556,0.3363102777777776,,
spatial,across,intact,44,34,0.0030833333333333,0.0005117911677922,0.0032368515531621,40,0.5198852777777777,0.3258716666666666,,
spatial,across,intact,44,35,0.00525,0.000734648199622,0.0046463231794957,40,0.5310113888888889,0.320565,,
spatial,across,intact,44,36,0.00575,0.0006314129680188,0.003993406246213,40,0.5655513888888889,0.3171630555555556,,
spatial,across,intact,44,37,0.0054166666666666,0.0005684925335338,0.0035954624775333,40,0.5621752777777778,0.3248780555555555,,
spatial,across,intact,44,38,0.00475,0.0006072625513464,0.0038406655999594,40,0.5163400000000001,0.3275472222222222,,
spatial,across,intact,44,39,0.0041666666666666,0.0005168113941217,0.003268602252303,40,0.491246111111111,0.34089,,
spatial,across,intact,44,40,0.0048333333333333,0.0005717718748968,0.0036162028533978,40,0.5237897222222223,0.3316886111111111,,
spatial,across,intact,44,41,0.0049166666666666,0.0006314129680188,0.003993406246213,40,0.5183172222222222,0.3405955555555555,,
spatial,across,intact,44,42,0.004,0.0004497546022879,0.0028444978627462,40,0.5327008333333334,0.3354974999999999,,
spatial,across,intact,44,43,0.0025833333333333,0.0004697016692749,0.0029706541913838,40,0.5049852777777779,0.3392369444444444,,
spatial,across,intact,46,0,0.007,0.0007337993857053,0.0046409548089225,40,0.5584488888888889,0.3328758333333332,,
spatial,across,intact,46,1,0.006,0.0005748776656683,0.0036358455989457,40,0.5698522222222223,0.3279080555555554,,
spatial,across,intact,46,2,0.0056666666666666,0.0006338054920158,0.0040085378965872,40,0.5909455555555556,0.3135225,,
spatial,across,intact,46,3,0.0049166666666666,0.0005845530593558,0.0036970381615681,40,0.5612041666666667,0.3416388888888889,,
spatial,across,intact,46,4,0.0084166666666666,0.0004620575191436,0.0029223083410013,40,0.7010608333333334,0.3911697222222221,,
spatial,across,intact,46,5,0.00775,0.0005117911677922,0.0032368515531621,40,0.6041836111111112,0.4104549999999999,,
spatial,across,intact,46,6,0.0093333333333333,0.0006772661653216,0.0042834073291689,40,0.6723927777777778,0.3296805555555555,,
spatial,across,intact,46,7,0.0094166666666666,0.0006844581111966,0.0043288931887165,40,0.6926566666666667,0.3181172222222221,,
spatial,across,intact,46,8,0.008,0.000662379376752,0.0041892550113185,40,0.6670691666666666,0.341563611111111,,
spatial,across,intact,46,9,0.0091666666666666,0.0006509909168253,0.0041172280664989,40,0.6085605555555557,0.3991183333333333,,
spatial,across,intact,46,10,0.0078333333333333,0.0006377265532304,0.0040333368651535,40,0.6192086111111113,0.3939497222222221,,
spatial,across,intact,46,11,0.00825,0.0005722388181146,0.0036191560616103,40,0.6011422222222222,0.3781505555555554,,
spatial,across,intact,46,12,0.0075833333333333,0.0005335936864527,0.0033747427885527,40,0.612521388888889,0.3422649999999999,,
spatial,across,intact,46,13,0.0089166666666666,0.0006686668711812,0.0042290206176626,40,0.6027277777777778,0.3742247222222222,,
spatial,across,intact,46,14,0.0048333333333333,0.0006309898162,0.0039907299991262,40,0.5404047222222224,0.3266994444444444,,
spatial,across,intact,46,15,0.0064166666666666,0.0006013695196343,0.003803394794892,40,0.5382380555555557,0.3275063888888889,,
spatial,across,intact,46,16,0.0053333333333333,0.0007240279857964,0.0045791550496419,40,0.5461286111111111,0.3201719444444444,,
spatial,across,intact,46,17,0.0049166666666666,0.000642594234667,0.0040641227856813,40,0.5602458333333333,0.3323180555555555,,
spatial,across,intact,46,18,0.00475,0.0006072625513464,0.0038406655999594,40,0.5762100000000001,0.3255872222222222,,
spatial,across,intact,46,19,0.0035833333333333,0.0004681828240069,0.0029610481704636,40,0.5556305555555555,0.3295422222222222,,
spatial,across,intact,46,20,0.0043333333333333,0.0006449452813645,0.0040789921105803,40,0.5630383333333334,0.3125580555555555,,
spatial,across,intact,46,21,0.0065833333333333,0.0007870705540039,0.0049778712598059,40,0.5778244444444445,0.3309974999999999,,
spatial,across,intact,46,22,0.008,0.0007716486217454,0.0048803343960904,40,0.5889222222222223,0.336681111111111,,
spatial,across,intact,46,23,0.0060833333333333,0.0008345077194988,0.0052778902372184,40,0.5278094444444444,0.3212,,
spatial,across,intact,46,24,0.0068333333333333,0.0006195991719677,0.0039186892395449,40,0.5637955555555556,0.3279755555555554,,
spatial,across,intact,46,25,0.0038333333333333,0.0005,0.0031622776601683,40,0.5318327777777778,0.3488247222222221,,
spatial,across,intact,46,26,0.0080833333333333,0.0008259286407784,0.0052236313792537,40,0.5884741666666666,0.3396297222222222,,
spatial,across,intact,46,27,0.0064166666666666,0.000689641510573,0.0043616758848195,40,0.5678947222222223,0.3436652777777777,,
spatial,across,intact,46,28,0.0034166666666666,0.0004697016692749,0.0029706541913838,40,0.5088097222222222,0.3293541666666666,,
spatial,across,intact,46,29,0.0042499999999999,0.0005061938301996,0.0032014508819108,40,0.5428388888888891,0.3347944444444444,,
spatial,across,intact,46,30,0.0061666666666666,0.0005913671446023,0.0037401342206669,40,0.5541975000000001,0.3343555555555554,,
spatial,across,intact,46,31,0.0035,0.0005462902602399,0.0034550429718488,40,0.5029202777777778,0.3450088888888888,,
spatial,across,intact,46,32,0.0033333333333333,0.0004921028776234,0.0031123318728261,40,0.5267105555555556,0.3306197222222222,,
spatial,across,intact,46,33,0.0036666666666666,0.0005822639771026,0.0036825607342247,40,0.545691388888889,0.3322086111111111,,
spatial,across,intact,46,34,0.0066666666666666,0.0005469417694282,0.0034591634777518,40,0.5000286111111111,0.3647161111111111,,
spatial,across,intact,46,35,0.0053333333333333,0.000557262335477,0.0035244364686645,40,0.567411388888889,0.3346627777777777,,
spatial,across,intact,46,36,0.00275,0.0003938179688543,0.0024907235301622,40,0.5126105555555556,0.3274747222222222,,
spatial,across,intact,46,37,0.0043333333333333,0.0006666666666666,0.0042163702135578,40,0.5326744444444446,0.3176197222222222,,
spatial,across,intact,46,38,0.0065833333333333,0.0006590105247982,0.0041679485207707,40,0.5625466666666668,0.3192663888888888,,
spatial,across,intact,46,39,0.0045833333333333,0.0005019548679499,0.003174641330662,40,0.5532025,0.3222311111111112,,
spatial,across,intact,46,40,0.004,0.0006666666666666,0.0042163702135578,40,0.5149497222222222,0.3259861111111111,,
spatial,across,intact,46,41,0.0046666666666666,0.0006730463973541,0.0042567191732199,40,0.4982347222222222,0.343538611111111,,
spatial,across,intact,46,42,0.0048333333333333,0.0006421784505829,0.0040614931362402,40,0.5290111111111111,0.326191111111111,,
spatial,across,intact,46,43,0.0055,0.0005791977947731,0.0036631684944598,40,0.5197744444444444,0.3408133333333333,,
spatial,across,intact,46,44,0.0028333333333333,0.0004056228722963,0.0025653842950319,40,0.5267672222222222,0.3405494444444444,,
spatial,across,intact,46,45,0.0034166666666666,0.000526877324526,0.0033322647859959,40,0.5055752777777778,0.340515,,
spatial,across,intact,48,0,0.0058333333333333,0.0005692750425533,0.0036004114991154,40,0.5653627777777778,0.3322794444444444,,
spatial,across,intact,48,1,0.0055,0.0007410433854676,0.0046867698861595,40,0.5685927777777777,0.3289386111111111,,
spatial,across,intact,48,2,0.0055,0.0006596856715021,0.0041722185234485,40,0.5917986111111111,0.3111880555555555,,
spatial,across,intact,48,3,0.0056666666666666,0.0006877023141843,0.0043494113299823,40,0.5614194444444445,0.339415,,
spatial,across,intact,48,4,0.0075,0.0004091196858853,0.0025875000860206,40,0.702516388888889,0.3913563888888888,,
spatial,across,intact,48,5,0.007,0.0004591581544807,0.0029039711487975,40,0.60287,0.4110288888888888,,
spatial,across,intact,48,6,0.0095833333333333,0.0005989960736902,0.0037883838047182,40,0.6705236111111113,0.3267105555555555,,
spatial,across,intact,48,7,0.0095,0.000731368774901,0.0046255822764287,40,0.6937541666666667,0.3197363888888888,,
spatial,across,intact,48,8,0.0079166666666666,0.0006280197703168,0.0039719457796341,40,0.6678408333333333,0.3415424999999999,,
spatial,across,intact,48,9,0.0095833333333333,0.0007079875978761,0.00447770672888,40,0.6082483333333333,0.4021924999999999,,
spatial,across,intact,48,10,0.0075,0.0005692750425533,0.0036004114991154,40,0.6184819444444445,0.3907677777777777,,
spatial,across,intact,48,11,0.0074166666666666,0.000602552736754,0.0038108781170213,40,0.5974091666666668,0.377328611111111,,
spatial,across,intact,48,12,0.0083333333333333,0.0007642287511246,0.0048334070138798,40,0.6111041666666667,0.3448766666666666,,
spatial,across,intact,48,13,0.0087499999999999,0.0007229204383014,0.0045721503042396,40,0.6034788888888889,0.3745863888888888,,
spatial,across,intact,48,14,0.0045833333333333,0.0005684925335338,0.0035954624775333,40,0.5677069444444445,0.3519405555555555,,
spatial,across,intact,48,15,0.0051666666666666,0.0006851081807811,0.0043330045897654,40,0.5393508333333334,0.3256966666666666,,
spatial,across,intact,48,16,0.0053333333333333,0.000557262335477,0.0035244364686645,40,0.5402255555555555,0.3281211111111111,,
spatial,across,intact,48,17,0.00475,0.0006072625513464,0.0038406655999594,40,0.5412591666666667,0.3207422222222221,,
spatial,across,intact,48,18,0.00375,0.0005090001931052,0.0032191998793563,40,0.5540111111111111,0.3329205555555555,,
spatial,across,intact,48,19,0.00575,0.0007733773565424,0.0048912678749483,40,0.5808444444444445,0.3238572222222222,,
spatial,across,intact,48,20,0.0029166666666666,0.0004948092383294,0.0031294484008283,40,0.5530975,0.3316952777777778,,
spatial,across,intact,48,21,0.005,0.0004921028776234,0.0031123318728261,40,0.5606013888888889,0.3130075,,
spatial,across,intact,48,22,0.0065,0.0008001958449738,0.0050608828886406,40,0.5779780555555556,0.3324347222222221,,
spatial,across,intact,48,23,0.0081666666666666,0.0007352538953302,0.0046501539355091,40,0.5885508333333334,0.3383088888888887,,
spatial,across,intact,48,24,0.00525,0.0007631795463342,0.0048267712601407,40,0.5290513888888889,0.3233388888888888,,
spatial,across,intact,48,25,0.0064166666666666,0.0006013695196343,0.003803394794892,40,0.5601097222222223,0.3288624999999999,,
spatial,across,intact,48,26,0.0041666666666666,0.0005028409319546,0.0031802452914767,40,0.5344433333333333,0.3438863888888888,,
spatial,across,intact,48,27,0.0079166666666666,0.000882623485142,0.005582201058809,40,0.5867027777777777,0.3391211111111111,,
spatial,across,intact,48,28,0.007,0.0007529618628798,0.0047621489558877,40,0.5700675000000001,0.3425963888888888,,
spatial,across,intact,48,29,0.0028333333333333,0.0005140476770154,0.003251122970575,40,0.5059122222222221,0.32985,,
spatial,across,intact,48,30,0.0050833333333333,0.0006314129680188,0.003993406246213,40,0.5375250000000001,0.3347916666666665,,
spatial,across,intact,48,31,0.0061666666666666,0.0006703955544528,0.0042399537706451,40,0.5500175,0.3335305555555555,,
spatial,across,intact,48,32,0.0031666666666666,0.0004614791034954,0.0029186501192363,40,0.5058369444444444,0.3426469444444444,,
spatial,across,intact,48,33,0.00325,0.0005532537786493,0.0034990841292529,40,0.5328033333333333,0.3278597222222222,,
spatial,across,intact,48,34,0.00375,0.000480199092139,0.0030370457230089,40,0.5431658333333333,0.3311730555555556,,
spatial,across,intact,48,35,0.00675,0.0006802829560446,0.0043024871889868,40,0.5030841666666668,0.3614977777777777,,
spatial,across,intact,48,36,0.0058333333333333,0.0005304140187994,0.0033546328045795,40,0.565756111111111,0.3317883333333332,,
spatial,across,intact,48,37,0.0034166666666666,0.000526877324526,0.0033322647859959,40,0.5196608333333333,0.3255016666666666,,
spatial,across,intact,48,38,0.0043333333333333,0.0005091750772173,0.0032203059435976,40,0.5333641666666666,0.3191319444444445,,
spatial,across,intact,48,39,0.0065833333333333,0.0006906735223894,0.0043682029006442,40,0.5663161111111111,0.3210330555555555,,
spatial,across,intact,48,40,0.0038333333333333,0.0005791977947731,0.0036631684944598,40,0.5493494444444444,0.3280788888888889,,
spatial,across,intact,48,41,0.0043333333333333,0.0006224663745652,0.0039368230209872,40,0.5166386111111112,0.3298180555555555,,
spatial,across,intact,48,42,0.0050833333333333,0.0006643924886069,0.004201987048611,40,0.5019708333333334,0.3427922222222222,,
spatial,across,intact,48,43,0.0045833333333333,0.0005930209011272,0.0037505934952953,40,0.5278163888888889,0.3268894444444444,,
spatial,across,intact,48,44,0.0025833333333333,0.0004991088925371,0.0031566418017233,40,0.5085183333333333,0.3263402777777777,,
spatial,across,intact,48,45,0.0049166666666666,0.000620030097606,0.003921414652583,40,0.5246608333333332,0.3381608333333333,,
spatial,across,intact,48,46,0.0038333333333333,0.0005913671446023,0.0037401342206669,40,0.525646111111111,0.3414258333333333,,
spatial,across,intact,48,47,0.0033333333333333,0.0005202453946507,0.0032903207786188,40,0.5057488888888889,0.337661111111111,,
spatial,across,intact,50,0,0.0055,0.0006487990219938,0.0041033653063804,40,0.5608327777777778,0.3412219444444444,msaa_flexible_outputs_npz/spatialAA_across_acrossCond_K50.npz,spatialAA_across_acrossCond_K50.npz
spatial,across,intact,50,1,0.006,0.0006449452813645,0.0040789921105803,40,0.5661850000000002,0.3303574999999999,msaa_flexible_outputs_npz/spatialAA_across_acrossCond_K50.npz,spatialAA_across_acrossCond_K50.npz
spatial,across,intact,50,2,0.0051666666666666,0.0005717718748968,0.0036162028533978,40,0.571346388888889,0.3279655555555555,msaa_flexible_outputs_npz/spatialAA_across_acrossCond_K50.npz,spatialAA_across_acrossCond_K50.npz
spatial,across,intact,50,3,0.0056666666666666,0.0006109168300344,0.0038637772876778,40,0.58572,0.3108533333333333,msaa_flexible_outputs_npz/spatialAA_across_acrossCond_K50.npz,spatialAA_across_acrossCond_K50.npz
spatial,across,intact,50,4,0.0076666666666666,0.0003811812499312,0.0024108019022652,40,0.7024716666666667,0.3908919444444444,msaa_flexible_outputs_npz/spatialAA_across_acrossCond_K50.npz,spatialAA_across_acrossCond_K50.npz
spatial,across,intact,50,5,0.00725,0.0004757285610699,0.0030087716019509,40,0.6023030555555555,0.4111019444444443,msaa_flexible_outputs_npz/spatialAA_across_acrossCond_K50.npz,spatialAA_across_acrossCond_K50.npz
spatial,across,intact,50,6,0.00925,0.000526877324526,0.0033322647859959,40,0.6698719444444444,0.3279555555555555,msaa_flexible_outputs_npz/spatialAA_across_acrossCond_K50.npz,spatialAA_across_acrossCond_K50.npz
spatial,across,intact,50,7,0.0100833333333333,0.0007404424256854,0.0046829690827721,40,0.6920469444444445,0.3184844444444444,msaa_flexible_outputs_npz/spatialAA_across_acrossCond_K50.npz,spatialAA_across_acrossCond_K50.npz
spatial,across,intact,50,8,0.0079166666666666,0.0006392603899459,0.0040430377003131,40,0.6694536111111111,0.3391205555555554,msaa_flexible_outputs_npz/spatialAA_across_acrossCond_K50.npz,spatialAA_across_acrossCond_K50.npz
spatial,across,intact,50,9,0.0098333333333333,0.0006195991719677,0.0039186892395449,40,0.6097761111111112,0.3992211111111111,msaa_flexible_outputs_npz/spatialAA_across_acrossCond_K50.npz,spatialAA_across_acrossCond_K50.npz
spatial,across,intact,50,10,0.0076666666666666,0.0005495400822454,0.0034755966509035,40,0.6000030555555556,0.3781538888888888,msaa_flexible_outputs_npz/spatialAA_across_acrossCond_K50.npz,spatialAA_across_acrossCond_K50.npz
spatial,across,intact,50,11,0.0080833333333333,0.0005954181656808,0.0037657551275822,40,0.6051427777777778,0.340531111111111,msaa_flexible_outputs_npz/spatialAA_across_acrossCond_K50.npz,spatialAA_across_acrossCond_K50.npz
spatial,across,intact,50,12,0.007,0.0004891995904702,0.003093969872615,40,0.6157305555555557,0.3925536111111111,msaa_flexible_outputs_npz/spatialAA_across_acrossCond_K50.npz,spatialAA_across_acrossCond_K50.npz
spatial,across,intact,50,13,0.0089166666666666,0.000786165094338,0.0049721446300587,40,0.6023977777777778,0.3748033333333332,msaa_flexible_outputs_npz/spatialAA_across_acrossCond_K50.npz,spatialAA_across_acrossCond_K50.npz
spatial,across,intact,50,14,0.0044166666666666,0.0004831564663131,0.0030557497995756,40,0.5626716666666667,0.3540941666666666,msaa_flexible_outputs_npz/spatialAA_across_acrossCond_K50.npz,spatialAA_across_acrossCond_K50.npz
spatial,across,intact,50,15,0.0051666666666666,0.0006309898162,0.0039907299991262,40,0.5379747222222222,0.3268727777777777,msaa_flexible_outputs_npz/spatialAA_across_acrossCond_K50.npz,spatialAA_across_acrossCond_K50.npz
spatial,across,intact,50,16,0.0051666666666666,0.0005330928945203,0.0033715755022721,40,0.5335961111111113,0.3241380555555555,msaa_flexible_outputs_npz/spatialAA_across_acrossCond_K50.npz,spatialAA_across_acrossCond_K50.npz
spatial,across,intact,50,17,0.0044166666666666,0.0006246081392643,0.0039503687303102,40,0.5391763888888891,0.3187105555555555,msaa_flexible_outputs_npz/spatialAA_across_acrossCond_K50.npz,spatialAA_across_acrossCond_K50.npz
spatial,across,intact,50,18,0.0055833333333333,0.0006470126398497,0.0040920672336869,40,0.5582800000000001,0.3321202777777777,msaa_flexible_outputs_npz/spatialAA_across_acrossCond_K50.npz,spatialAA_across_acrossCond_K50.npz
spatial,across,intact,50,19,0.0060833333333333,0.0008514065787819,0.005384768007605,40,0.5800961111111113,0.3250019444444444,msaa_flexible_outputs_npz/spatialAA_across_acrossCond_K50.npz,spatialAA_across_acrossCond_K50.npz
spatial,across,intact,50,20,0.0025833333333333,0.000526877324526,0.0033322647859959,40,0.5521511111111111,0.3360427777777778,msaa_flexible_outputs_npz/spatialAA_across_acrossCond_K50.npz,spatialAA_across_acrossCond_K50.npz
spatial,across,intact,50,21,0.005,0.0006085806194501,0.0038490017945975,40,0.5627394444444445,0.3116327777777777,msaa_flexible_outputs_npz/spatialAA_across_acrossCond_K50.npz,spatialAA_across_acrossCond_K50.npz
spatial,across,intact,50,22,0.0038333333333333,0.0005667672107885,0.0035845505783853,40,0.5647355555555554,0.33576,msaa_flexible_outputs_npz/spatialAA_across_acrossCond_K50.npz,spatialAA_across_acrossCond_K50.npz
spatial,across,intact,50,23,0.0061666666666666,0.000721564460499,0.0045635743476151,40,0.5799611111111111,0.3344305555555554,msaa_flexible_outputs_npz/spatialAA_across_acrossCond_K50.npz,spatialAA_across_acrossCond_K50.npz
spatial,across,intact,50,24,0.00825,0.000642594234667,0.0040641227856813,40,0.5888075,0.3378269444444443,msaa_flexible_outputs_npz/spatialAA_across_acrossCond_K50.npz,spatialAA_across_acrossCond_K50.npz
spatial,across,intact,50,25,0.005,0.0006645264792282,0.0042028344797074,40,0.5249516666666667,0.3253619444444444,msaa_flexible_outputs_npz/spatialAA_across_acrossCond_K50.npz,spatialAA_across_acrossCond_K50.npz
spatial,across,intact,50,26,0.00625,0.0007375510026306,0.0046646821177074,40,0.561055,0.3282755555555555,msaa_flexible_outputs_npz/spatialAA_across_acrossCond_K50.npz,spatialAA_across_acrossCond_K50.npz
spatial,across,intact,50,27,0.0035833333333333,0.0005389065112987,0.0034083440431988,40,0.5242294444444445,0.3293947222222222,msaa_flexible_outputs_npz/spatialAA_across_acrossCond_K50.npz,spatialAA_across_acrossCond_K50.npz
spatial,across,intact,50,28,0.00525,0.0006302839318575,0.0039862655945525,40,0.5340588888888889,0.3423369444444443,msaa_flexible_outputs_npz/spatialAA_across_acrossCond_K50.npz,spatialAA_across_acrossCond_K50.npz
spatial,across,intact,50,29,0.00775,0.0007678317049103,0.0048561940944139,40,0.5853233333333334,0.3403719444444444,msaa_flexible_outputs_npz/spatialAA_across_acrossCond_K50.npz,spatialAA_across_acrossCond_K50.npz
spatial,across,intact,50,30,0.0061666666666666,0.0007015448967566,0.0044369595092371,40,0.5702794444444446,0.3405166666666665,msaa_flexible_outputs_npz/spatialAA_across_acrossCond_K50.npz,spatialAA_across_acrossCond_K50.npz
spatial,across,intact,50,31,0.00325,0.0005532537786493,0.0034990841292529,40,0.5088866666666666,0.3296019444444444,msaa_flexible_outputs_npz/spatialAA_across_acrossCond_K50.npz,spatialAA_across_acrossCond_K50.npz
spatial,across,intact,50,32,0.0054166666666666,0.0006823737268783,0.0043157103847867,40,0.5358452777777778,0.3410933333333333,msaa_flexible_outputs_npz/spatialAA_across_acrossCond_K50.npz,spatialAA_across_acrossCond_K50.npz
spatial,across,intact,50,33,0.00575,0.0006958106219744,0.0044006927711551,40,0.5546961111111112,0.3356661111111111,msaa_flexible_outputs_npz/spatialAA_across_acrossCond_K50.npz,spatialAA_across_acrossCond_K50.npz
spatial,across,intact,50,34,0.0034166666666666,0.0004697016692749,0.0029706541913838,40,0.5038166666666667,0.3391219444444444,msaa_flexible_outputs_npz/spatialAA_across_acrossCond_K50.npz,spatialAA_across_acrossCond_K50.npz
spatial,across,intact,50,35,0.0030833333333333,0.0005389065112987,0.0034083440431988,40,0.5326436111111111,0.3292,msaa_flexible_outputs_npz/spatialAA_across_acrossCond_K50.npz,spatialAA_across_acrossCond_K50.npz
spatial,across,intact,50,36,0.0041666666666666,0.0005692750425533,0.0036004114991154,40,0.541305,0.3292855555555555,msaa_flexible_outputs_npz/spatialAA_across_acrossCond_K50.npz,spatialAA_across_acrossCond_K50.npz
spatial,across,intact,50,37,0.0068333333333333,0.0005056659032384,0.0031981119786399,40,0.5071319444444444,0.3621413888888889,msaa_flexible_outputs_npz/spatialAA_across_acrossCond_K50.npz,spatialAA_across_acrossCond_K50.npz
spatial,across,intact,50,38,0.0069166666666666,0.0006686668711812,0.0042290206176626,40,0.5673522222222223,0.3343783333333333,msaa_flexible_outputs_npz/spatialAA_across_acrossCond_K50.npz,spatialAA_across_acrossCond_K50.npz
spatial,across,intact,50,39,0.0035,0.0005330928945203,0.0033715755022721,40,0.5175683333333334,0.3267838888888889,msaa_flexible_outputs_npz/spatialAA_across_acrossCond_K50.npz,spatialAA_across_acrossCond_K50.npz
spatial,across,intact,50,40,0.0048333333333333,0.0006421784505829,0.0040614931362402,40,0.5367908333333334,0.318023888888889,msaa_flexible_outputs_npz/spatialAA_across_acrossCond_K50.npz,spatialAA_across_acrossCond_K50.npz
spatial,across,intact,50,41,0.0068333333333333,0.0007912448268825,0.0050042716795488,40,0.5704191666666667,0.3186269444444444,msaa_flexible_outputs_npz/spatialAA_across_acrossCond_K50.npz,spatialAA_across_acrossCond_K50.npz
spatial,across,intact,50,42,0.0041666666666666,0.0006056476837313,0.0038304522803925,40,0.5453994444444444,0.3305941666666666,msaa_flexible_outputs_npz/spatialAA_across_acrossCond_K50.npz,spatialAA_across_acrossCond_K50.npz
spatial,across,intact,50,43,0.0040833333333333,0.0005659812345252,0.0035795796280276,40,0.5161586111111112,0.3304947222222222,msaa_flexible_outputs_npz/spatialAA_across_acrossCond_K50.npz,spatialAA_across_acrossCond_K50.npz
spatial,across,intact,50,44,0.0046666666666666,0.000557262335477,0.0035244364686645,40,0.5055580555555557,0.3390036111111111,msaa_flexible_outputs_npz/spatialAA_across_acrossCond_K50.npz,spatialAA_across_acrossCond_K50.npz
spatial,across,intact,50,45,0.0045833333333333,0.0005684925335338,0.0035954624775333,40,0.5273377777777777,0.3281708333333332,msaa_flexible_outputs_npz/spatialAA_across_acrossCond_K50.npz,spatialAA_across_acrossCond_K50.npz
spatial,across,intact,50,46,0.0024166666666666,0.0004772233913401,0.0030182257386893,40,0.5106630555555556,0.3293833333333332,msaa_flexible_outputs_npz/spatialAA_across_acrossCond_K50.npz,spatialAA_across_acrossCond_K50.npz
spatial,across,intact,50,47,0.0042499999999999,0.0005335936864527,0.0033747427885527,40,0.5240666666666666,0.3415441666666666,msaa_flexible_outputs_npz/spatialAA_across_acrossCond_K50.npz,spatialAA_across_acrossCond_K50.npz
spatial,across,intact,50,48,0.004,0.0004949891362588,0.0031305861752345,40,0.5257202777777777,0.3383630555555555,msaa_flexible_outputs_npz/spatialAA_across_acrossCond_K50.npz,spatialAA_across_acrossCond_K50.npz
spatial,across,intact,50,49,0.0036666666666666,0.0005310850045437,0.0033588764910385,40,0.5075772222222222,0.3377033333333333,msaa_flexible_outputs_npz/spatialAA_across_acrossCond_K50.npz,spatialAA_across_acrossCond_K50.npz
spatial,across,intact,52,0,0.0045833333333333,0.0006280197703168,0.0039719457796341,40,0.5875341666666668,0.3135725,,
spatial,across,intact,52,1,0.007,0.0006062354060275,0.0038341693625679,40,0.5670761111111112,0.3269366666666666,,
spatial,across,intact,52,2,0.0051666666666666,0.0005330928945203,0.0033715755022721,40,0.5719855555555556,0.33308,,
spatial,across,intact,52,3,0.00675,0.0006142595663193,0.0038849186082326,40,0.5574841666666667,0.3391202777777778,,
spatial,across,intact,52,4,0.0068333333333333,0.0004614791034954,0.0029186501192363,40,0.6986994444444445,0.3936502777777777,,
spatial,across,intact,52,5,0.0076666666666666,0.0004497546022879,0.0028444978627462,40,0.5968661111111112,0.4094466666666665,,
spatial,across,intact,52,6,0.0084166666666666,0.0005966131857806,0.0037733130983118,40,0.6702936111111112,0.3372091666666666,,
spatial,across,intact,52,7,0.00925,0.0004991088925371,0.0031566418017233,40,0.6936994444444446,0.3155897222222221,,
spatial,across,intact,52,8,0.0070833333333333,0.0005228060929505,0.0033065160566748,40,0.5896152777777779,0.3955575,,
spatial,across,intact,52,9,0.0075833333333333,0.0006535842445105,0.0041336297109071,40,0.6734013888888889,0.3360797222222221,,
spatial,across,intact,52,10,0.0087499999999999,0.0006718548123582,0.0042491829279939,40,0.6086297222222223,0.3444913888888887,,
spatial,across,intact,52,11,0.007,0.0006515377383555,0.0041206864695165,40,0.5970319444444445,0.3847591666666666,,
spatial,across,intact,52,12,0.00825,0.000620030097606,0.003921414652583,40,0.5871916666666668,0.3719641666666665,,
spatial,across,intact,52,13,0.0073333333333333,0.0006979824404521,0.004414428557263,40,0.5990786111111112,0.3532224999999999,,
spatial,across,intact,52,14,0.0058333333333333,0.0005304140187994,0.0033546328045795,40,0.567573611111111,0.3493586111111111,,
spatial,across,intact,52,15,0.0075833333333333,0.0008353607815355,0.0052832854752611,40,0.5746249999999999,0.3381819444444444,,
spatial,across,intact,52,16,0.0048333333333333,0.0004913786640188,0.0031077515438206,40,0.548366388888889,0.3230697222222222,,
spatial,across,intact,52,17,0.0058333333333333,0.000672517064675,0.0042533713794081,40,0.5376172222222223,0.3235980555555555,,
spatial,across,intact,52,18,0.0035833333333333,0.000613098942578,0.0038775781791747,40,0.5412250000000001,0.3185994444444444,,
spatial,across,intact,52,19,0.0046666666666666,0.0005943705521611,0.0037591294379223,40,0.5530283333333333,0.3390086111111111,,
spatial,across,intact,52,20,0.00525,0.0006844581111966,0.0043288931887165,40,0.5665897222222223,0.3278644444444444,,
spatial,across,intact,52,21,0.0028333333333333,0.0004393403498655,0.0027786323471804,40,0.55317,0.3335038888888889,,
spatial,across,intact,52,22,0.00475,0.0005187029077928,0.0032805652351551,40,0.5626066666666667,0.3114325,,
spatial,across,intact,52,23,0.0039999999999999,0.0005229763603684,0.0033075929223788,40,0.5604325000000001,0.3362174999999999,,
spatial,across,intact,52,24,0.0065,0.0006851081807811,0.0043330045897654,40,0.5830252777777778,0.3305941666666666,,
spatial,across,intact,52,25,0.0076666666666666,0.0006558958989042,0.004148249897002,40,0.5894188888888889,0.3348191666666665,,
spatial,across,intact,52,26,0.0065833333333333,0.00075,0.0047434164902525,40,0.5339480555555557,0.3317355555555555,,
spatial,across,intact,52,27,0.0050833333333333,0.0006854979266251,0.004335469558917,40,0.5609877777777779,0.3212772222222221,,
spatial,across,intact,52,28,0.0031666666666666,0.0005961653339578,0.0037704806346836,40,0.5250319444444445,0.32703,,
spatial,across,intact,52,29,0.0040833333333333,0.0005402265537205,0.0034166927245201,40,0.5391661111111111,0.3394594444444443,,
spatial,across,intact,52,30,0.006,0.0007279522854655,0.0046039744999925,40,0.5882186111111112,0.3381488888888889,,
spatial,across,intact,52,31,0.0051666666666666,0.0006079951641733,0.0038452990503112,40,0.5648083333333334,0.3329072222222222,,
spatial,across,intact,52,32,0.00675,0.0006802829560446,0.0043024871889868,40,0.5706041666666667,0.3457616666666666,,
spatial,across,intact,52,33,0.0025833333333333,0.0004542847607774,0.002873149100723,40,0.5109316666666667,0.3293316666666667,,
spatial,across,intact,52,34,0.00325,0.0004991088925371,0.0031566418017233,40,0.5343488888888889,0.337218611111111,,
spatial,across,intact,52,35,0.0053333333333333,0.0006515377383555,0.0041206864695165,40,0.5479275,0.3393444444444444,,
spatial,across,intact,52,36,0.003,0.0004099892292379,0.0025929995610579,40,0.4995647222222222,0.3426086111111112,,
spatial,across,intact,52,37,0.00375,0.0004166666666666,0.0026352313834736,40,0.5384058333333333,0.3307088888888889,,
spatial,across,intact,52,38,0.004,0.0005364226763936,0.0033926348919345,40,0.5481719444444444,0.3340444444444443,,
spatial,across,intact,52,39,0.0066666666666666,0.0005967623950328,0.0037742567804819,40,0.5069827777777778,0.3630016666666667,,
spatial,across,intact,52,40,0.0048333333333333,0.0005717718748968,0.0036162028533978,40,0.5607283333333333,0.3345727777777778,,
spatial,across,intact,52,41,0.00425,0.0005722388181146,0.0036191560616103,40,0.5288294444444444,0.3285497222222222,,
spatial,across,intact,52,42,0.0053333333333333,0.0005822639771026,0.0036825607342247,40,0.5296758333333333,0.3242758333333334,,
spatial,across,intact,52,43,0.0038333333333333,0.0004056228722963,0.0025653842950319,40,0.5531286111111111,0.3281763888888889,,
spatial,across,intact,52,44,0.005,0.0006427327695904,0.004064998957468,40,0.5560694444444444,0.3293241666666666,,
spatial,across,intact,52,45,0.0049166666666666,0.000520074233141,0.003289238258182,40,0.5147688888888888,0.3293916666666667,,
spatial,across,intact,52,46,0.0045833333333333,0.0005930209011272,0.0037505934952953,40,0.4979358333333333,0.3374097222222222,,
spatial,across,intact,52,47,0.0042499999999999,0.0005845530593558,0.0036970381615681,40,0.5222263888888888,0.3289652777777777,,
spatial,across,intact,52,48,0.0034166666666666,0.0005906139063083,0.0037353703234072,40,0.5111080555555555,0.327743611111111,,
spatial,across,intact,52,49,0.0041666666666666,0.0005937710859953,0.003755338080994,40,0.5192033333333334,0.341386111111111,,
spatial,across,intact,52,50,0.0039166666666666,0.0006739717291829,0.0042625714855607,40,0.5099533333333334,0.3414822222222222,,
spatial,across,intact,52,51,0.0028333333333333,0.0004706484585228,0.0029766422123592,40,0.5111205555555556,0.33975,,
spatial,across,intact,54,0,0.0066666666666666,0.0005847053462046,0.0036980013081681,40,0.5639286111111111,0.334291111111111,,
spatial,across,intact,54,1,0.0054166666666666,0.0006165742596507,0.0038995580142565,40,0.5668405555555556,0.3313094444444444,,
spatial,across,intact,54,2,0.009,0.000756736131455,0.0047860195262851,40,0.6665605555555556,0.2925352777777777,,
spatial,across,intact,54,3,0.0065833333333333,0.0006906735223894,0.0043682029006442,40,0.5595166666666667,0.3340877777777777,,
spatial,across,intact,54,4,0.00575,0.0007258701429232,0.004590805874299,40,0.5882936111111112,0.3172027777777777,,
spatial,across,intact,54,5,0.0073333333333333,0.0004803844614152,0.003038218101251,40,0.6974922222222222,0.3914416666666667,,
spatial,across,intact,54,6,0.0073333333333333,0.0004949891362588,0.0031305861752345,40,0.5987972222222224,0.4060499999999999,,
spatial,across,intact,54,7,0.0074166666666666,0.0006257474163429,0.0039575741512185,40,0.6695305555555556,0.3392855555555555,,
spatial,across,intact,54,8,0.00925,0.0007209472638584,0.004559670853318,40,0.6971233333333334,0.3143358333333332,,
spatial,across,intact,54,9,0.0069166666666666,0.0006246081392643,0.0039503687303102,40,0.6739655555555556,0.3438897222222222,,
spatial,across,intact,54,10,0.0071666666666666,0.0004855460696524,0.0030708629780892,40,0.5911527777777777,0.3943113888888888,,
spatial,across,intact,54,11,0.0101666666666666,0.0006421784505829,0.0040614931362402,40,0.6091647222222222,0.3471319444444443,,
spatial,across,intact,54,12,0.0073333333333333,0.000465321626968,0.0029429523715086,40,0.5973416666666667,0.3831091666666665,,
spatial,across,intact,54,13,0.008,0.0005443310539518,0.0034426518632954,40,0.5827444444444445,0.3726249999999999,,
spatial,across,intact,54,14,0.0059166666666666,0.0006906735223894,0.0043682029006442,40,0.5983213888888889,0.358796111111111,,
spatial,across,intact,54,15,0.0060833333333333,0.0005583795745617,0.0035315025090618,40,0.5705141666666667,0.3481927777777777,,
spatial,across,intact,54,16,0.0073333333333333,0.000747264717757,0.0047261170463904,40,0.5746675,0.3371266666666666,,
spatial,across,intact,54,17,0.0056666666666666,0.0006109168300344,0.0038637772876778,40,0.5450411111111112,0.3232108333333333,,
spatial,across,intact,54,18,0.0051666666666666,0.0006639903545106,0.0041994437292726,40,0.5341000000000001,0.3237899999999999,,
spatial,across,intact,54,19,0.0035,0.0005840959605818,0.0036941472150854,40,0.5406033333333333,0.3162808333333333,,
spatial,across,intact,54,20,0.00475,0.0006188802957865,0.0039141426673682,40,0.5530763888888889,0.3352908333333333,,
spatial,across,intact,54,21,0.0068333333333333,0.0008264674422192,0.0052270390587728,40,0.5717119444444443,0.3278547222222222,,
spatial,across,intact,54,22,0.0030833333333333,0.0004976798018658,0.0031476034387145,40,0.5453741666666666,0.3340033333333333,,
spatial,across,intact,54,23,0.0043333333333333,0.0005364226763936,0.0033926348919345,40,0.564391388888889,0.3090119444444444,,
spatial,across,intact,54,24,0.0038333333333333,0.0005791977947731,0.0036631684944598,40,0.5633936111111112,0.33662,,
spatial,across,intact,54,25,0.0075,0.000780368091976,0.0049354811679282,40,0.5824922222222222,0.3385233333333333,,
spatial,across,intact,54,26,0.00725,0.000734648199622,0.0046463231794957,40,0.592797777777778,0.3371930555555554,,
spatial,across,intact,54,27,0.006,0.0008456356869832,0.0053482696831768,40,0.532471111111111,0.3308561111111111,,
spatial,across,intact,54,28,0.00575,0.0005966131857806,0.0037733130983118,40,0.5651811111111111,0.3235591666666666,,
spatial,across,intact,54,29,0.0035833333333333,0.0006013695196343,0.003803394794892,40,0.5219944444444445,0.3289161111111111,,
spatial,across,intact,54,30,0.0046666666666666,0.0006292943635623,0.0039800070151264,40,0.5393886111111111,0.3405338888888888,,
spatial,across,intact,54,31,0.0063333333333333,0.0009533267586887,0.006029367823684,40,0.588758611111111,0.3430969444444445,,
spatial,across,intact,54,32,0.0044166666666666,0.0005647213971599,0.0035716117169158,40,0.5598452777777779,0.3276433333333333,,
spatial,across,intact,54,33,0.00675,0.0007687587583176,0.0048620572949731,40,0.5704622222222223,0.341761111111111,,
spatial,across,intact,54,34,0.0029166666666666,0.0005090001931052,0.0032191998793563,40,0.4994641666666666,0.3290188888888889,,
spatial,across,intact,54,35,0.0054166666666666,0.0005558225853982,0.0035153306896435,40,0.4992213888888889,0.3312544444444444,,
spatial,across,intact,54,36,0.0041666666666666,0.0005028409319546,0.0031802452914767,40,0.5365322222222223,0.3351052777777777,,
spatial,across,intact,54,37,0.005,0.0006315539556208,0.0039942979301018,40,0.5468555555555555,0.346791111111111,,
spatial,across,intact,54,38,0.00325,0.0004697016692749,0.0029706541913838,40,0.5010616666666667,0.3431311111111111,,
spatial,across,intact,54,39,0.0039166666666666,0.0004904718932443,0.003102016621894,40,0.5444319444444444,0.3325925,,
spatial,across,intact,54,40,0.0065833333333333,0.0005131809630673,0.0032456413902629,40,0.5004680555555556,0.3637580555555556,,
spatial,across,intact,54,41,0.0056666666666666,0.0005623515948579,0.0035566237711589,40,0.5506755555555556,0.3194319444444444,,
spatial,across,intact,54,42,0.0064166666666666,0.0007584988548577,0.0047971679679598,40,0.5560897222222223,0.3425866666666666,,
spatial,across,intact,54,43,0.0033333333333333,0.0005337605126836,0.0033757978902788,40,0.5255394444444444,0.3317955555555555,,
spatial,across,intact,54,44,0.0049166666666666,0.0005966131857806,0.0037733130983118,40,0.529053611111111,0.320975,,
spatial,across,intact,54,45,0.0040833333333333,0.0004697016692749,0.0029706541913838,40,0.5455369444444444,0.3271005555555555,,
spatial,across,intact,54,46,0.0050833333333333,0.0005966131857806,0.0037733130983118,40,0.5462575000000001,0.3273836111111111,,
spatial,across,intact,54,47,0.0030833333333333,0.0004681828240069,0.0029610481704636,40,0.5148977777777778,0.3282916666666667,,
spatial,across,intact,54,48,0.0046666666666666,0.0005822639771026,0.0036825607342247,40,0.5000144444444444,0.3362933333333333,,
spatial,across,intact,54,49,0.0036666666666666,0.000557262335477,0.0035244364686645,40,0.5198519444444445,0.3272138888888888,,
spatial,across,intact,54,50,0.00375,0.0005989960736902,0.0037883838047182,40,0.5150624999999999,0.3253775,,
spatial,across,intact,54,51,0.0040833333333333,0.0005131809630673,0.0032456413902629,40,0.5163519444444444,0.3420916666666666,,
spatial,across,intact,54,52,0.0030833333333333,0.0005519648921491,0.0034909324952811,40,0.5139758333333333,0.3383897222222222,,
spatial,across,intact,54,53,0.00225,0.0004200715581423,0.0026567658079711,40,0.5018091666666668,0.33859,,
spatial,across,intact,56,0,0.0069166666666666,0.0006792351572617,0.0042958603276195,40,0.556491111111111,0.3381122222222222,,
spatial,across,intact,56,1,0.0053333333333333,0.0007240279857964,0.0045791550496419,40,0.5869238888888889,0.3179208333333333,,
spatial,across,intact,56,2,0.0085,0.0006639903545106,0.0041994437292726,40,0.6371827777777779,0.307803611111111,,
spatial,across,intact,56,3,0.00575,0.0005335936864527,0.0033747427885527,40,0.5668922222222224,0.3331455555555555,,
spatial,across,intact,56,4,0.0065,0.0006195991719677,0.0039186892395449,40,0.5616186111111111,0.3361888888888888,,
spatial,across,intact,56,5,0.0086666666666666,0.0008754323311266,0.0055367202074215,40,0.6680369444444445,0.2960030555555555,,
spatial,across,intact,56,6,0.0075,0.0005028409319546,0.0031802452914767,40,0.6998683333333333,0.3915438888888889,,
spatial,across,intact,56,7,0.00725,0.0006072625513464,0.0038406655999594,40,0.6023491666666668,0.4073641666666665,,
spatial,across,intact,56,8,0.0068333333333333,0.0007255020856987,0.0045884780760216,40,0.6696186111111111,0.3422280555555556,,
spatial,across,intact,56,9,0.0094166666666666,0.0006633195892576,0.0041952014373227,40,0.6980736111111112,0.3204177777777777,,
spatial,across,intact,56,10,0.00675,0.0004846283858428,0.0030650590360687,40,0.5901705555555556,0.3979447222222221,,
spatial,across,intact,56,11,0.0100833333333333,0.0006370281338409,0.0040289196730877,40,0.6101133333333333,0.3437883333333332,,
spatial,across,intact,56,12,0.0065833333333333,0.0005532537786493,0.0034990841292529,40,0.5958055555555557,0.3874444444444443,,
spatial,across,intact,56,13,0.0088333333333333,0.0005410499447694,0.0034219003067596,40,0.6598544444444444,0.3313016666666665,,
spatial,across,intact,56,14,0.0084166666666666,0.0006084343084444,0.0038480764425479,40,0.5836516666666667,0.369098611111111,,
spatial,across,intact,56,15,0.0061666666666666,0.0006149838438569,0.0038894993415869,40,0.5971197222222222,0.3599349999999999,,
spatial,across,intact,56,16,0.0042499999999999,0.0006084343084444,0.0038480764425479,40,0.5586591666666667,0.3165994444444443,,
spatial,across,intact,56,17,0.006,0.0005495400822454,0.0034755966509035,40,0.569539722222222,0.3477625,,
spatial,across,intact,56,18,0.0069166666666666,0.0007584988548577,0.0047971679679598,40,0.5714422222222223,0.3414477777777777,,
spatial,across,intact,56,19,0.0059166666666666,0.0006697312043199,0.0042357520514774,40,0.5411486111111111,0.3212652777777777,,
spatial,across,intact,56,20,0.0058333333333333,0.00055662290631,0.0035203923635246,40,0.5447811111111112,0.3247888888888888,,
spatial,across,intact,56,21,0.0038333333333333,0.0005791977947731,0.0036631684944598,40,0.5450208333333333,0.3115175,,
spatial,across,intact,56,22,0.0053333333333333,0.0007337993857053,0.0046409548089225,40,0.5436683333333334,0.338636111111111,,
spatial,across,intact,56,23,0.0061666666666666,0.0006703955544528,0.0042399537706451,40,0.5703166666666666,0.3286072222222221,,
spatial,across,intact,56,24,0.0033333333333333,0.0004465760847047,0.0028243951524544,40,0.5406425000000001,0.3387694444444444,,
spatial,across,intact,56,25,0.00475,0.0006524935733383,0.0041267317007426,40,0.5605483333333334,0.308915,,
spatial,across,intact,56,26,0.0035,0.0004614791034954,0.0029186501192363,40,0.5596505555555555,0.3332838888888889,,
spatial,across,intact,56,27,0.0069999999999999,0.0007529618628798,0.0047621489558877,40,0.5810127777777778,0.335326111111111,,
spatial,across,intact,56,28,0.0070833333333333,0.0005989960736902,0.0037883838047182,40,0.5908936111111112,0.3396494444444443,,
spatial,across,intact,56,29,0.0056666666666666,0.0007279522854655,0.0046039744999925,40,0.5393480555555556,0.3323149999999999,,
spatial,across,intact,56,30,0.00525,0.0006188802957865,0.0039141426673682,40,0.5613758333333332,0.3243205555555555,,
spatial,across,intact,56,31,0.0044166666666666,0.0006686668711812,0.0042290206176626,40,0.5284252777777778,0.3271663888888889,,
spatial,across,intact,56,32,0.0065,0.0006421784505829,0.0040614931362402,40,0.5384169444444445,0.3455813888888889,,
spatial,across,intact,56,33,0.0073333333333333,0.0009856520539774,0.0062338109419839,40,0.5841311111111113,0.3402825,,
spatial,across,intact,56,34,0.005,0.0005723943812052,0.0036201399289824,40,0.5593908333333335,0.3311452777777778,,
spatial,across,intact,56,35,0.00675,0.0007209472638584,0.004559670853318,40,0.5758105555555556,0.3413241666666666,,
spatial,across,intact,56,36,0.0034166666666666,0.0005131809630673,0.0032456413902629,40,0.5051097222222223,0.3278936111111111,,
spatial,across,intact,56,37,0.0040833333333333,0.0006590105247982,0.0041679485207707,40,0.4965688888888889,0.3340105555555555,,
spatial,across,intact,56,38,0.00375,0.0005362566783465,0.0033915850281024,40,0.5422836111111111,0.3316441666666666,,
spatial,across,intact,56,39,0.0053333333333333,0.0006405126152203,0.0040509574683346,40,0.5562261111111111,0.341371111111111,,
spatial,across,intact,56,40,0.0028333333333333,0.0004552636129375,0.0028793399053599,40,0.5026633333333332,0.3443116666666667,,
spatial,across,intact,56,41,0.0044166666666666,0.0005771960417875,0.003650508296965,40,0.5426058333333333,0.3303527777777778,,
spatial,across,intact,56,42,0.0068333333333333,0.0005462902602399,0.0034550429718488,40,0.4987169444444445,0.3565241666666667,,
spatial,across,intact,56,43,0.0066666666666666,0.0006645264792282,0.0042028344797074,40,0.556933888888889,0.319694722222222,,
spatial,across,intact,56,44,0.00725,0.0009389293472292,0.0059383105984389,40,0.558895,0.3380922222222222,,
spatial,across,intact,56,45,0.0031666666666666,0.0004766633793443,0.003014683911842,40,0.5205741666666667,0.3339008333333333,,
spatial,across,intact,56,46,0.0054166666666666,0.0006611685674953,0.0041815971811922,40,0.5264200000000001,0.3214547222222222,,
spatial,across,intact,56,47,0.0051666666666666,0.0006639903545106,0.0041994437292726,40,0.5614444444444444,0.3215088888888888,,
spatial,across,intact,56,48,0.0056666666666666,0.0005748776656683,0.0036358455989457,40,0.5582894444444444,0.3256838888888889,,
spatial,across,intact,56,49,0.0048333333333333,0.0006639903545106,0.0041994437292726,40,0.5182002777777777,0.3304397222222222,,
spatial,across,intact,56,50,0.0048333333333333,0.0006421784505829,0.0040614931362402,40,0.5028230555555555,0.3387172222222222,,
spatial,across,intact,56,51,0.0041666666666666,0.0005168113941217,0.003268602252303,40,0.5221719444444446,0.3304058333333333,,
spatial,across,intact,56,52,0.0029166666666666,0.000480199092139,0.0030370457230089,40,0.5116427777777778,0.3210111111111111,,
spatial,across,intact,56,53,0.0038333333333333,0.0005540578101426,0.0035041692709117,40,0.5200791666666668,0.3385477777777778,,
spatial,across,intact,56,54,0.004,0.0005495400822454,0.0034755966509035,40,0.5192283333333333,0.3380338888888888,,
spatial,across,intact,56,55,0.0028333333333333,0.0005140476770154,0.003251122970575,40,0.5010299999999999,0.3387819444444445,,
spatial,across,intact,58,0,0.0103333333333333,0.000780824314226,0.0049383665707867,40,0.6660250000000001,0.2936002777777777,,
spatial,across,intact,58,1,0.006,0.0006338054920158,0.0040085378965872,40,0.5518558333333334,0.3381447222222222,,
spatial,across,intact,58,2,0.0053333333333333,0.0006292943635623,0.0039800070151264,40,0.5555197222222222,0.310981111111111,,
spatial,across,intact,58,3,0.0060833333333333,0.0005187029077928,0.0032805652351551,40,0.5716236111111112,0.3320572222222221,,
spatial,across,intact,58,4,0.00675,0.0006370281338409,0.0040289196730877,40,0.5624994444444444,0.3315683333333332,,
spatial,across,intact,58,5,0.0056666666666666,0.0006109168300344,0.0038637772876778,40,0.5836947222222223,0.3197549999999999,,
spatial,across,intact,58,6,0.0068333333333333,0.0003949467128397,0.00249786233394,40,0.6985183333333332,0.3918208333333333,,
spatial,across,intact,58,7,0.0068333333333333,0.0004295031251026,0.0027164162749691,40,0.6024611111111112,0.4080680555555555,,
spatial,across,intact,58,8,0.008,0.0007337993857053,0.0046409548089225,40,0.6693988888888889,0.3374983333333333,,
spatial,across,intact,58,9,0.0085833333333333,0.0005954181656808,0.0037657551275822,40,0.6963083333333335,0.3155749999999999,,
spatial,across,intact,58,10,0.00925,0.0006257474163429,0.0039575741512185,40,0.6072625,0.3533919444444443,,
spatial,across,intact,58,11,0.0071666666666666,0.0005410499447694,0.0034219003067596,40,0.583881388888889,0.3989724999999999,,
spatial,across,intact,58,12,0.0088333333333333,0.000721564460499,0.0045635743476151,40,0.6672088888888889,0.3325769444444443,,
spatial,across,intact,58,13,0.00675,0.0006481125346341,0.0040990235790971,40,0.5902536111111112,0.3727605555555555,,
spatial,across,intact,58,14,0.00725,0.0005322571942188,0.0033662900694843,40,0.580678888888889,0.3925794444444444,,
spatial,across,intact,58,15,0.0055833333333333,0.0005519648921491,0.0034909324952811,40,0.5975752777777779,0.3548066666666666,,
spatial,across,intact,58,16,0.0028333333333333,0.0005410499447694,0.0034219003067596,40,0.5610344444444445,0.3178841666666666,,
spatial,across,intact,58,17,0.00775,0.000613098942578,0.0038775781791747,40,0.581611388888889,0.3729824999999999,,
spatial,across,intact,58,18,0.00675,0.0007307598589892,0.0046217311540589,40,0.5691280555555556,0.348116111111111,,
spatial,across,intact,58,19,0.0071666666666666,0.0006913177474361,0.0043722773375906,40,0.5738052777777778,0.3382555555555555,,
spatial,across,intact,58,20,0.0069166666666666,0.000812890274447,0.005141169510104,40,0.5601361111111112,0.3209358333333333,,
spatial,across,intact,58,21,0.006,0.0007376717048657,0.0046654455056705,40,0.5400816666666666,0.3195697222222222,,
spatial,across,intact,58,22,0.0049166666666666,0.000620030097606,0.003921414652583,40,0.5587525,0.3292777777777777,,
spatial,across,intact,58,23,0.0042499999999999,0.0005596536881967,0.0035395607112309,40,0.5371441666666668,0.3192013888888889,,
spatial,across,intact,58,24,0.0049166666666666,0.000620030097606,0.003921414652583,40,0.5487483333333334,0.3377661111111111,,
spatial,across,intact,58,25,0.0063333333333333,0.0006938886664887,0.0043885372573625,40,0.5751261111111111,0.329223611111111,,
spatial,across,intact,58,26,0.003,0.0004591581544807,0.0029039711487975,40,0.5356922222222222,0.3345824999999999,,
spatial,across,intact,58,27,0.0045,0.0005667672107885,0.0035845505783853,40,0.5653519444444445,0.3076558333333333,,
spatial,across,intact,58,28,0.0041666666666666,0.00055662290631,0.0035203923635246,40,0.5632897222222223,0.3343319444444443,,
spatial,across,intact,58,29,0.0087499999999999,0.0009449784814927,0.0059765686827286,40,0.5845258333333334,0.3320097222222221,,
spatial,across,intact,58,30,0.0066666666666666,0.0007548513560963,0.0047740991602628,40,0.5875408333333334,0.3345227777777778,,
spatial,across,intact,58,31,0.0054166666666666,0.0007229204383014,0.0045721503042396,40,0.5304091666666667,0.3322766666666666,,
spatial,across,intact,58,32,0.0049166666666666,0.0005845530593558,0.0036970381615681,40,0.5621494444444444,0.3248094444444444,,
spatial,across,intact,58,33,0.0046666666666666,0.0007141228955659,0.0045165097585259,40,0.5258452777777778,0.3277330555555555,,
spatial,across,intact,58,34,0.0039166666666666,0.0004904718932443,0.003102016621894,40,0.5391544444444444,0.3449988888888888,,
spatial,across,intact,58,35,0.0061666666666666,0.0007693375994193,0.0048657182075428,40,0.5909952777777778,0.3413747222222222,,
spatial,across,intact,58,36,0.006,0.0005748776656683,0.0036358455989457,40,0.5603522222222221,0.3292630555555555,,
spatial,across,intact,58,37,0.00675,0.0006481125346341,0.0040990235790971,40,0.5718288888888889,0.3406316666666666,,
spatial,across,intact,58,38,0.00275,0.0004757285610699,0.0030087716019509,40,0.5040691666666668,0.3276583333333333,,
spatial,across,intact,58,39,0.005,0.0005337605126836,0.0033757978902788,40,0.4992819444444444,0.3325947222222222,,
spatial,across,intact,58,40,0.00375,0.0005090001931052,0.0032191998793563,40,0.5421955555555555,0.3364144444444444,,
spatial,across,intact,58,41,0.0053333333333333,0.0006515377383555,0.0041206864695165,40,0.5497072222222223,0.3446541666666666,,
spatial,across,intact,58,42,0.0033333333333333,0.0005202453946507,0.0032903207786188,40,0.5023891666666668,0.3412949999999999,,
spatial,across,intact,58,43,0.0048333333333333,0.0006079951641733,0.0038452990503112,40,0.5481369444444445,0.3275327777777778,,
spatial,across,intact,58,44,0.0065,0.0005195604102922,0.00328598855715,40,0.4989055555555556,0.3609516666666666,,
spatial,across,intact,58,45,0.0055,0.0005791977947731,0.0036631684944598,40,0.5541075,0.3183080555555554,,
spatial,across,intact,58,46,0.00625,0.0006107710786713,0.0038628554751184,40,0.5634877777777778,0.3432502777777777,,
spatial,across,intact,58,47,0.0031666666666666,0.0005330928945203,0.0033715755022721,40,0.5198572222222222,0.3312005555555555,,
spatial,across,intact,58,48,0.0045,0.0005140476770154,0.003251122970575,40,0.5279830555555556,0.3198591666666667,,
spatial,across,intact,58,49,0.0040833333333333,0.0005659812345252,0.0035795796280276,40,0.5575022222222222,0.3237744444444444,,
spatial,across,intact,58,50,0.0052499999999999,0.0006302839318575,0.0039862655945525,40,0.5433427777777778,0.3332322222222222,,
spatial,across,intact,58,51,0.00325,0.0005131809630673,0.0032456413902629,40,0.5133363888888889,0.3338747222222222,,
spatial,across,intact,58,52,0.0051666666666666,0.0007055942515803,0.0044625698778315,40,0.4992047222222222,0.3322816666666666,,
spatial,across,intact,58,53,0.0035,0.0005056659032384,0.0031981119786399,40,0.5167394444444444,0.3294372222222221,,
spatial,across,intact,58,54,0.0035,0.0004913786640188,0.0031077515438206,40,0.5081455555555555,0.3299038888888888,,
spatial,across,intact,58,55,0.0040833333333333,0.0006590105247982,0.0041679485207707,40,0.5255005555555555,0.3399513888888889,,
spatial,across,intact,58,56,0.00375,0.0005747227747412,0.0036348659827084,40,0.5281455555555556,0.336303611111111,,
spatial,across,intact,58,57,0.0025833333333333,0.000438325939946,0.0027722166555277,40,0.4993902777777778,0.3373613888888888,,
spatial,across,intact,60,0,0.00675,0.000602552736754,0.0038108781170213,40,0.5587880555555556,0.3296366666666666,,
spatial,across,intact,60,1,0.006,0.0005623515948579,0.0035566237711589,40,0.573948888888889,0.3318977777777777,,
spatial,across,intact,60,2,0.0056666666666666,0.0006338054920158,0.0040085378965872,40,0.5515675,0.3377758333333333,,
spatial,across,intact,60,3,0.009,0.0009105272258751,0.0057586798107199,40,0.6616861111111112,0.2959397222222222,,
spatial,across,intact,60,4,0.0053333333333333,0.0006292943635623,0.0039800070151264,40,0.5823519444444445,0.3164416666666667,,
spatial,across,intact,60,5,0.0069166666666666,0.0005389065112987,0.0034083440431988,40,0.6990497222222223,0.3903161111111111,,
spatial,across,intact,60,6,0.00725,0.0006302839318575,0.0039862655945525,40,0.5980405555555557,0.4112999999999999,,
spatial,across,intact,60,7,0.0085833333333333,0.0006302839318575,0.0039862655945525,40,0.6669433333333334,0.3400769444444445,,
spatial,across,intact,60,8,0.009,0.0005364226763936,0.0033926348919345,40,0.6983302777777778,0.3179316666666666,,
spatial,across,intact,60,9,0.0068333333333333,0.0004766633793443,0.003014683911842,40,0.584671111111111,0.3972008333333333,,
spatial,across,intact,60,10,0.0087499999999999,0.0006165742596507,0.0038995580142565,40,0.6054350000000002,0.3492966666666666,,
spatial,across,intact,60,11,0.0094166666666666,0.0006302839318575,0.0039862655945525,40,0.6623905555555556,0.3398149999999998,,
spatial,across,intact,60,12,0.00625,0.0005493780477196,0.0034745718545814,40,0.5937080555555557,0.3814391666666666,,
spatial,across,intact,60,13,0.00625,0.0005747227747412,0.0036348659827084,40,0.6282125,0.3739875,,
spatial,across,intact,60,14,0.0042499999999999,0.000642594234667,0.0040641227856813,40,0.5597908333333335,0.3174105555555555,,
spatial,across,intact,60,15,0.0060833333333333,0.0006739717291829,0.0042625714855607,40,0.5944638888888889,0.3553263888888888,,
spatial,across,intact,60,16,0.0084166666666666,0.0006084343084444,0.0038480764425479,40,0.5747927777777779,0.3692688888888887,,
spatial,across,intact,60,17,0.006,0.0007753319296531,0.0049036296807144,40,0.5741527777777778,0.3468002777777778,,
spatial,across,intact,60,18,0.00775,0.0007394798741889,0.0046768813725835,40,0.5693441666666668,0.3347547222222221,,
spatial,across,intact,60,19,0.0068333333333333,0.0006639903545106,0.0041994437292726,40,0.5523547222222224,0.3235219444444444,,
spatial,across,intact,60,20,0.00725,0.0005954181656808,0.0037657551275822,40,0.6039341666666667,0.3361119444444444,,
spatial,across,intact,60,21,0.006,0.0006666666666666,0.0042163702135578,40,0.5363027777777777,0.3167419444444445,,
spatial,across,intact,60,22,0.0055833333333333,0.0006579288490181,0.0041611074024608,40,0.5617841666666668,0.3257219444444443,,
spatial,across,intact,60,23,0.0040833333333333,0.0006370281338409,0.0040289196730877,40,0.5445941666666666,0.3192338888888889,,
spatial,across,intact,60,24,0.00375,0.0006223233281713,0.003935918316156,40,0.5420036111111113,0.339335,,
spatial,across,intact,60,25,0.0064166666666666,0.0006792351572617,0.0042958603276195,40,0.5741655555555557,0.3324363888888889,,
spatial,across,intact,60,26,0.0033333333333333,0.0005723943812052,0.0036201399289824,40,0.5373636111111111,0.3371372222222222,,
spatial,across,intact,60,27,0.0049166666666666,0.000520074233141,0.003289238258182,40,0.5602716666666667,0.3089591666666666,,
spatial,across,intact,60,28,0.0039166666666666,0.0006414848782339,0.0040571065995502,40,0.5636958333333333,0.3359766666666666,,
spatial,across,intact,60,29,0.0059166666666666,0.0006697312043199,0.0042357520514774,40,0.5796850000000001,0.3324088888888888,,
spatial,across,intact,60,30,0.0076666666666666,0.0006877023141843,0.0043494113299823,40,0.592235,0.3363952777777776,,
spatial,across,intact,60,31,0.0046666666666666,0.000557262335477,0.0035244364686645,40,0.5265480555555555,0.3340886111111111,,
spatial,across,intact,60,32,0.0049166666666666,0.0007059726877843,0.0044649633185388,40,0.5615338888888889,0.3188991666666666,,
spatial,across,intact,60,33,0.0033333333333333,0.000462250163521,0.0029235267310234,40,0.5231983333333333,0.3279244444444444,,
spatial,across,intact,60,34,0.0054166666666666,0.0006049122278635,0.0038258008490709,40,0.5424405555555556,0.3393680555555555,,
spatial,across,intact,60,35,0.006,0.000747264717757,0.0047261170463904,40,0.5800386111111111,0.3395508333333333,,
spatial,across,intact,60,36,0.0056666666666666,0.0005871365639519,0.0037133776793067,40,0.558641388888889,0.3324463888888889,,
spatial,across,intact,60,37,0.0056666666666666,0.0006666666666666,0.0042163702135578,40,0.5731825,0.3402408333333332,,
spatial,across,intact,60,38,0.00275,0.0005709927876363,0.0036112754729195,40,0.506935,0.3344958333333333,,
spatial,across,intact,60,39,0.0049999999999999,0.0006315539556208,0.0039942979301018,40,0.4994947222222222,0.3334647222222222,,
spatial,across,intact,60,40,0.0053333333333333,0.000662379376752,0.0041892550113185,40,0.5436827777777777,0.3447722222222221,,
spatial,across,intact,60,41,0.005,0.000620173672946,0.0039223227027636,40,0.5346675,0.3359466666666665,,
spatial,across,intact,60,42,0.0049166666666666,0.0005467789649092,0.003458133811565,40,0.5484944444444444,0.3445583333333332,,
spatial,across,intact,60,43,0.0034166666666666,0.0005532537786493,0.0034990841292529,40,0.5047644444444443,0.3452133333333333,,
spatial,across,intact,60,44,0.0050833333333333,0.0005966131857806,0.0037733130983118,40,0.5400813888888889,0.3350816666666666,,
spatial,across,intact,60,45,0.0034166666666666,0.000526877324526,0.0033322647859959,40,0.538533888888889,0.3270444444444444,,
spatial,across,intact,60,46,0.0061666666666666,0.0004552636129375,0.0028793399053599,40,0.50162,0.3599516666666666,,
spatial,across,intact,60,47,0.0068333333333333,0.0005961653339578,0.0037704806346836,40,0.5423777777777777,0.3187802777777777,,
spatial,across,intact,60,48,0.0063333333333333,0.0006730463973541,0.0042567191732199,40,0.5571547222222222,0.3399461111111111,,
spatial,across,intact,60,49,0.003,0.0005035486605694,0.0031847213602527,40,0.5155105555555556,0.3305763888888889,,
spatial,across,intact,60,50,0.0051666666666666,0.0006421784505829,0.0040614931362402,40,0.5280872222222222,0.321075,,
spatial,across,intact,60,51,0.0053333333333333,0.0005443310539518,0.0034426518632954,40,0.5586641666666666,0.3262827777777778,,
spatial,across,intact,60,52,0.0044166666666666,0.0005117911677922,0.0032368515531621,40,0.5521344444444445,0.3275269444444444,,
spatial,across,intact,60,53,0.0044166666666666,0.0007099967898486,0.0044904139746595,40,0.5192402777777778,0.3300652777777778,,
spatial,across,intact,60,54,0.0046666666666666,0.0005310850045437,0.0033588764910385,40,0.5047097222222223,0.336835,,
spatial,across,intact,60,55,0.0031666666666666,0.0005195604102922,0.00328598855715,40,0.5180644444444444,0.3317658333333332,,
spatial,across,intact,60,56,0.0029166666666666,0.0004495566033339,0.0028432456074081,40,0.5093102777777776,0.3306574999999999,,
spatial,across,intact,60,57,0.0034166666666666,0.0005402265537205,0.0034166927245201,40,0.5172188888888889,0.3432855555555555,,
spatial,across,intact,60,58,0.0033333333333333,0.0005469417694282,0.0034591634777518,40,0.5225333333333333,0.3322588888888889,,
spatial,across,intact,60,59,0.0023333333333333,0.0004168802871199,0.0026365824378477,40,0.5005819444444445,0.3409799999999999,,
spatial,across,intact,75,0,0.00925,0.0008480537463481,0.0053635628333978,40,0.6587672222222223,0.2930247222222221,msaa_flexible_outputs_npz/spatialAA_across_acrossCond_K75.npz,spatialAA_across_acrossCond_K75.npz
spatial,across,intact,75,1,0.005,0.0006427327695904,0.004064998957468,40,0.5643469444444444,0.3378930555555555,msaa_flexible_outputs_npz/spatialAA_across_acrossCond_K75.npz,spatialAA_across_acrossCond_K75.npz
spatial,across,intact,75,2,0.00675,0.0007209472638584,0.004559670853318,40,0.5835297222222222,0.3315386111111111,msaa_flexible_outputs_npz/spatialAA_across_acrossCond_K75.npz,spatialAA_across_acrossCond_K75.npz
spatial,across,intact,75,3,0.0050833333333333,0.0005845530593558,0.0036970381615681,40,0.5457294444444445,0.3390569444444444,msaa_flexible_outputs_npz/spatialAA_across_acrossCond_K75.npz,spatialAA_across_acrossCond_K75.npz
spatial,across,intact,75,4,0.0061666666666666,0.0006809370115327,0.0043066237991039,40,0.5862433333333333,0.3117372222222222,msaa_flexible_outputs_npz/spatialAA_across_acrossCond_K75.npz,spatialAA_across_acrossCond_K75.npz
spatial,across,intact,75,5,0.0050833333333333,0.0006643924886069,0.004201987048611,40,0.5600044444444444,0.3140280555555555,msaa_flexible_outputs_npz/spatialAA_across_acrossCond_K75.npz,spatialAA_across_acrossCond_K75.npz
spatial,across,intact,75,6,0.0084166666666666,0.0006084343084444,0.0038480764425479,40,0.6659094444444446,0.3722288888888888,msaa_flexible_outputs_npz/spatialAA_across_acrossCond_K75.npz,spatialAA_across_acrossCond_K75.npz
spatial,across,intact,75,7,0.0098333333333333,0.0008001958449738,0.0050608828886406,40,0.7035022222222223,0.3727558333333333,msaa_flexible_outputs_npz/spatialAA_across_acrossCond_K75.npz,spatialAA_across_acrossCond_K75.npz
spatial,across,intact,75,8,0.008,0.0004744167209018,0.0030004747962362,40,0.5970922222222222,0.4107369444444442,msaa_flexible_outputs_npz/spatialAA_across_acrossCond_K75.npz,spatialAA_across_acrossCond_K75.npz
spatial,across,intact,75,9,0.008,0.000557262335477,0.0035244364686645,40,0.6160833333333334,0.3842052777777777,msaa_flexible_outputs_npz/spatialAA_across_acrossCond_K75.npz,spatialAA_across_acrossCond_K75.npz
spatial,across,intact,75,10,0.0091666666666666,0.0006933752452815,0.0043852900965351,40,0.6956047222222222,0.3160080555555554,msaa_flexible_outputs_npz/spatialAA_across_acrossCond_K75.npz,spatialAA_across_acrossCond_K75.npz
spatial,across,intact,75,11,0.0091666666666666,0.000780368091976,0.0049354811679282,40,0.6675372222222224,0.3381205555555555,msaa_flexible_outputs_npz/spatialAA_across_acrossCond_K75.npz,spatialAA_across_acrossCond_K75.npz
spatial,across,intact,75,12,0.0070833333333333,0.0006665331062793,0.0042155255034995,40,0.581485,0.4016380555555555,msaa_flexible_outputs_npz/spatialAA_across_acrossCond_K75.npz,spatialAA_across_acrossCond_K75.npz
spatial,across,intact,75,13,0.0083333333333333,0.0005723943812052,0.0036201399289824,40,0.6597602777777778,0.3327877777777776,msaa_flexible_outputs_npz/spatialAA_across_acrossCond_K75.npz,spatialAA_across_acrossCond_K75.npz
spatial,across,intact,75,14,0.0075833333333333,0.0005845530593558,0.0036970381615681,40,0.6019311111111112,0.3385624999999999,msaa_flexible_outputs_npz/spatialAA_across_acrossCond_K75.npz,spatialAA_across_acrossCond_K75.npz
spatial,across,intact,75,15,0.0056666666666666,0.0005495400822454,0.0034755966509035,40,0.5669772222222222,0.3771836111111111,msaa_flexible_outputs_npz/spatialAA_across_acrossCond_K75.npz,spatialAA_across_acrossCond_K75.npz
spatial,across,intact,75,16,0.0065833333333333,0.0006370281338409,0.0040289196730877,40,0.5556836111111112,0.349118611111111,msaa_flexible_outputs_npz/spatialAA_across_acrossCond_K75.npz,spatialAA_across_acrossCond_K75.npz
spatial,across,intact,75,17,0.0048333333333333,0.0005330928945203,0.0033715755022721,40,0.5545349999999999,0.3159847222222222,msaa_flexible_outputs_npz/spatialAA_across_acrossCond_K75.npz,spatialAA_across_acrossCond_K75.npz
spatial,across,intact,75,18,0.0064166666666666,0.0005894067228156,0.0037277354246259,40,0.5943369444444444,0.3629483333333332,msaa_flexible_outputs_npz/spatialAA_across_acrossCond_K75.npz,spatialAA_across_acrossCond_K75.npz
spatial,across,intact,75,19,0.0066666666666666,0.0007060987881136,0.0044657608470472,40,0.6089783333333332,0.3530891666666667,msaa_flexible_outputs_npz/spatialAA_across_acrossCond_K75.npz,spatialAA_across_acrossCond_K75.npz
spatial,across,intact,75,20,0.0059166666666666,0.0005659812345252,0.0035795796280276,40,0.571717777777778,0.3429969444444444,msaa_flexible_outputs_npz/spatialAA_across_acrossCond_K75.npz,spatialAA_across_acrossCond_K75.npz
spatial,across,intact,75,21,0.0084999999999999,0.000782191384396,0.0049470126817034,40,0.5677861111111111,0.3011116666666666,msaa_flexible_outputs_npz/spatialAA_across_acrossCond_K75.npz,spatialAA_across_acrossCond_K75.npz
spatial,across,intact,75,22,0.00725,0.0006633195892576,0.0041952014373227,40,0.5623080555555556,0.3374380555555555,msaa_flexible_outputs_npz/spatialAA_across_acrossCond_K75.npz,spatialAA_across_acrossCond_K75.npz
spatial,across,intact,75,23,0.0069166666666666,0.0007678317049103,0.0048561940944139,40,0.5346308333333335,0.3412522222222222,msaa_flexible_outputs_npz/spatialAA_across_acrossCond_K75.npz,spatialAA_across_acrossCond_K75.npz
spatial,across,intact,75,24,0.0075,0.0008585915718078,0.0054302098934736,40,0.5370258333333334,0.3167916666666666,msaa_flexible_outputs_npz/spatialAA_across_acrossCond_K75.npz,spatialAA_across_acrossCond_K75.npz
spatial,across,intact,75,25,0.00725,0.0006302839318575,0.0039862655945525,40,0.5661422222222221,0.3559513888888889,msaa_flexible_outputs_npz/spatialAA_across_acrossCond_K75.npz,spatialAA_across_acrossCond_K75.npz
spatial,across,intact,75,26,0.0073333333333333,0.0006877023141843,0.0043494113299823,40,0.6063019444444444,0.332828611111111,msaa_flexible_outputs_npz/spatialAA_across_acrossCond_K75.npz,spatialAA_across_acrossCond_K75.npz
spatial,across,intact,75,27,0.0066666666666666,0.0007259927871993,0.0045915815448079,40,0.6020619444444444,0.3347541666666666,msaa_flexible_outputs_npz/spatialAA_across_acrossCond_K75.npz,spatialAA_across_acrossCond_K75.npz
spatial,across,intact,75,28,0.0055833333333333,0.000613098942578,0.0038775781791747,40,0.5357655555555555,0.3351147222222222,msaa_flexible_outputs_npz/spatialAA_across_acrossCond_K75.npz,spatialAA_across_acrossCond_K75.npz
spatial,across,intact,75,29,0.0045,0.0006703955544528,0.0042399537706451,40,0.5441538888888889,0.3174163888888889,msaa_flexible_outputs_npz/spatialAA_across_acrossCond_K75.npz,spatialAA_across_acrossCond_K75.npz
spatial,across,intact,75,30,0.0069166666666666,0.0006792351572617,0.0042958603276195,40,0.557348611111111,0.3280469444444444,msaa_flexible_outputs_npz/spatialAA_across_acrossCond_K75.npz,spatialAA_across_acrossCond_K75.npz
spatial,across,intact,75,31,0.0058333333333333,0.0006172958213483,0.0039041215711303,40,0.5572172222222223,0.3214197222222222,msaa_flexible_outputs_npz/spatialAA_across_acrossCond_K75.npz,spatialAA_across_acrossCond_K75.npz
spatial,across,intact,75,32,0.0041666666666666,0.0005168113941217,0.003268602252303,40,0.5480636111111112,0.3249725,msaa_flexible_outputs_npz/spatialAA_across_acrossCond_K75.npz,spatialAA_across_acrossCond_K75.npz
spatial,across,intact,75,33,0.0049166666666666,0.0006643924886069,0.004201987048611,40,0.5520727777777779,0.3357727777777777,msaa_flexible_outputs_npz/spatialAA_across_acrossCond_K75.npz,spatialAA_across_acrossCond_K75.npz
spatial,across,intact,75,34,0.0045,0.0005667672107885,0.0035845505783853,40,0.5629691666666666,0.3188727777777777,msaa_flexible_outputs_npz/spatialAA_across_acrossCond_K75.npz,spatialAA_across_acrossCond_K75.npz
spatial,across,intact,75,35,0.0046666666666666,0.0006730463973541,0.0042567191732199,40,0.5713061111111111,0.3318769444444444,msaa_flexible_outputs_npz/spatialAA_across_acrossCond_K75.npz,spatialAA_across_acrossCond_K75.npz
spatial,across,intact,75,36,0.0036666666666666,0.000557262335477,0.0035244364686645,40,0.5344591666666666,0.3329833333333333,msaa_flexible_outputs_npz/spatialAA_across_acrossCond_K75.npz,spatialAA_across_acrossCond_K75.npz
spatial,across,intact,75,37,0.0040833333333333,0.0005131809630673,0.0032456413902629,40,0.5519819444444445,0.3067866666666666,msaa_flexible_outputs_npz/spatialAA_across_acrossCond_K75.npz,spatialAA_across_acrossCond_K75.npz
spatial,across,intact,75,38,0.0036666666666666,0.000557262335477,0.0035244364686645,40,0.5682383333333332,0.3312819444444444,msaa_flexible_outputs_npz/spatialAA_across_acrossCond_K75.npz,spatialAA_across_acrossCond_K75.npz
spatial,across,intact,75,39,0.0063333333333333,0.0006062354060275,0.0038341693625679,40,0.5811972222222221,0.3335049999999999,msaa_flexible_outputs_npz/spatialAA_across_acrossCond_K75.npz,spatialAA_across_acrossCond_K75.npz
spatial,across,intact,75,40,0.0084999999999999,0.0007055942515803,0.0044625698778315,40,0.5918466666666667,0.3431127777777777,msaa_flexible_outputs_npz/spatialAA_across_acrossCond_K75.npz,spatialAA_across_acrossCond_K75.npz
spatial,across,intact,75,41,0.0056666666666666,0.0006877023141843,0.0043494113299823,40,0.5260327777777778,0.3343511111111111,msaa_flexible_outputs_npz/spatialAA_across_acrossCond_K75.npz,spatialAA_across_acrossCond_K75.npz
spatial,across,intact,75,42,0.006,0.000747264717757,0.0047261170463904,40,0.5614527777777777,0.321466111111111,msaa_flexible_outputs_npz/spatialAA_across_acrossCond_K75.npz,spatialAA_across_acrossCond_K75.npz
spatial,across,intact,75,43,0.0044166666666666,0.0004681828240069,0.0029610481704636,40,0.5363497222222223,0.3264161111111111,msaa_flexible_outputs_npz/spatialAA_across_acrossCond_K75.npz,spatialAA_across_acrossCond_K75.npz
spatial,across,intact,75,44,0.0055,0.0006487990219938,0.0041033653063804,40,0.5217622222222221,0.3337888888888888,msaa_flexible_outputs_npz/spatialAA_across_acrossCond_K75.npz,spatialAA_across_acrossCond_K75.npz
spatial,across,intact,75,45,0.00425,0.0004772233913401,0.0030182257386893,40,0.53178,0.3368641666666666,msaa_flexible_outputs_npz/spatialAA_across_acrossCond_K75.npz,spatialAA_across_acrossCond_K75.npz
spatial,across,intact,75,46,0.0050833333333333,0.0007452365348515,0.0047132896914044,40,0.5690936111111112,0.3432272222222222,msaa_flexible_outputs_npz/spatialAA_across_acrossCond_K75.npz,spatialAA_across_acrossCond_K75.npz
spatial,across,intact,75,47,0.0068333333333333,0.0006531754562429,0.0041310443068946,40,0.571165,0.3338583333333332,msaa_flexible_outputs_npz/spatialAA_across_acrossCond_K75.npz,spatialAA_across_acrossCond_K75.npz
spatial,across,intact,75,48,0.006,0.0005495400822454,0.0034755966509035,40,0.5727519444444444,0.3409783333333333,msaa_flexible_outputs_npz/spatialAA_across_acrossCond_K75.npz,spatialAA_across_acrossCond_K75.npz
spatial,across,intact,75,49,0.00275,0.0005709927876363,0.0036112754729195,40,0.5040980555555554,0.3312794444444445,msaa_flexible_outputs_npz/spatialAA_across_acrossCond_K75.npz,spatialAA_across_acrossCond_K75.npz
spatial,across,intact,75,50,0.0039166666666666,0.0005583795745617,0.0035315025090618,40,0.5026397222222222,0.3394933333333333,msaa_flexible_outputs_npz/spatialAA_across_acrossCond_K75.npz,spatialAA_across_acrossCond_K75.npz
spatial,across,intact,75,51,0.0066666666666666,0.0007453559924999,0.0047140452079103,40,0.5461830555555556,0.349481111111111,msaa_flexible_outputs_npz/spatialAA_across_acrossCond_K75.npz,spatialAA_across_acrossCond_K75.npz
spatial,across,intact,75,52,0.0051666666666666,0.0006531754562429,0.0041310443068946,40,0.5160683333333334,0.3532113888888888,msaa_flexible_outputs_npz/spatialAA_across_acrossCond_K75.npz,spatialAA_across_acrossCond_K75.npz
spatial,across,intact,75,53,0.0038333333333333,0.0005540578101426,0.0035041692709117,40,0.5207016666666666,0.3395936111111111,msaa_flexible_outputs_npz/spatialAA_across_acrossCond_K75.npz,spatialAA_across_acrossCond_K75.npz
spatial,across,intact,75,54,0.0045833333333333,0.0006611685674953,0.0041815971811922,40,0.5471513888888889,0.3329805555555555,msaa_flexible_outputs_npz/spatialAA_across_acrossCond_K75.npz,spatialAA_across_acrossCond_K75.npz
spatial,across,intact,75,55,0.0029166666666666,0.0005493780477196,0.0034745718545814,40,0.5060619444444444,0.3461977777777777,msaa_flexible_outputs_npz/spatialAA_across_acrossCond_K75.npz,spatialAA_across_acrossCond_K75.npz
spatial,across,intact,75,56,0.0045833333333333,0.0006049122278635,0.0038258008490709,40,0.5391944444444444,0.3277825,msaa_flexible_outputs_npz/spatialAA_across_acrossCond_K75.npz,spatialAA_across_acrossCond_K75.npz
spatial,across,intact,75,57,0.0039999999999999,0.0005623515948579,0.0035566237711589,40,0.5203019444444446,0.3368722222222222,msaa_flexible_outputs_npz/spatialAA_across_acrossCond_K75.npz,spatialAA_across_acrossCond_K75.npz
spatial,across,intact,75,58,0.0063333333333333,0.000557262335477,0.0035244364686645,40,0.4982722222222221,0.3642091666666666,msaa_flexible_outputs_npz/spatialAA_across_acrossCond_K75.npz,spatialAA_across_acrossCond_K75.npz
spatial,across,intact,75,59,0.0041666666666666,0.00055662290631,0.0035203923635246,40,0.5221327777777778,0.3366716666666666,msaa_flexible_outputs_npz/spatialAA_across_acrossCond_K75.npz,spatialAA_across_acrossCond_K75.npz
spatial,across,intact,75,60,0.0066666666666666,0.0007259927871993,0.0045915815448079,40,0.5527341666666667,0.3195805555555554,msaa_flexible_outputs_npz/spatialAA_across_acrossCond_K75.npz,spatialAA_across_acrossCond_K75.npz
spatial,across,intact,75,61,0.0038333333333333,0.0004393403498655,0.0027786323471804,40,0.5088022222222222,0.3329252777777777,msaa_flexible_outputs_npz/spatialAA_across_acrossCond_K75.npz,spatialAA_across_acrossCond_K75.npz
spatial,across,intact,75,62,0.0064166666666666,0.0007099967898486,0.0044904139746595,40,0.5651877777777777,0.3332388888888888,msaa_flexible_outputs_npz/spatialAA_across_acrossCond_K75.npz,spatialAA_across_acrossCond_K75.npz
spatial,across,intact,75,63,0.0031666666666666,0.0005717718748968,0.0036162028533978,40,0.5207619444444445,0.3344605555555555,msaa_flexible_outputs_npz/spatialAA_across_acrossCond_K75.npz,spatialAA_across_acrossCond_K75.npz
spatial,across,intact,75,64,0.00525,0.0007049630731271,0.0044585779547875,40,0.5270152777777778,0.322005,msaa_flexible_outputs_npz/spatialAA_across_acrossCond_K75.npz,spatialAA_across_acrossCond_K75.npz
spatial,across,intact,75,65,0.0043333333333333,0.0006666666666666,0.0042163702135578,40,0.5586386111111111,0.3226877777777778,msaa_flexible_outputs_npz/spatialAA_across_acrossCond_K75.npz,spatialAA_across_acrossCond_K75.npz
spatial,across,intact,75,66,0.0045833333333333,0.0006049122278635,0.0038258008490709,40,0.547965,0.3286927777777777,msaa_flexible_outputs_npz/spatialAA_across_acrossCond_K75.npz,spatialAA_across_acrossCond_K75.npz
spatial,across,intact,75,67,0.0040833333333333,0.0005532537786493,0.0034990841292529,40,0.5279969444444444,0.3323144444444444,msaa_flexible_outputs_npz/spatialAA_across_acrossCond_K75.npz,spatialAA_across_acrossCond_K75.npz
spatial,across,intact,75,68,0.0040833333333333,0.0004991088925371,0.0031566418017233,40,0.5138313888888888,0.3304869444444445,msaa_flexible_outputs_npz/spatialAA_across_acrossCond_K75.npz,spatialAA_across_acrossCond_K75.npz
spatial,across,intact,75,69,0.0038333333333333,0.0004552636129375,0.0028793399053599,40,0.5060722222222223,0.3372552777777778,msaa_flexible_outputs_npz/spatialAA_across_acrossCond_K75.npz,spatialAA_across_acrossCond_K75.npz
spatial,across,intact,75,70,0.0043333333333333,0.0005495400822454,0.0034755966509035,40,0.5189352777777778,0.3318591666666666,msaa_flexible_outputs_npz/spatialAA_across_acrossCond_K75.npz,spatialAA_across_acrossCond_K75.npz
spatial,across,intact,75,71,0.0021666666666666,0.0004056228722963,0.0025653842950319,40,0.5054622222222223,0.3273488888888888,msaa_flexible_outputs_npz/spatialAA_across_acrossCond_K75.npz,spatialAA_across_acrossCond_K75.npz
spatial,across,intact,75,72,0.00375,0.000480199092139,0.0030370457230089,40,0.5159361111111112,0.3403813888888889,msaa_flexible_outputs_npz/spatialAA_across_acrossCond_K75.npz,spatialAA_across_acrossCond_K75.npz
spatial,across,intact,75,73,0.00325,0.0004542847607774,0.002873149100723,40,0.5253297222222223,0.3391391666666666,msaa_flexible_outputs_npz/spatialAA_across_acrossCond_K75.npz,spatialAA_across_acrossCond_K75.npz
spatial,across,intact,75,74,0.0035833333333333,0.0006246081392643,0.0039503687303102,40,0.5084066666666667,0.3401394444444444,msaa_flexible_outputs_npz/spatialAA_across_acrossCond_K75.npz,spatialAA_across_acrossCond_K75.npz
spatial,across,intact,100,0,0.00375,0.0004948092383294,0.0031294484008283,40,0.5453627777777778,0.3359991666666665,msaa_flexible_outputs_npz/spatialAA_across_acrossCond_K100.npz,spatialAA_across_acrossCond_K100.npz
spatial,across,intact,100,1,0.0044166666666666,0.0005389065112987,0.0034083440431988,40,0.5570519444444445,0.3112822222222222,msaa_flexible_outputs_npz/spatialAA_across_acrossCond_K100.npz,spatialAA_across_acrossCond_K100.npz
spatial,across,intact,100,2,0.0068333333333333,0.0007730319188612,0.0048890831352242,40,0.5845,0.3165922222222221,msaa_flexible_outputs_npz/spatialAA_across_acrossCond_K100.npz,spatialAA_across_acrossCond_K100.npz
spatial,across,intact,100,3,0.0051666666666666,0.0005961653339578,0.0037704806346836,40,0.5850555555555557,0.3164744444444444,msaa_flexible_outputs_npz/spatialAA_across_acrossCond_K100.npz,spatialAA_across_acrossCond_K100.npz
spatial,across,intact,100,4,0.0104166666666666,0.0008622132456136,0.0054531153698108,40,0.6666361111111112,0.2925258333333333,msaa_flexible_outputs_npz/spatialAA_across_acrossCond_K100.npz,spatialAA_across_acrossCond_K100.npz
spatial,across,intact,100,5,0.00625,0.0007933798377521,0.005017774673903,40,0.558548888888889,0.3359816666666667,msaa_flexible_outputs_npz/spatialAA_across_acrossCond_K100.npz,spatialAA_across_acrossCond_K100.npz
spatial,across,intact,100,6,0.0045833333333333,0.0006503067433133,0.0041129009732735,40,0.5473544444444445,0.3388363888888889,msaa_flexible_outputs_npz/spatialAA_across_acrossCond_K100.npz,spatialAA_across_acrossCond_K100.npz
spatial,across,intact,100,7,0.0061666666666666,0.0006032910690206,0.0038155477402863,40,0.5713044444444445,0.3331822222222221,msaa_flexible_outputs_npz/spatialAA_across_acrossCond_K100.npz,spatialAA_across_acrossCond_K100.npz
spatial,across,intact,100,8,0.011,0.0006338054920158,0.0040085378965872,40,0.6506513888888891,0.3089711111111111,msaa_flexible_outputs_npz/spatialAA_across_acrossCond_K100.npz,spatialAA_across_acrossCond_K100.npz
spatial,across,intact,100,9,0.008,0.0004891995904702,0.003093969872615,40,0.7066119444444444,0.3978452777777777,msaa_flexible_outputs_npz/spatialAA_across_acrossCond_K100.npz,spatialAA_across_acrossCond_K100.npz
spatial,across,intact,100,10,0.00825,0.0005596536881967,0.0035395607112309,40,0.5989030555555557,0.4094780555555554,msaa_flexible_outputs_npz/spatialAA_across_acrossCond_K100.npz,spatialAA_across_acrossCond_K100.npz
spatial,across,intact,100,11,0.00875,0.0006823737268783,0.0043157103847867,40,0.6940941666666668,0.3204530555555555,msaa_flexible_outputs_npz/spatialAA_across_acrossCond_K100.npz,spatialAA_across_acrossCond_K100.npz
spatial,across,intact,100,12,0.0109166666666666,0.0009244040199083,0.0058464443622522,40,0.6631722222222224,0.3367355555555555,msaa_flexible_outputs_npz/spatialAA_across_acrossCond_K100.npz,spatialAA_across_acrossCond_K100.npz
spatial,across,intact,100,13,0.0059166666666666,0.0004542847607774,0.002873149100723,40,0.5729344444444445,0.3819658333333332,msaa_flexible_outputs_npz/spatialAA_across_acrossCond_K100.npz,spatialAA_across_acrossCond_K100.npz
spatial,across,intact,100,14,0.0084999999999999,0.0006531754562429,0.0041310443068946,40,0.5989811111111112,0.3536277777777776,msaa_flexible_outputs_npz/spatialAA_across_acrossCond_K100.npz,spatialAA_across_acrossCond_K100.npz
spatial,across,intact,100,15,0.0084166666666666,0.0005061938301996,0.0032014508819108,40,0.6617869444444444,0.3327599999999999,msaa_flexible_outputs_npz/spatialAA_across_acrossCond_K100.npz,spatialAA_across_acrossCond_K100.npz
spatial,across,intact,100,16,0.0054166666666666,0.0004875588940976,0.0030835931976424,40,0.6039677777777779,0.3814841666666665,msaa_flexible_outputs_npz/spatialAA_across_acrossCond_K100.npz,spatialAA_across_acrossCond_K100.npz
spatial,across,intact,100,17,0.0053333333333333,0.0004744167209018,0.0030004747962362,40,0.5936636111111111,0.3922188888888888,msaa_flexible_outputs_npz/spatialAA_across_acrossCond_K100.npz,spatialAA_across_acrossCond_K100.npz
spatial,across,intact,100,18,0.00575,0.0005335936864527,0.0033747427885527,40,0.5628080555555556,0.3828224999999999,msaa_flexible_outputs_npz/spatialAA_across_acrossCond_K100.npz,spatialAA_across_acrossCond_K100.npz
spatial,across,intact,100,19,0.0065833333333333,0.0007307598589892,0.0046217311540589,40,0.6330247222222223,0.350108611111111,msaa_flexible_outputs_npz/spatialAA_across_acrossCond_K100.npz,spatialAA_across_acrossCond_K100.npz
spatial,across,intact,100,20,0.007,0.0006292943635623,0.0039800070151264,40,0.5850438888888889,0.3586444444444444,msaa_flexible_outputs_npz/spatialAA_across_acrossCond_K100.npz,spatialAA_across_acrossCond_K100.npz
spatial,across,intact,100,21,0.0066666666666666,0.0005337605126836,0.0033757978902788,40,0.6041052777777779,0.3482302777777777,msaa_flexible_outputs_npz/spatialAA_across_acrossCond_K100.npz,spatialAA_across_acrossCond_K100.npz
spatial,across,intact,100,22,0.0050833333333333,0.000620030097606,0.003921414652583,40,0.5590844444444445,0.3105827777777777,msaa_flexible_outputs_npz/spatialAA_across_acrossCond_K100.npz,spatialAA_across_acrossCond_K100.npz
spatial,across,intact,100,23,0.0050833333333333,0.0006854979266251,0.004335469558917,40,0.5613005555555555,0.34215,msaa_flexible_outputs_npz/spatialAA_across_acrossCond_K100.npz,spatialAA_across_acrossCond_K100.npz
spatial,across,intact,100,24,0.0056666666666666,0.0005748776656683,0.0036358455989457,40,0.5758033333333333,0.3565863888888889,msaa_flexible_outputs_npz/spatialAA_across_acrossCond_K100.npz,spatialAA_across_acrossCond_K100.npz
spatial,across,intact,100,25,0.0071666666666666,0.0006913177474361,0.0043722773375906,40,0.5417325,0.3386052777777777,msaa_flexible_outputs_npz/spatialAA_across_acrossCond_K100.npz,spatialAA_across_acrossCond_K100.npz
spatial,across,intact,100,26,0.0068333333333333,0.000817804022247,0.0051722467798952,40,0.6123775,0.3611316666666667,msaa_flexible_outputs_npz/spatialAA_across_acrossCond_K100.npz,spatialAA_across_acrossCond_K100.npz
spatial,across,intact,100,27,0.0070833333333333,0.0007375510026306,0.0046646821177074,40,0.576401388888889,0.321535,msaa_flexible_outputs_npz/spatialAA_across_acrossCond_K100.npz,spatialAA_across_acrossCond_K100.npz
spatial,across,intact,100,28,0.0095833333333333,0.0008023070367362,0.0050742352377341,40,0.5911527777777779,0.3121186111111111,msaa_flexible_outputs_npz/spatialAA_across_acrossCond_K100.npz,spatialAA_across_acrossCond_K100.npz
spatial,across,intact,100,29,0.00625,0.0007375510026306,0.0046646821177074,40,0.5838097222222223,0.3465638888888889,msaa_flexible_outputs_npz/spatialAA_across_acrossCond_K100.npz,spatialAA_across_acrossCond_K100.npz
spatial,across,intact,100,30,0.0061666666666666,0.0005540578101426,0.0035041692709117,40,0.5638061111111112,0.3426044444444444,msaa_flexible_outputs_npz/spatialAA_across_acrossCond_K100.npz,spatialAA_across_acrossCond_K100.npz
spatial,across,intact,100,31,0.0061666666666666,0.0006149838438569,0.0038894993415869,40,0.5693444444444445,0.3023444444444444,msaa_flexible_outputs_npz/spatialAA_across_acrossCond_K100.npz,spatialAA_across_acrossCond_K100.npz
spatial,across,intact,100,32,0.0056666666666666,0.0005991446895152,0.0037893237337253,40,0.56283,0.3374758333333333,msaa_flexible_outputs_npz/spatialAA_across_acrossCond_K100.npz,spatialAA_across_acrossCond_K100.npz
spatial,across,intact,100,33,0.00625,0.0007179773345945,0.0045408873713909,40,0.5367777777777778,0.3489974999999999,msaa_flexible_outputs_npz/spatialAA_across_acrossCond_K100.npz,spatialAA_across_acrossCond_K100.npz
spatial,across,intact,100,34,0.007,0.0006730463973541,0.0042567191732199,40,0.6104066666666667,0.3181844444444444,msaa_flexible_outputs_npz/spatialAA_across_acrossCond_K100.npz,spatialAA_across_acrossCond_K100.npz
spatial,across,intact,100,35,0.0074166666666666,0.0006590105247982,0.0041679485207707,40,0.5977552777777779,0.3625674999999999,msaa_flexible_outputs_npz/spatialAA_across_acrossCond_K100.npz,spatialAA_across_acrossCond_K100.npz
spatial,across,intact,100,36,0.0038333333333333,0.0005277215444626,0.0033376041016874,40,0.5369961111111111,0.3200641666666666,msaa_flexible_outputs_npz/spatialAA_across_acrossCond_K100.npz,spatialAA_across_acrossCond_K100.npz
spatial,across,intact,100,37,0.0058333333333333,0.0005937710859953,0.003755338080994,40,0.5646991666666666,0.3605738888888888,msaa_flexible_outputs_npz/spatialAA_across_acrossCond_K100.npz,spatialAA_across_acrossCond_K100.npz
spatial,across,intact,100,38,0.0066666666666666,0.0007259927871993,0.0045915815448079,40,0.6092772222222222,0.3324472222222222,msaa_flexible_outputs_npz/spatialAA_across_acrossCond_K100.npz,spatialAA_across_acrossCond_K100.npz
spatial,across,intact,100,39,0.0064166666666666,0.0006686668711812,0.0042290206176626,40,0.5468880555555555,0.3501797222222222,msaa_flexible_outputs_npz/spatialAA_across_acrossCond_K100.npz,spatialAA_across_acrossCond_K100.npz
spatial,across,intact,100,40,0.008,0.0007898934256794,0.00499572466788,40,0.5998488888888888,0.333565,msaa_flexible_outputs_npz/spatialAA_across_acrossCond_K100.npz,spatialAA_across_acrossCond_K100.npz
spatial,across,intact,100,41,0.00675,0.0006802829560446,0.0043024871889868,40,0.5528127777777778,0.3487475,msaa_flexible_outputs_npz/spatialAA_across_acrossCond_K100.npz,spatialAA_across_acrossCond_K100.npz
spatial,across,intact,100,42,0.0051666666666666,0.0006639903545106,0.0041994437292726,40,0.5282025000000001,0.3390588888888888,msaa_flexible_outputs_npz/spatialAA_across_acrossCond_K100.npz,spatialAA_across_acrossCond_K100.npz
spatial,across,intact,100,43,0.0046666666666666,0.0006292943635623,0.0039800070151264,40,0.5413755555555556,0.3278094444444444,msaa_flexible_outputs_npz/spatialAA_across_acrossCond_K100.npz,spatialAA_across_acrossCond_K100.npz
spatial,across,intact,100,44,0.0059166666666666,0.0007109992566943,0.0044967541316818,40,0.5581238888888889,0.3291472222222221,msaa_flexible_outputs_npz/spatialAA_across_acrossCond_K100.npz,spatialAA_across_acrossCond_K100.npz
spatial,across,intact,100,45,0.0054166666666666,0.0006823737268783,0.0043157103847867,40,0.5606763888888889,0.3262383333333333,msaa_flexible_outputs_npz/spatialAA_across_acrossCond_K100.npz,spatialAA_across_acrossCond_K100.npz
spatial,across,intact,100,46,0.0034166666666666,0.0004991088925371,0.0031566418017233,40,0.5426891666666667,0.3261847222222222,msaa_flexible_outputs_npz/spatialAA_across_acrossCond_K100.npz,spatialAA_across_acrossCond_K100.npz
spatial,across,intact,100,47,0.0050833333333333,0.000642594234667,0.0040641227856813,40,0.5395594444444446,0.3362488888888889,msaa_flexible_outputs_npz/spatialAA_across_acrossCond_K100.npz,spatialAA_across_acrossCond_K100.npz
spatial,across,intact,100,48,0.0029166666666666,0.0004948092383294,0.0031294484008283,40,0.5498430555555556,0.3360277777777777,msaa_flexible_outputs_npz/spatialAA_across_acrossCond_K100.npz,spatialAA_across_acrossCond_K100.npz
spatial,across,intact,100,49,0.0040833333333333,0.0006257474163429,0.0039575741512185,40,0.568125,0.3121233333333332,msaa_flexible_outputs_npz/spatialAA_across_acrossCond_K100.npz,spatialAA_across_acrossCond_K100.npz
spatial,across,intact,100,50,0.0056666666666666,0.0006338054920158,0.0040085378965872,40,0.5340022222222223,0.3304469444444444,msaa_flexible_outputs_npz/spatialAA_across_acrossCond_K100.npz,spatialAA_across_acrossCond_K100.npz
spatial,across,intact,100,51,0.00525,0.0005833333333333,0.0036893239368631,40,0.5646472222222222,0.3311366666666666,msaa_flexible_outputs_npz/spatialAA_across_acrossCond_K100.npz,spatialAA_across_acrossCond_K100.npz
spatial,across,intact,100,52,0.0071666666666666,0.0007966275068156,0.0050383147365577,40,0.5579502777777778,0.3283130555555555,msaa_flexible_outputs_npz/spatialAA_across_acrossCond_K100.npz,spatialAA_across_acrossCond_K100.npz
spatial,across,intact,100,53,0.00325,0.000602552736754,0.0038108781170213,40,0.5123913888888889,0.3390466666666666,msaa_flexible_outputs_npz/spatialAA_across_acrossCond_K100.npz,spatialAA_across_acrossCond_K100.npz
spatial,across,intact,100,54,0.0029166666666666,0.0004334237249576,0.0027412123256407,40,0.5553227777777778,0.3384136111111111,msaa_flexible_outputs_npz/spatialAA_across_acrossCond_K100.npz,spatialAA_across_acrossCond_K100.npz
spatial,across,intact,100,55,0.0044166666666666,0.0004681828240069,0.0029610481704636,40,0.5402180555555556,0.3126808333333333,msaa_flexible_outputs_npz/spatialAA_across_acrossCond_K100.npz,spatialAA_across_acrossCond_K100.npz
spatial,across,intact,100,56,0.0048333333333333,0.0005961653339578,0.0037704806346836,40,0.5741477777777778,0.3342924999999999,msaa_flexible_outputs_npz/spatialAA_across_acrossCond_K100.npz,spatialAA_across_acrossCond_K100.npz
spatial,across,intact,100,57,0.0075833333333333,0.000876956502087,0.0055463599109783,40,0.5777041666666667,0.3314619444444444,msaa_flexible_outputs_npz/spatialAA_across_acrossCond_K100.npz,spatialAA_across_acrossCond_K100.npz
spatial,across,intact,100,58,0.00525,0.0005833333333333,0.0036893239368631,40,0.5366769444444445,0.3546283333333333,msaa_flexible_outputs_npz/spatialAA_across_acrossCond_K100.npz,spatialAA_across_acrossCond_K100.npz
spatial,across,intact,100,59,0.008,0.0006938886664887,0.0043885372573625,40,0.5779736111111111,0.3441763888888888,msaa_flexible_outputs_npz/spatialAA_across_acrossCond_K100.npz,spatialAA_across_acrossCond_K100.npz
spatial,across,intact,100,60,0.0055833333333333,0.0005255237517707,0.003323704040225,40,0.5324675000000001,0.3369008333333333,msaa_flexible_outputs_npz/spatialAA_across_acrossCond_K100.npz,spatialAA_across_acrossCond_K100.npz
spatial,across,intact,100,61,0.00375,0.0004651302547095,0.0029417420270727,40,0.5092283333333333,0.3342427777777777,msaa_flexible_outputs_npz/spatialAA_across_acrossCond_K100.npz,spatialAA_across_acrossCond_K100.npz
spatial,across,intact,100,62,0.0046666666666666,0.000557262335477,0.0035244364686645,40,0.5596113888888888,0.3271377777777778,msaa_flexible_outputs_npz/spatialAA_across_acrossCond_K100.npz,spatialAA_across_acrossCond_K100.npz
spatial,across,intact,100,63,0.0049166666666666,0.0006535842445105,0.0041336297109071,40,0.5540202777777777,0.3421094444444444,msaa_flexible_outputs_npz/spatialAA_across_acrossCond_K100.npz,spatialAA_across_acrossCond_K100.npz
spatial,across,intact,100,64,0.00375,0.0005090001931052,0.0032191998793563,40,0.5305358333333333,0.3269202777777777,msaa_flexible_outputs_npz/spatialAA_across_acrossCond_K100.npz,spatialAA_across_acrossCond_K100.npz
spatial,across,intact,100,65,0.0033333333333333,0.0003958473906635,0.0025035587206627,40,0.5319625,0.3263005555555555,msaa_flexible_outputs_npz/spatialAA_across_acrossCond_K100.npz,spatialAA_across_acrossCond_K100.npz
spatial,across,intact,100,66,0.003,0.0004591581544807,0.0029039711487975,40,0.5193894444444445,0.333233611111111,msaa_flexible_outputs_npz/spatialAA_across_acrossCond_K100.npz,spatialAA_across_acrossCond_K100.npz
spatial,across,intact,100,67,0.00375,0.0006223233281713,0.003935918316156,40,0.5387866666666667,0.3429019444444444,msaa_flexible_outputs_npz/spatialAA_across_acrossCond_K100.npz,spatialAA_across_acrossCond_K100.npz
spatial,across,intact,100,68,0.0053333333333333,0.0006062354060275,0.0038341693625679,40,0.5659397222222222,0.3327597222222221,msaa_flexible_outputs_npz/spatialAA_across_acrossCond_K100.npz,spatialAA_across_acrossCond_K100.npz
spatial,across,intact,100,69,0.00575,0.0004301245430187,0.0027203464669569,40,0.5766094444444445,0.3468305555555555,msaa_flexible_outputs_npz/spatialAA_across_acrossCond_K100.npz,spatialAA_across_acrossCond_K100.npz
spatial,across,intact,100,70,0.0064166666666666,0.0005117911677922,0.0032368515531621,40,0.5586211111111112,0.3330288888888888,msaa_flexible_outputs_npz/spatialAA_across_acrossCond_K100.npz,spatialAA_across_acrossCond_K100.npz
spatial,across,intact,100,71,0.0031666666666666,0.0005961653339578,0.0037704806346836,40,0.5093799999999999,0.3310622222222222,msaa_flexible_outputs_npz/spatialAA_across_acrossCond_K100.npz,spatialAA_across_acrossCond_K100.npz
spatial,across,intact,100,72,0.0036666666666666,0.0005822639771026,0.0036825607342247,40,0.4961861111111111,0.3346552777777778,msaa_flexible_outputs_npz/spatialAA_across_acrossCond_K100.npz,spatialAA_across_acrossCond_K100.npz
spatial,across,intact,100,73,0.0050833333333333,0.0004919219241781,0.0031111874227515,40,0.543775,0.3541669444444443,msaa_flexible_outputs_npz/spatialAA_across_acrossCond_K100.npz,spatialAA_across_acrossCond_K100.npz
spatial,across,intact,100,74,0.0064166666666666,0.0006013695196343,0.003803394794892,40,0.5752558333333335,0.3275944444444444,msaa_flexible_outputs_npz/spatialAA_across_acrossCond_K100.npz,spatialAA_across_acrossCond_K100.npz
spatial,across,intact,100,75,0.0031666666666666,0.0005056659032384,0.0031981119786399,40,0.5277811111111111,0.330406111111111,msaa_flexible_outputs_npz/spatialAA_across_acrossCond_K100.npz,spatialAA_across_acrossCond_K100.npz
spatial,across,intact,100,76,0.0063333333333333,0.0005310850045437,0.0033588764910385,40,0.5276602777777778,0.3421413888888889,msaa_flexible_outputs_npz/spatialAA_across_acrossCond_K100.npz,spatialAA_across_acrossCond_K100.npz
spatial,across,intact,100,77,0.00425,0.0004772233913401,0.0030182257386893,40,0.5230352777777778,0.3381963888888888,msaa_flexible_outputs_npz/spatialAA_across_acrossCond_K100.npz,spatialAA_across_acrossCond_K100.npz
spatial,across,intact,100,78,0.0058333333333333,0.0006172958213483,0.0039041215711303,40,0.5670369444444445,0.3399869444444444,msaa_flexible_outputs_npz/spatialAA_across_acrossCond_K100.npz,spatialAA_across_acrossCond_K100.npz
spatial,across,intact,100,79,0.0038333333333333,0.0005667672107885,0.0035845505783853,40,0.5032247222222223,0.3371502777777778,msaa_flexible_outputs_npz/spatialAA_across_acrossCond_K100.npz,spatialAA_across_acrossCond_K100.npz
spatial,across,intact,100,80,0.00425,0.0005722388181146,0.0036191560616103,40,0.5256297222222223,0.3315394444444444,msaa_flexible_outputs_npz/spatialAA_across_acrossCond_K100.npz,spatialAA_across_acrossCond_K100.npz
spatial,across,intact,100,81,0.003,0.0004099892292379,0.0025929995610579,40,0.5152183333333334,0.3374377777777777,msaa_flexible_outputs_npz/spatialAA_across_acrossCond_K100.npz,spatialAA_across_acrossCond_K100.npz
spatial,across,intact,100,82,0.0050833333333333,0.0004919219241781,0.0031111874227515,40,0.5028872222222223,0.3571322222222222,msaa_flexible_outputs_npz/spatialAA_across_acrossCond_K100.npz,spatialAA_across_acrossCond_K100.npz
spatial,across,intact,100,83,0.0065,0.0008602490860375,0.0054406929339138,40,0.5557094444444445,0.321028611111111,msaa_flexible_outputs_npz/spatialAA_across_acrossCond_K100.npz,spatialAA_across_acrossCond_K100.npz
spatial,across,intact,100,84,0.0028333333333333,0.0004393403498655,0.0027786323471804,40,0.5174111111111112,0.3376225,msaa_flexible_outputs_npz/spatialAA_across_acrossCond_K100.npz,spatialAA_across_acrossCond_K100.npz
spatial,across,intact,100,85,0.0059166666666666,0.0005402265537205,0.0034166927245201,40,0.5724188888888888,0.335538611111111,msaa_flexible_outputs_npz/spatialAA_across_acrossCond_K100.npz,spatialAA_across_acrossCond_K100.npz
spatial,across,intact,100,86,0.0031666666666666,0.0005056659032384,0.0031981119786399,40,0.5188063888888889,0.33344,msaa_flexible_outputs_npz/spatialAA_across_acrossCond_K100.npz,spatialAA_across_acrossCond_K100.npz
spatial,across,intact,100,87,0.0049166666666666,0.0005966131857806,0.0037733130983118,40,0.5330294444444444,0.3237755555555555,msaa_flexible_outputs_npz/spatialAA_across_acrossCond_K100.npz,spatialAA_across_acrossCond_K100.npz
spatial,across,intact,100,88,0.0051666666666666,0.0006531754562429,0.0041310443068946,40,0.5557802777777778,0.3184288888888888,msaa_flexible_outputs_npz/spatialAA_across_acrossCond_K100.npz,spatialAA_across_acrossCond_K100.npz
spatial,across,intact,100,89,0.005,0.000620173672946,0.0039223227027636,40,0.5411447222222223,0.3384466666666665,msaa_flexible_outputs_npz/spatialAA_across_acrossCond_K100.npz,spatialAA_across_acrossCond_K100.npz
spatial,across,intact,100,90,0.0036666666666666,0.0005175000172041,0.0032729574870827,40,0.5061936111111112,0.3365380555555555,msaa_flexible_outputs_npz/spatialAA_across_acrossCond_K100.npz,spatialAA_across_acrossCond_K100.npz
spatial,across,intact,100,91,0.0050833333333333,0.0005467789649092,0.003458133811565,40,0.5370452777777779,0.3235869444444444,msaa_flexible_outputs_npz/spatialAA_across_acrossCond_K100.npz,spatialAA_across_acrossCond_K100.npz
spatial,across,intact,100,92,0.0030833333333333,0.0004976798018658,0.0031476034387145,40,0.5151205555555556,0.3280883333333333,msaa_flexible_outputs_npz/spatialAA_across_acrossCond_K100.npz,spatialAA_across_acrossCond_K100.npz
spatial,across,intact,100,93,0.0038333333333333,0.0004552636129375,0.0028793399053599,40,0.5133830555555555,0.3357811111111111,msaa_flexible_outputs_npz/spatialAA_across_acrossCond_K100.npz,spatialAA_across_acrossCond_K100.npz
spatial,across,intact,100,94,0.0043333333333333,0.0006338054920158,0.0040085378965872,40,0.5175702777777778,0.3281488888888887,msaa_flexible_outputs_npz/spatialAA_across_acrossCond_K100.npz,spatialAA_across_acrossCond_K100.npz
spatial,across,intact,100,95,0.0034166666666666,0.0004697016692749,0.0029706541913838,40,0.5098472222222222,0.3236508333333333,msaa_flexible_outputs_npz/spatialAA_across_acrossCond_K100.npz,spatialAA_across_acrossCond_K100.npz
spatial,across,intact,100,96,0.004,0.0007181013268818,0.0045416715674716,40,0.5256911111111112,0.3348780555555555,msaa_flexible_outputs_npz/spatialAA_across_acrossCond_K100.npz,spatialAA_across_acrossCond_K100.npz
spatial,across,intact,100,97,0.0048333333333333,0.0006746319034319,0.0042667467941194,40,0.5335594444444445,0.3369744444444444,msaa_flexible_outputs_npz/spatialAA_across_acrossCond_K100.npz,spatialAA_across_acrossCond_K100.npz
spatial,across,intact,100,98,0.0033333333333333,0.0005063696835418,0.0032025630761017,40,0.505946111111111,0.3379002777777777,msaa_flexible_outputs_npz/spatialAA_across_acrossCond_K100.npz,spatialAA_across_acrossCond_K100.npz
spatial,across,intact,100,99,0.0039166666666666,0.0005954181656808,0.0037657551275822,40,0.5149130555555554,0.3265547222222221,msaa_flexible_outputs_npz/spatialAA_across_acrossCond_K100.npz,spatialAA_across_acrossCond_K100.npz
spatial,across,intact,300,0,0.006500000000000001,0.0006421784505829843,0.00406149313624023,40,0.5640963888888889,0.32161083333333335,,
spatial,across,intact,300,1,0.005166666666666667,0.0006079951641733013,0.003845299050311274,40,0.5812522222222223,0.3158794444444443,,
spatial,across,intact,300,2,0.007083333333333333,0.0007471455652859727,0.004725363459995414,40,0.6342163888888889,0.3410047222222222,,
spatial,across,intact,300,3,0.005416666666666667,0.0006718548123582125,0.004249182927993988,40,0.5995122222222222,0.34113388888888885,,
spatial,across,intact,300,4,0.006,0.0006109168300344762,0.0038637772876778144,40,0.5491205555555557,0.3522130555555555,,
spatial,across,intact,300,5,0.006166666666666666,0.0005913671446023187,0.003740134220666952,40,0.5960016666666667,0.3391397222222222,,
spatial,across,intact,300,6,0.004916666666666666,0.0005200742331410084,0.0032892382581820243,40,0.558215,0.3395097222222222,,
spatial,across,intact,300,7,0.0036666666666666666,0.0005035486605694166,0.0031847213602527527,40,0.5323255555555556,0.3408452777777778,,
spatial,across,intact,300,8,0.008583333333333333,0.0007537890989514279,0.004767380856185105,40,0.6694855555555556,0.30236305555555554,,
spatial,across,intact,300,9,0.00625,0.0005621932528599516,0.003555622328432836,40,0.5505166666666665,0.36381138888888886,,
spatial,across,intact,300,10,0.00625,0.0006978548735241622,0.004413621753170176,40,0.6415522222222223,0.32431583333333336,,
spatial,across,intact,300,11,0.005750000000000001,0.0006643924886069821,0.004201987048611068,40,0.5927941666666667,0.34664833333333334,,
spatial,across,intact,300,12,0.008083333333333335,0.0006302839318575675,0.00398626559455255,40,0.6481533333333334,0.33668166666666666,,
spatial,across,intact,300,13,0.004583333333333333,0.000568492533533872,0.0035954624775333737,40,0.5269158333333334,0.3330397222222222,,
spatial,across,intact,300,14,0.009833333333333333,0.0007352538953302393,0.0046501539355091916,40,0.6423311111111112,0.3109694444444444,,
spatial,across,intact,300,15,0.00525,0.0006844581111966647,0.004328893188716515,40,0.5838725000000001,0.3188547222222222,,
spatial,across,intact,300,16,0.004916666666666666,0.0005596536881967729,0.0035395607112309897,40,0.5485525,0.3339083333333333,,
spatial,across,intact,300,17,0.007916666666666667,0.0006718548123582125,0.004249182927993988,40,0.6431536111111112,0.3164072222222222,,
spatial,across,intact,300,18,0.005166666666666667,0.0006954266558151432,0.004398264355939664,40,0.5476486111111111,0.33147000000000004,,
spatial,across,intact,300,19,0.006333333333333334,0.0006515377383555189,0.004120686469516576,40,0.5484711111111111,0.3441505555555555,,
spatial,across,intact,300,20,0.00825,0.0006535842445105027,0.004133629710907181,40,0.6021991666666667,0.3521866666666666,,
spatial,across,intact,300,21,0.00425,0.000596613185780614,0.0037733130983118456,40,0.5534702777777778,0.3207258333333333,,
spatial,across,intact,300,22,0.006583333333333334,0.0007109992566943675,0.004496754131681843,40,0.6120605555555556,0.34733472222222217,,
spatial,across,intact,300,23,0.005333333333333334,0.0007240279857964913,0.004579155049641907,40,0.5691411111111111,0.3158302777777777,,
spatial,across,intact,300,24,0.009416666666666667,0.0006947862406725683,0.004394214014942468,40,0.6372369444444446,0.31364833333333325,,
spatial,across,intact,300,25,0.01225,0.0008040805830546985,0.005085452129538076,40,0.6682975000000001,0.3824388888888888,,
spatial,across,intact,300,26,0.009583333333333333,0.0007933798377521115,0.0050177746739030315,40,0.678523611111111,0.3634002777777777,,
spatial,across,intact,300,27,0.008416666666666666,0.0006425942346670646,0.004064122785681311,40,0.6731772222222222,0.35202111111111106,,
spatial,across,intact,300,28,0.009916666666666667,0.0007594373010624473,0.00480310322289669,40,0.6843344444444446,0.3537269444444444,,
spatial,across,intact,300,29,0.008083333333333335,0.0006844581111966647,0.004328893188716515,40,0.6521294444444445,0.3695605555555555,,
spatial,across,intact,300,30,0.009833333333333335,0.0007543794264747143,0.004771114415263247,40,0.6866258333333334,0.3529483333333333,,
spatial,across,intact,300,31,0.009666666666666667,0.0008672581807839878,0.005485022341382949,40,0.6340044444444445,0.3452097222222222,,
spatial,across,intact,300,32,0.008916666666666666,0.000855579142754,0.005411157619273974,40,0.6543055555555557,0.33020250000000007,,
spatial,across,intact,300,33,0.009166666666666667,0.0006509909168253992,0.004117228066498983,40,0.6170841666666668,0.38126083333333327,,
spatial,across,intact,300,34,0.010666666666666666,0.0007753319296531009,0.004903629680714485,40,0.6298952777777778,0.31369250000000004,,
spatial,across,intact,300,35,0.007250000000000001,0.0006947862406725684,0.004394214014942469,40,0.657291111111111,0.3229530555555556,,
spatial,across,intact,300,36,0.007916666666666667,0.0007613107230914439,0.0048149517841574166,40,0.5575122222222223,0.38320388888888884,,
spatial,across,intact,300,37,0.006500000000000001,0.0005056659032384976,0.003198111978639933,40,0.5858222222222225,0.3691436111111111,,
spatial,across,intact,300,38,0.007833333333333335,0.0005540578101426393,0.003504169270911763,40,0.5660133333333334,0.36996249999999986,,
spatial,across,intact,300,39,0.008499999999999999,0.0006639903545106592,0.00419944372927268,40,0.6469427777777778,0.3575019444444444,,
spatial,across,intact,300,40,0.007333333333333333,0.0007279522854655584,0.004603974499992501,40,0.5921380555555557,0.34458055555555556,,
spatial,across,intact,300,41,0.0061666666666666675,0.0006596856715021065,0.004172218523448575,40,0.6497022222222223,0.3065297222222222,,
spatial,across,intact,300,42,0.006,0.0005623515948579822,0.0035566237711589133,40,0.607945,0.3533469444444444,,
spatial,across,intact,300,43,0.0095,0.0007410433854676115,0.004686769886159546,40,0.6617536111111111,0.30203333333333315,,
spatial,across,intact,300,44,0.007666666666666666,0.000622466374565235,0.003936823020987291,40,0.654906388888889,0.3458494444444445,,
spatial,across,intact,300,45,0.008833333333333334,0.0006596856715021064,0.0041722185234485745,40,0.6763725,0.3055547222222222,,
spatial,across,intact,300,46,0.006083333333333334,0.0006947862406725684,0.004394214014942469,40,0.5761008333333335,0.3694852777777778,,
spatial,across,intact,300,47,0.007833333333333335,0.0005791977947731547,0.0036631684944598737,40,0.6402961111111113,0.3505438888888888,,
spatial,across,intact,300,48,0.008833333333333335,0.0007410433854676115,0.004686769886159546,40,0.6354463888888888,0.3331766666666667,,
spatial,across,intact,300,49,0.008916666666666666,0.0007490497303754262,0.004737406457442716,40,0.618722777777778,0.3412222222222222,,
spatial,across,intact,300,50,0.010916666666666668,0.0007641122439586486,0.00483267015786313,40,0.6558000000000002,0.3278052777777778,,
spatial,across,intact,300,51,0.003333333333333333,0.00047740991602628855,0.0030194054243855885,40,0.5829147222222222,0.3367822222222222,,
spatial,across,intact,300,52,0.007916666666666666,0.0007129999620399329,0.004509407703319565,40,0.5915563888888891,0.3588016666666666,,
spatial,across,intact,300,53,0.008083333333333335,0.0005709927876363795,0.003611275472919581,40,0.6024736111111112,0.3415408333333333,,
spatial,across,intact,300,54,0.005583333333333333,0.0005519648921491675,0.003490932495281123,40,0.57768,0.3480863888888888,,
spatial,across,intact,300,55,0.008166666666666666,0.0006079951641733013,0.003845299050311274,40,0.6209197222222222,0.339048611111111,,
spatial,across,intact,300,56,0.0045,0.000566767210788584,0.0035845505783853645,40,0.5943755555555557,0.3453516666666666,,
spatial,across,intact,300,57,0.007166666666666666,0.000680937011532795,0.004306623799103951,40,0.5940441666666667,0.35827361111111106,,
spatial,across,intact,300,58,0.0075,0.0005566229063100617,0.0035203923635246104,40,0.5780622222222223,0.3696913888888889,,
spatial,across,intact,300,59,0.006666666666666666,0.0005202453946507077,0.0032903207786188302,40,0.5548580555555557,0.36942666666666657,,
spatial,across,intact,300,60,0.006500000000000001,0.000715617399249251,0.0045259618297474056,40,0.6219508333333333,0.32674972222222226,,
spatial,across,intact,300,61,0.006166666666666666,0.0006377265532304238,0.0040333368651535,40,0.5920338888888889,0.3703577777777777,,
spatial,across,intact,300,62,0.007583333333333333,0.0006314129680188206,0.003993406246213056,40,0.6072127777777778,0.33648555555555554,,
spatial,across,intact,300,63,0.007833333333333335,0.0007505933075842825,0.004747168896891339,40,0.5948330555555555,0.3435158333333333,,
spatial,across,intact,300,64,0.007083333333333333,0.0005621932528599516,0.003555622328432836,40,0.5900783333333334,0.3309802777777777,,
spatial,across,intact,300,65,0.0075,0.0007136240321480627,0.0045133546692422005,40,0.5934975,0.35304499999999994,,
spatial,across,intact,300,66,0.005916666666666667,0.0006370281338409186,0.004028919673087779,40,0.5772541666666666,0.33078305555555554,,
spatial,across,intact,300,67,0.006916666666666668,0.0006246081392643932,0.003950368730310261,40,0.5798047222222222,0.34638833333333335,,
spatial,across,intact,300,68,0.007416666666666666,0.0005268773245260372,0.0033322647859959456,40,0.5609672222222223,0.3676158333333333,,
spatial,across,intact,300,69,0.0058333333333333345,0.0005566229063100618,0.003520392363524611,40,0.6091450000000002,0.355268611111111,,
spatial,across,intact,300,70,0.007833333333333335,0.0006703955544528912,0.004239953770645144,40,0.5916836111111111,0.3489930555555555,,
spatial,across,intact,300,71,0.007000000000000001,0.0005699002761767403,0.003604365823754991,40,0.6300319444444445,0.3403502777777777,,
spatial,across,intact,300,72,0.005416666666666667,0.0005808861979155425,0.0036738468935369364,40,0.5729872222222223,0.34047111111111106,,
spatial,across,intact,300,73,0.008666666666666666,0.0007988595860203708,0.0050524316449671565,40,0.6508516666666668,0.3360305555555555,,
spatial,across,intact,300,74,0.006,0.00048038446141526135,0.003038218101251,40,0.6127011111111111,0.3266961111111111,,
spatial,across,intact,300,75,0.005833333333333334,0.0007235359517703826,0.0045760431532242945,40,0.6074391666666666,0.3285036111111111,,
spatial,across,intact,300,76,0.004083333333333333,0.0005532537786493135,0.0034990841292529317,40,0.5697433333333334,0.3507969444444445,,
spatial,across,intact,300,77,0.008333333333333335,0.0007259927871993819,0.0045915815448079635,40,0.603401388888889,0.2996213888888889,,
spatial,across,intact,300,78,0.007583333333333333,0.0006425942346670646,0.004064122785681311,40,0.5586752777777778,0.35988999999999993,,
spatial,across,intact,300,79,0.006166666666666667,0.0006032910690206792,0.0038155477402863876,40,0.5988602777777778,0.3365461111111111,,
spatial,across,intact,300,80,0.0045,0.0005277215444626347,0.0033376041016874875,40,0.5557783333333334,0.3166966666666666,,
spatial,across,intact,300,81,0.006166666666666667,0.0007505933075842825,0.004747168896891339,40,0.6000822222222223,0.3372197222222222,,
spatial,across,intact,300,82,0.006916666666666668,0.0007297845367541505,0.0046155626746279595,40,0.5806516666666667,0.31341027777777775,,
spatial,across,intact,300,83,0.006750000000000001,0.0005268773245260372,0.0033322647859959456,40,0.5460513888888889,0.3676580555555555,,
spatial,across,intact,300,84,0.006666666666666666,0.0005202453946507077,0.0032903207786188302,40,0.5956594444444445,0.31413138888888886,,
spatial,across,intact,300,85,0.005666666666666667,0.0006979824404521127,0.0044144285572630445,40,0.5868569444444443,0.3357241666666666,,
spatial,across,intact,300,86,0.007916666666666666,0.000568492533533872,0.0035954624775333737,40,0.6019225,0.357733611111111,,
spatial,across,intact,300,87,0.009166666666666667,0.0007803680919760616,0.004935481167928245,40,0.5994680555555556,0.34928388888888884,,
spatial,across,intact,300,88,0.005,0.0007548513560963971,0.004774099160262886,40,0.5717919444444445,0.3307244444444445,,
spatial,across,intact,300,89,0.008083333333333335,0.0007537890989514279,0.004767380856185105,40,0.5684450000000001,0.3619566666666666,,
spatial,across,intact,300,90,0.007166666666666666,0.0006913177474361756,0.004372277337590688,40,0.5254366666666668,0.36071138888888876,,
spatial,across,intact,300,91,0.007583333333333333,0.0005722388181146617,0.003619156061610303,40,0.5274502777777779,0.36482583333333324,,
spatial,across,intact,300,92,0.006416666666666668,0.0006686668711812965,0.004229020617662603,40,0.584781388888889,0.3420922222222222,,
spatial,across,intact,300,93,0.005083333333333334,0.0006535842445105027,0.004133629710907181,40,0.5764233333333333,0.3486861111111111,,
spatial,across,intact,300,94,0.006750000000000001,0.0007009100718172972,0.004432944523789707,40,0.6135680555555556,0.318965,,
spatial,across,intact,300,95,0.006,0.0004653216269680751,0.002942952371508696,40,0.5748438888888889,0.3513899999999999,,
spatial,across,intact,300,96,0.0065833333333333325,0.0005131809630673188,0.003245641390262953,40,0.5893708333333334,0.3615216666666665,,
spatial,across,intact,300,97,0.006416666666666666,0.0006579288490181673,0.00416110740246089,40,0.5354305555555555,0.3533891666666667,,
spatial,across,intact,300,98,0.008166666666666666,0.0006531754562429428,0.004131044306894694,40,0.6012241666666667,0.3151438888888889,,
spatial,across,intact,300,99,0.0072499999999999995,0.0007248882417055494,0.004584595785728391,40,0.6144108333333335,0.31948999999999994,,
spatial,across,intact,300,100,0.008749999999999999,0.0008242021091996287,0.00521271183477129,40,0.6395111111111111,0.3036419444444444,,
spatial,across,intact,300,101,0.007833333333333335,0.00072156446049904,0.004563574347615127,40,0.5714347222222222,0.3269833333333333,,
spatial,across,intact,300,102,0.007333333333333333,0.0006877023141843227,0.004349411329982359,40,0.5604366666666668,0.3903144444444443,,
spatial,across,intact,300,103,0.006416666666666668,0.0006013695196343919,0.003803394794892054,40,0.5555372222222222,0.3335236111111112,,
spatial,across,intact,300,104,0.007166666666666666,0.0005791977947731548,0.003663168494459874,40,0.5538725000000001,0.3663275,,
spatial,across,intact,300,105,0.008833333333333334,0.0007966275068156915,0.005038314736557789,40,0.6241008333333335,0.3509480555555554,,
spatial,across,intact,300,106,0.007333333333333333,0.0006338054920158089,0.0040085378965872415,40,0.5611216666666666,0.35474111111111106,,
spatial,across,intact,300,107,0.005,0.0006201736729460423,0.003922322702763681,40,0.531945,0.33798277777777774,,
spatial,across,intact,300,108,0.0055,0.000566767210788584,0.0035845505783853645,40,0.5429361111111113,0.3660738888888888,,
spatial,across,intact,300,109,0.007916666666666666,0.0006823737268783896,0.004315710384786742,40,0.6135355555555556,0.3494594444444444,,
spatial,across,intact,300,110,0.004583333333333333,0.0006049122278635169,0.0038258008490709675,40,0.5474577777777778,0.35238583333333334,,
spatial,across,intact,300,111,0.006,0.0006666666666666665,0.004216370213557839,40,0.5580863888888891,0.3341975,,
spatial,across,intact,300,112,0.004666666666666667,0.0006623793767520533,0.004189255011318545,40,0.5885177777777779,0.3263674999999999,,
spatial,across,intact,300,113,0.00475,0.0007631795463342947,0.0048267712601407576,40,0.6089555555555556,0.32034472222222216,,
spatial,across,intact,300,114,0.00425,0.0006750276980705259,0.00426925001920662,40,0.5669905555555556,0.3453102777777778,,
spatial,across,intact,300,115,0.006833333333333333,0.0006851081807811226,0.004333004589765487,40,0.5851202777777778,0.33239722222222223,,
spatial,across,intact,300,116,0.004416666666666668,0.0004681828240069863,0.002961048170463674,40,0.6006455555555557,0.33625138888888884,,
spatial,across,intact,300,117,0.0069166666666666664,0.0007199586487017542,0.004553418302069143,40,0.5763847222222223,0.3292958333333333,,
spatial,across,intact,300,118,0.006583333333333334,0.0006257474163429115,0.003957574151218542,40,0.5781269444444443,0.3412094444444444,,
spatial,across,intact,300,119,0.00875,0.0006927329336612468,0.0043812277611597296,40,0.5777269444444444,0.3252686111111111,,
spatial,across,intact,300,120,0.005083333333333334,0.000791582316693952,0.005006406152531231,40,0.5560627777777778,0.3200044444444444,,
spatial,across,intact,300,121,0.005583333333333333,0.0006896415105730028,0.004361675884819564,40,0.5980486111111112,0.33190638888888885,,
spatial,across,intact,300,122,0.009666666666666667,0.0008422598823413764,0.005326919219968365,40,0.5735869444444445,0.3330099999999999,,
spatial,across,intact,300,123,0.0041666666666666675,0.0004736654667156709,0.0029957234475763905,40,0.5665572222222222,0.3425847222222222,,
spatial,across,intact,300,124,0.005416666666666667,0.0006503067433133847,0.004112900973273538,40,0.612423888888889,0.3524252777777777,,
spatial,across,intact,300,125,0.007083333333333333,0.0006978548735241622,0.004413621753170176,40,0.5844805555555554,0.32943749999999994,,
spatial,across,intact,300,126,0.00525,0.00046051346296568745,0.0029125428722863436,40,0.5725333333333336,0.33265333333333336,,
spatial,across,intact,300,127,0.0068333333333333345,0.0006079951641733013,0.003845299050311274,40,0.6248013888888888,0.3139416666666667,,
spatial,across,intact,300,128,0.004583333333333333,0.0005428570089754135,0.0034333291842975513,40,0.5499550000000001,0.33998277777777774,,
spatial,across,intact,300,129,0.00475,0.0005833333333333334,0.0036893239368631097,40,0.5665877777777778,0.31102972222222225,,
spatial,across,intact,300,130,0.005666666666666666,0.000622466374565235,0.003936823020987291,40,0.5651036111111111,0.32232638888888887,,
spatial,across,intact,300,131,0.006083333333333334,0.0007346481996220893,0.0046463231794957064,40,0.5659655555555556,0.3479708333333333,,
spatial,across,intact,300,132,0.007833333333333335,0.0005791977947731547,0.0036631684944598737,40,0.5732025000000001,0.3677552777777776,,
spatial,across,intact,300,133,0.006416666666666666,0.0006686668711812965,0.004229020617662603,40,0.5471588888888889,0.31875166666666666,,
spatial,across,intact,300,134,0.005,0.0006085806194501846,0.0038490017945975053,40,0.5596175000000001,0.329003888888889,,
spatial,across,intact,300,135,0.005166666666666667,0.00051956041029222,0.0032859885571500094,40,0.6090752777777779,0.33548416666666664,,
spatial,across,intact,300,136,0.006666666666666668,0.000642732769590452,0.004064998957468074,40,0.5624808333333334,0.3407730555555555,,
spatial,across,intact,300,137,0.006166666666666667,0.0007313687749010652,0.004625582276428709,40,0.5645975,0.3369847222222222,,
spatial,across,intact,300,138,0.004,0.00048038446141526135,0.003038218101251,40,0.5738691666666667,0.3408616666666666,,
spatial,across,intact,300,139,0.005,0.0006085806194501846,0.0038490017945975053,40,0.5537,0.33671638888888894,,
spatial,across,intact,300,140,0.00525,0.0005954181656808869,0.003765755127582207,40,0.566665,0.34283138888888887,,
spatial,across,intact,300,141,0.003833333333333333,0.000470648458522889,0.002976642212359232,40,0.5555844444444445,0.330475,,
spatial,across,intact,300,142,0.007416666666666666,0.0006697312043199764,0.004235752051477452,40,0.5706547222222221,0.3056249999999999,,
spatial,across,intact,300,143,0.004916666666666667,0.0006200300976060129,0.003921414652583029,40,0.5502305555555556,0.3318244444444444,,
spatial,across,intact,300,144,0.0045,0.0007116250813527138,0.004500712194354385,40,0.5439941666666667,0.34595777777777775,,
spatial,across,intact,300,145,0.006500000000000001,0.0008090478382385089,0.005116867809738315,40,0.6151033333333334,0.3264274999999999,,
spatial,across,intact,300,146,0.0075000000000000015,0.0006056476837313231,0.0038304522803925744,40,0.6085977777777779,0.30909250000000005,,
spatial,across,intact,300,147,0.005583333333333333,0.0006470126398497606,0.004092067233686935,40,0.5889458333333334,0.3319794444444444,,
spatial,across,intact,300,148,0.0045,0.0005,0.0031622776601683794,40,0.5395263888888888,0.3408086111111111,,
spatial,across,intact,300,149,0.006416666666666668,0.0006359090673047066,0.004021842074872368,40,0.5451291666666668,0.35187416666666665,,
spatial,across,intact,300,150,0.007166666666666667,0.0007313687749010652,0.004625582276428709,40,0.551138888888889,0.34253277777777774,,
spatial,across,intact,300,151,0.008833333333333334,0.0007116250813527138,0.004500712194354385,40,0.6010361111111111,0.3273,,
spatial,across,intact,300,152,0.004666666666666667,0.0005310850045437943,0.003358876491038526,40,0.5475261111111112,0.35212444444444435,,
spatial,across,intact,300,153,0.007250000000000001,0.0005954181656808868,0.003765755127582206,40,0.5291475,0.3535916666666667,,
spatial,across,intact,300,154,0.007250000000000001,0.0005709927876363795,0.003611275472919581,40,0.6008019444444445,0.322885,,
spatial,across,intact,300,155,0.006333333333333332,0.0005310850045437943,0.003358876491038526,40,0.5600830555555556,0.31612805555555556,,
spatial,across,intact,300,156,0.0065833333333333325,0.0006142595663193327,0.0038849186082326862,40,0.5847441666666666,0.3525083333333333,,
spatial,across,intact,300,157,0.002833333333333333,0.00043934034986550346,0.002778632347180483,40,0.5223977777777778,0.35029750000000004,,
spatial,across,intact,300,158,0.005833333333333334,0.000569275042553311,0.003600411499115478,40,0.604188888888889,0.32738999999999996,,
spatial,across,intact,300,159,0.006166666666666667,0.000680937011532795,0.004306623799103951,40,0.5682938888888888,0.34149666666666667,,
spatial,across,intact,300,160,0.0036666666666666666,0.0004591581544807963,0.0029039711487975277,40,0.5486722222222222,0.3239133333333333,,
spatial,across,intact,300,161,0.005916666666666667,0.0006697312043199763,0.004235752051477451,40,0.5907697222222221,0.35016916666666664,,
spatial,across,intact,300,162,0.003333333333333333,0.0005847053462046862,0.0036980013081681943,40,0.5475130555555555,0.3488119444444444,,
spatial,across,intact,300,163,0.003999999999999999,0.0005495400822454191,0.0034755966509035655,40,0.538171111111111,0.3432513888888889,,
spatial,across,intact,300,164,0.0019166666666666666,0.0003558125406763569,0.0022503560971771923,40,0.5341250000000001,0.33679916666666665,,
spatial,across,intact,300,165,0.0045,0.0006149838438569978,0.0038894993415869257,40,0.5645908333333333,0.3321458333333333,,
spatial,across,intact,300,166,0.005083333333333333,0.000584553059355846,0.003697038161568145,40,0.5552533333333333,0.3379027777777777,,
spatial,across,intact,300,167,0.0032500000000000003,0.00045428476077747075,0.0028731491007230646,40,0.536965,0.35753916666666663,,
spatial,across,intact,300,168,0.005083333333333334,0.0007356170733693438,0.00465245087510864,40,0.5482475,0.32919916666666665,,
spatial,across,intact,300,169,0.005916666666666667,0.0005131809630673188,0.003245641390262953,40,0.5346155555555556,0.31701444444444443,,
spatial,across,intact,300,170,0.0036666666666666666,0.00044337478117411743,0.002804148331177911,40,0.5389752777777778,0.3395827777777778,,
spatial,across,intact,300,171,0.0065833333333333325,0.0006481125346341155,0.004099023579097137,40,0.5647088888888889,0.3120563888888889,,
spatial,across,intact,300,172,0.005,0.0005063696835418333,0.003202563076101743,40,0.5431497222222221,0.33217749999999996,,
spatial,across,intact,300,173,0.003166666666666666,0.00047666337934435156,0.0030146839118420175,40,0.5532802777777779,0.34086611111111104,,
spatial,across,intact,300,174,0.005333333333333333,0.0007141228955659593,0.004516509758525979,40,0.5896116666666666,0.3423188888888889,,
spatial,across,intact,300,175,0.008166666666666666,0.0006531754562429428,0.004131044306894694,40,0.5566661111111111,0.34202833333333327,,
spatial,across,intact,300,176,0.006666666666666666,0.0006315539556208946,0.003994297930101854,40,0.5511625,0.34067638888888885,,
spatial,across,intact,300,177,0.0034166666666666664,0.0005268773245260372,0.0033322647859959456,40,0.5507202777777779,0.3435997222222222,,
spatial,across,intact,300,178,0.003583333333333333,0.0005647213971599238,0.003571611716915804,40,0.5346652777777778,0.3372897222222222,,
spatial,across,intact,300,179,0.00475,0.0005709927876363795,0.003611275472919581,40,0.5383538888888889,0.3264858333333333,,
spatial,across,intact,300,180,0.004416666666666668,0.0005894067228156503,0.003727735424625975,40,0.5442583333333333,0.3311144444444444,,
spatial,across,intact,300,181,0.006333333333333334,0.0006292943635623921,0.0039800070151264615,40,0.5543497222222223,0.32064083333333326,,
spatial,across,intact,300,182,0.005166666666666667,0.0007448780469602423,0.004711022414904454,40,0.579743888888889,0.3246472222222222,,
spatial,across,intact,300,183,0.006083333333333333,0.0005833333333333333,0.0036893239368631092,40,0.5346425,0.34483694444444446,,
spatial,across,intact,300,184,0.006166666666666667,0.0007015448967566097,0.0044369595092371185,40,0.5733105555555555,0.33630861111111104,,
spatial,across,intact,300,185,0.0028333333333333335,0.00043934034986550346,0.002778632347180483,40,0.5422533333333334,0.32721416666666664,,
spatial,across,intact,300,186,0.004833333333333334,0.0006309898162000304,0.003990729999126216,40,0.5797386111111111,0.3362141666666666,,
spatial,across,intact,300,187,0.0055,0.000514047677015483,0.0032511229705750244,40,0.53666,0.3363413888888888,,
spatial,across,intact,300,188,0.004333333333333333,0.0005991446895152781,0.0037893237337253676,40,0.5713813888888888,0.34650611111111107,,
spatial,across,intact,300,189,0.004416666666666668,0.0005647213971599238,0.003571611716915804,40,0.535745,0.3370686111111111,,
spatial,across,intact,300,190,0.004583333333333333,0.0005930209011272614,0.0037505934952953204,40,0.5444983333333333,0.34041194444444445,,
spatial,across,intact,300,191,0.00575,0.000596613185780614,0.0037733130983118456,40,0.5822086111111111,0.3303697222222221,,
spatial,across,intact,300,192,0.007333333333333333,0.0007081133393917258,0.004478501988051368,40,0.5637208333333336,0.34375861111111106,,
spatial,across,intact,300,193,0.004083333333333333,0.0005131809630673188,0.003245641390262953,40,0.5466127777777777,0.33793722222222217,,
spatial,across,intact,300,194,0.006750000000000001,0.0006906735223894966,0.0043682029006442205,40,0.5651322222222224,0.34595499999999996,,
spatial,across,intact,300,195,0.0041666666666666675,0.0005937710859953545,0.0037553380809940543,40,0.5480794444444446,0.31919333333333333,,
spatial,across,intact,300,196,0.003916666666666667,0.00046051346296568745,0.0029125428722863436,40,0.5467497222222222,0.32908222222222216,,
spatial,across,intact,300,197,0.004916666666666666,0.0006084343084444759,0.003848076442547927,40,0.5327086111111111,0.3395797222222222,,
spatial,across,intact,300,198,0.005083333333333334,0.0006854979266251703,0.004335469558917038,40,0.5779650000000001,0.34111888888888886,,
spatial,across,intact,300,199,0.0069166666666666664,0.0006579288490181673,0.00416110740246089,40,0.5739619444444446,0.3551319444444444,,
spatial,across,intact,300,200,0.003833333333333333,0.0005277215444626347,0.0033376041016874875,40,0.5701544444444446,0.35433555555555557,,
spatial,across,intact,300,201,0.005083333333333334,0.0006084343084444759,0.0038480764425479273,40,0.5308880555555555,0.3439355555555556,,
spatial,across,intact,300,202,0.00425,0.0005335936864527374,0.0033747427885527648,40,0.5612630555555557,0.3309822222222222,,
spatial,across,intact,300,203,0.004333333333333333,0.0005229763603684908,0.0033075929223788923,40,0.5327175,0.3277572222222222,,
spatial,across,intact,300,204,0.005083333333333334,0.0005596536881967729,0.0035395607112309897,40,0.5405149999999999,0.33886555555555553,,
spatial,across,intact,300,205,0.003333333333333334,0.0004921028776234113,0.0031123318728261753,40,0.5204852777777778,0.32747055555555554,,
spatial,across,intact,300,206,0.003166666666666667,0.0005717718748968656,0.003616202853397895,40,0.538335,0.3311094444444444,,
spatial,across,intact,300,207,0.0055,0.0006596856715021065,0.004172218523448575,40,0.5290769444444445,0.36282194444444443,,
spatial,across,intact,300,208,0.003583333333333333,0.0005255237517707583,0.003323704040225084,40,0.5510513888888889,0.3298294444444444,,
spatial,across,intact,300,209,0.006333333333333332,0.000683546975149819,0.004323130658383886,40,0.5726144444444445,0.33496388888888884,,
spatial,across,intact,300,210,0.00275,0.0003752966537921413,0.00237358444844567,40,0.5441580555555555,0.33496444444444445,,
spatial,across,intact,300,211,0.006333333333333334,0.0006178724639975321,0.0039077685794651745,40,0.5489811111111111,0.3503447222222221,,
spatial,across,intact,300,212,0.005416666666666667,0.0005428570089754135,0.0034333291842975513,40,0.5474155555555555,0.31077555555555564,,
spatial,across,intact,300,213,0.0038333333333333336,0.0005791977947731548,0.003663168494459874,40,0.5686722222222224,0.3338119444444444,,
spatial,across,intact,300,214,0.006083333333333334,0.0006844581111966647,0.004328893188716515,40,0.5712138888888889,0.32761833333333323,,
spatial,across,intact,300,215,0.006416666666666668,0.0007394798741889357,0.004676881372583591,40,0.5338480555555555,0.36218833333333333,,
spatial,across,intact,300,216,0.004166666666666667,0.0005436764162477949,0.003438511570921614,40,0.5348066666666667,0.3370261111111111,,
spatial,across,intact,300,217,0.006500000000000001,0.0007255020856987775,0.004588478076021619,40,0.5720016666666666,0.33561638888888884,,
spatial,across,intact,300,218,0.0035833333333333333,0.0004976798018658033,0.00314760343871451,40,0.5210730555555556,0.3391080555555555,,
spatial,across,intact,300,219,0.004583333333333333,0.0005428570089754135,0.0034333291842975513,40,0.5377838888888888,0.3242269444444444,,
spatial,across,intact,300,220,0.00475,0.0006947862406725684,0.004394214014942469,40,0.547916111111111,0.32552638888888885,,
spatial,across,intact,300,221,0.004083333333333333,0.0006697312043199763,0.004235752051477451,40,0.5269838888888889,0.32541416666666667,,
spatial,across,intact,300,222,0.0041666666666666675,0.0005304140187994953,0.0033546328045795494,40,0.5640063888888889,0.35796416666666664,,
spatial,across,intact,300,223,0.002916666666666667,0.00046513025470953175,0.002941742027072761,40,0.5243113888888888,0.3298711111111111,,
spatial,across,intact,300,224,0.005083333333333334,0.0005596536881967729,0.0035395607112309897,40,0.5851083333333335,0.3473694444444444,,
spatial,across,intact,300,225,0.004833333333333334,0.0005717718748968656,0.003616202853397895,40,0.5417302777777777,0.32827555555555554,,
spatial,across,intact,300,226,0.005333333333333333,0.0006292943635623921,0.0039800070151264615,40,0.5435369444444446,0.34081666666666666,,
spatial,across,intact,300,227,0.0028333333333333335,0.0005913671446023187,0.003740134220666952,40,0.5344366666666668,0.3245483333333333,,
spatial,across,intact,300,228,0.004583333333333333,0.000568492533533872,0.0035954624775333737,40,0.5572891666666667,0.3396991666666667,,
spatial,across,intact,300,229,0.004333333333333333,0.000599144689515278,0.003789323733725367,40,0.5263841666666667,0.3381722222222222,,
spatial,across,intact,300,230,0.004583333333333333,0.0006049122278635169,0.0038258008490709675,40,0.5594763888888888,0.33316194444444447,,
spatial,across,intact,300,231,0.00475,0.0005954181656808868,0.0037657551275822065,40,0.5496675,0.32920305555555557,,
spatial,across,intact,300,232,0.0036666666666666666,0.0005443310539518173,0.0034426518632954817,40,0.5653391666666667,0.34232722222222217,,
spatial,across,intact,300,233,0.0055,0.0006377265532304238,0.0040333368651535,40,0.5606916666666667,0.34377444444444444,,
spatial,across,intact,300,234,0.00475,0.0006072625513464554,0.0038406655999594984,40,0.5356655555555555,0.3441652777777777,,
spatial,across,intact,300,235,0.004,0.0005091750772173155,0.003220305943597653,40,0.5332041666666667,0.3411169444444444,,
spatial,across,intact,300,236,0.004583333333333333,0.0006611685674953662,0.004181597181192252,40,0.527346388888889,0.3340455555555556,,
spatial,across,intact,300,237,0.0032500000000000003,0.0004217636961434867,0.002667467828369185,40,0.5242780555555555,0.34231138888888885,,
spatial,across,intact,300,238,0.002916666666666667,0.0004948092383294621,0.0031294484008283787,40,0.5519425000000001,0.3358094444444444,,
spatial,across,intact,300,239,0.004916666666666666,0.000584553059355846,0.003697038161568145,40,0.5365130555555555,0.3351533333333333,,
spatial,across,intact,300,240,0.004916666666666666,0.0005335936864527374,0.0033747427885527648,40,0.5356047222222223,0.35747222222222214,,
spatial,across,intact,300,241,0.004583333333333333,0.0005428570089754135,0.0034333291842975513,40,0.5321766666666667,0.3444338888888889,,
spatial,across,intact,300,242,0.004333333333333333,0.0005991446895152781,0.0037893237337253676,40,0.5355602777777777,0.34329,,
spatial,across,intact,300,243,0.0042499999999999994,0.0006200300976060129,0.003921414652583029,40,0.5469130555555555,0.3419147222222222,,
spatial,across,intact,300,244,0.00625,0.000802307036736299,0.005074235237734179,40,0.5520013888888889,0.3403586111111111,,
spatial,across,intact,300,245,0.004666666666666667,0.0005443310539518173,0.0034426518632954817,40,0.5216372222222223,0.32666,,
spatial,across,intact,300,246,0.006500000000000001,0.0005462902602399647,0.0034550429718488217,40,0.5325975000000001,0.35499638888888885,,
spatial,across,intact,300,247,0.0036666666666666666,0.0005822639771026017,0.0036825607342247002,40,0.5421541666666666,0.3352952777777778,,
spatial,across,intact,300,248,0.003333333333333333,0.000559812748506421,0.003540566696958629,40,0.4974430555555555,0.33599527777777777,,
spatial,across,intact,300,249,0.004583333333333333,0.0005558225853982063,0.0035153306896435585,40,0.5333336111111111,0.35078777777777775,,
spatial,across,intact,300,250,0.005333333333333333,0.0005943705521611524,0.003759129437922314,40,0.5462183333333334,0.3190244444444444,,
spatial,across,intact,300,251,0.005833333333333334,0.0004884710724331468,0.0030893623199876614,40,0.5580305555555556,0.33699472222222215,,
spatial,across,intact,300,252,0.0025833333333333333,0.00043832593994609724,0.0027722166555277,40,0.5196994444444444,0.3344469444444444,,
spatial,across,intact,300,253,0.005833333333333334,0.0005304140187994953,0.0033546328045795494,40,0.5750777777777778,0.35134,,
spatial,across,intact,300,254,0.004416666666666668,0.0005894067228156504,0.0037277354246259753,40,0.5262730555555557,0.3254575,,
spatial,across,intact,300,255,0.006750000000000001,0.000680282956044689,0.0043024871889868555,40,0.545256111111111,0.3414127777777778,,
spatial,across,intact,300,256,0.00275,0.0004757285610699276,0.0030087716019509612,40,0.5276608333333332,0.35334861111111104,,
spatial,across,intact,300,257,0.0021666666666666666,0.0004552636129375566,0.0028793399053599583,40,0.52842,0.3281455555555556,,
spatial,across,intact,300,258,0.0038333333333333336,0.0007015448967566097,0.0044369595092371185,40,0.5416627777777778,0.3244244444444444,,
spatial,across,intact,300,259,0.0042499999999999994,0.000596613185780614,0.0037733130983118456,40,0.5200044444444444,0.34089833333333325,,
spatial,across,intact,300,260,0.004833333333333334,0.0004913786640188924,0.0031077515438206545,40,0.5327447222222222,0.3320536111111111,,
spatial,across,intact,300,261,0.006750000000000001,0.000680282956044689,0.0043024871889868555,40,0.5509138888888889,0.32753777777777776,,
spatial,across,intact,300,262,0.004916666666666666,0.0005722388181146617,0.003619156061610303,40,0.5079883333333333,0.3396397222222222,,
spatial,across,intact,300,263,0.005833333333333334,0.000661841512776426,0.004185853260849874,40,0.5609313888888889,0.31608472222222217,,
spatial,across,intact,300,264,0.002916666666666667,0.0005362566783465032,0.0033915850281024955,40,0.5382891666666667,0.3329819444444444,,
spatial,across,intact,300,265,0.00425,0.0006314129680188206,0.003993406246213056,40,0.5476252777777777,0.3473966666666667,,
spatial,across,intact,300,266,0.0032500000000000003,0.0006257474163429115,0.003957574151218542,40,0.5259255555555555,0.33919777777777776,,
spatial,across,intact,300,267,0.003333333333333333,0.0005723943812052383,0.003620139928982457,40,0.5214261111111111,0.3300238888888889,,
spatial,across,intact,300,268,0.003916666666666667,0.0006947862406725684,0.004394214014942469,40,0.549003888888889,0.33335694444444447,,
spatial,across,intact,300,269,0.0042499999999999994,0.0006314129680188206,0.003993406246213056,40,0.5319625,0.33766916666666663,,
spatial,across,intact,300,270,0.004166666666666667,0.0005436764162477949,0.003438511570921614,40,0.5290319444444445,0.3443644444444444,,
spatial,across,intact,300,271,0.0052499999999999995,0.0005583795745617396,0.0035315025090618263,40,0.5053791666666667,0.34821638888888884,,
spatial,across,intact,300,272,0.003166666666666666,0.0005961653339578756,0.003770480634683623,40,0.5106625000000001,0.3448694444444444,,
spatial,across,intact,300,273,0.00225,0.0003656843874505326,0.0023127911382143547,40,0.5341775,0.3422252777777778,,
spatial,across,intact,300,274,0.00475,0.000652493573338361,0.004126731700742675,40,0.5553822222222222,0.3243752777777778,,
spatial,across,intact,300,275,0.0045,0.0005,0.0031622776601683794,40,0.5345116666666667,0.3262761111111111,,
spatial,across,intact,300,276,0.00525,0.0006302839318575675,0.00398626559455255,40,0.5158261111111111,0.3401822222222223,,
spatial,across,intact,300,277,0.004666666666666666,0.0005699002761767401,0.0036043658237549904,40,0.5104188888888889,0.34253611111111104,,
spatial,across,intact,300,278,0.004916666666666667,0.0005335936864527374,0.0033747427885527648,40,0.5731269444444445,0.33277777777777773,,
spatial,across,intact,300,279,0.0027500000000000003,0.0004284654257727467,0.00270985328815138,40,0.5054025,0.336051111111111,,
spatial,across,intact,300,280,0.003,0.0004891995904702285,0.0030939698726150473,40,0.5501086111111112,0.32923638888888884,,
spatial,across,intact,300,281,0.003333333333333333,0.0005337605126836238,0.003375797890278889,40,0.48811027777777777,0.34217777777777775,,
spatial,across,intact,300,282,0.0034166666666666664,0.0004991088925371763,0.003156641801723386,40,0.5264825,0.3268466666666666,,
spatial,across,intact,300,283,0.0045,0.0006149838438569978,0.0038894993415869257,40,0.5259347222222222,0.32621055555555556,,
spatial,across,intact,300,284,0.003333333333333333,0.0005202453946507077,0.0032903207786188307,40,0.5340808333333333,0.3238058333333333,,
spatial,across,intact,300,285,0.00625,0.0006223233281713973,0.00393591831615609,40,0.5749280555555556,0.31775027777777776,,
spatial,across,intact,300,286,0.00525,0.0005583795745617396,0.003531502509061826,40,0.5229327777777778,0.32371694444444443,,
spatial,across,intact,300,287,0.00625,0.0005747227747412379,0.003634865982708401,40,0.5236344444444445,0.3288238888888889,,
spatial,across,intact,300,288,0.0037500000000000007,0.00048019909213905024,0.003037045723008912,40,0.5011641666666667,0.33468722222222225,,
spatial,across,intact,300,289,0.0035833333333333333,0.0005117911677922935,0.0032368515531621127,40,0.5356591666666667,0.33551972222222215,,
spatial,across,intact,300,290,0.0052499999999999995,0.000704963073127192,0.004458577954787534,40,0.506365,0.3376652777777777,,
spatial,across,intact,300,291,0.003166666666666667,0.0005961653339578757,0.0037704806346836235,40,0.5062986111111112,0.3409594444444444,,
spatial,across,intact,300,292,0.005083333333333334,0.000596613185780614,0.0037733130983118456,40,0.5468694444444445,0.3306099999999999,,
spatial,across,intact,300,293,0.005583333333333333,0.0005255237517707583,0.003323704040225084,40,0.55169,0.32748166666666667,,
spatial,across,intact,300,294,0.004333333333333333,0.0005495400822454191,0.0034755966509035655,40,0.5155863888888889,0.3291697222222222,,
spatial,across,intact,300,295,0.0030833333333333333,0.000577196041787598,0.0036505082969650712,40,0.5098702777777777,0.3309308333333333,,
spatial,across,intact,300,296,0.003,0.00040998922923799857,0.002592999561057951,40,0.5264527777777779,0.3322311111111111,,
spatial,across,intact,300,297,0.002833333333333333,0.00043934034986550346,0.002778632347180483,40,0.5211205555555557,0.34600166666666665,,
spatial,across,intact,300,298,0.004583333333333333,0.0005808861979155425,0.0036738468935369364,40,0.5065863888888888,0.34364333333333336,,
spatial,across,intact,300,299,0.004583333333333333,0.0005930209011272614,0.0037505934952953204,40,0.5323402777777778,0.32634166666666664,,
spatial,across,intact,500,0,0.005916666666666667,0.0007009100718172972,0.004432944523789707,40,0.5612008333333333,0.34958583333333326,,
spatial,across,intact,500,1,0.0035000000000000005,0.00047666337934435156,0.0030146839118420175,40,0.5078636111111111,0.3400377777777777,,
spatial,across,intact,500,2,0.007083333333333333,0.0006875728399641817,0.00434859246311452,40,0.6190630555555556,0.3138741666666666,,
spatial,across,intact,500,3,0.0045,0.0005277215444626347,0.0033376041016874875,40,0.5257966666666667,0.33851722222222214,,
spatial,across,intact,500,4,0.005583333333333333,0.0006013695196343919,0.003803394794892054,40,0.6057411111111112,0.3280122222222222,,
spatial,across,intact,500,5,0.005333333333333334,0.0005822639771026016,0.0036825607342247,40,0.546476111111111,0.3388811111111111,,
spatial,across,intact,500,6,0.005083333333333334,0.0005467789649092551,0.0034581338115650556,40,0.5862691666666666,0.3521591666666667,,
spatial,across,intact,500,7,0.0032500000000000003,0.0005784287095915728,0.0036583043726829078,40,0.5462305555555556,0.3245902777777777,,
spatial,across,intact,500,8,0.006166666666666666,0.0005277215444626347,0.0033376041016874875,40,0.5963738888888889,0.3241899999999999,,
spatial,across,intact,500,9,0.008666666666666666,0.0008077262236808041,0.005108509185355948,40,0.6040258333333334,0.342416111111111,,
spatial,across,intact,500,10,0.00525,0.0007816220624016753,0.004943411973255106,40,0.5993127777777779,0.3281599999999999,,
spatial,across,intact,500,11,0.0075000000000000015,0.0005937710859953544,0.003755338080994054,40,0.624326388888889,0.31581111111111104,,
spatial,across,intact,500,12,0.007083333333333333,0.0006107710786713059,0.0038628554751184286,40,0.6576000000000001,0.3390036111111111,,
spatial,across,intact,500,13,0.008166666666666666,0.0007543794264747143,0.004771114415263247,40,0.603575,0.31213472222222227,,
spatial,across,intact,500,14,0.006166666666666667,0.0006913177474361756,0.004372277337590688,40,0.6027422222222221,0.33167694444444445,,
spatial,across,intact,500,15,0.007916666666666666,0.0005930209011272613,0.00375059349529532,40,0.5849108333333334,0.36274916666666657,,
spatial,across,intact,500,16,0.0065833333333333325,0.0007009100718172972,0.004432944523789707,40,0.5897094444444445,0.3136244444444444,,
spatial,across,intact,500,17,0.006500000000000001,0.000715617399249251,0.0045259618297474056,40,0.5773513888888889,0.33582722222222217,,
spatial,across,intact,500,18,0.0065833333333333325,0.0006370281338409186,0.004028919673087779,40,0.6204797222222223,0.32300249999999997,,
spatial,across,intact,500,19,0.007333333333333333,0.0006558958989042623,0.004148249897002013,40,0.6323119444444446,0.33560861111111107,,
spatial,across,intact,500,20,0.006416666666666666,0.0006246081392643932,0.003950368730310261,40,0.5926347222222222,0.33677222222222225,,
spatial,across,intact,500,21,0.004333333333333333,0.0004653216269680752,0.0029429523715086966,40,0.5744219444444444,0.34387361111111103,,
spatial,across,intact,500,22,0.0045,0.0006032910690206792,0.003815547740286387,40,0.5904186111111112,0.33112888888888886,,
spatial,across,intact,500,23,0.007416666666666667,0.0007109992566943674,0.004496754131681842,40,0.6455408333333332,0.33457111111111104,,
spatial,across,intact,500,24,0.006083333333333334,0.000825928640778439,0.005223631379253784,40,0.5875688888888889,0.33853444444444436,,
spatial,across,intact,500,25,0.0035833333333333333,0.0006013695196343919,0.003803394794892054,40,0.5609136111111112,0.3157116666666667,,
spatial,across,intact,500,26,0.006416666666666668,0.0007678317049103449,0.0048561940944139665,40,0.5852977777777777,0.35499333333333327,,
spatial,across,intact,500,27,0.005916666666666667,0.0006142595663193327,0.0038849186082326862,40,0.5541161111111113,0.34899638888888873,,
spatial,across,intact,500,28,0.006833333333333333,0.00061959917196776,0.003918689239544947,40,0.6474297222222223,0.3129488888888889,,
spatial,across,intact,500,29,0.004583333333333333,0.0005930209011272614,0.003750593495295321,40,0.5414825000000001,0.3224463888888888,,
spatial,across,intact,500,30,0.004833333333333334,0.0006079951641733013,0.003845299050311274,40,0.5506311111111112,0.33112166666666665,,
spatial,across,intact,500,31,0.006,0.0006449452813645634,0.0040789921105803375,40,0.5440133333333333,0.3400405555555555,,
spatial,across,intact,500,32,0.005833333333333334,0.0007136240321480627,0.0045133546692422005,40,0.6213733333333333,0.30782472222222224,,
spatial,across,intact,500,33,0.005333333333333334,0.0005943705521611524,0.003759129437922314,40,0.5529561111111111,0.34151472222222223,,
spatial,across,intact,500,34,0.004583333333333333,0.0006503067433133847,0.004112900973273538,40,0.5541816666666668,0.31547611111111107,,
spatial,across,intact,500,35,0.008666666666666666,0.000673046397354189,0.0042567191732199245,40,0.6776311111111111,0.37144055555555544,,
spatial,across,intact,500,36,0.007333333333333333,0.000633805492015809,0.004008537896587242,40,0.6609700000000001,0.3770902777777777,,
spatial,across,intact,500,37,0.009166666666666667,0.0007429631902014406,0.004698911797402892,40,0.674835277777778,0.3543013888888889,,
spatial,across,intact,500,38,0.008333333333333335,0.0006315539556208946,0.003994297930101854,40,0.6765647222222224,0.35368166666666656,,
spatial,across,intact,500,39,0.007083333333333333,0.0005869849078564814,0.0037124185219410922,40,0.635006388888889,0.3710358333333333,,
spatial,across,intact,500,40,0.009,0.000828619144486589,0.00524064761879555,40,0.672896388888889,0.3470824999999999,,
spatial,across,intact,500,41,0.007916666666666666,0.0008826234851420035,0.005582201058809031,40,0.6553150000000001,0.36123722222222215,,
spatial,across,intact,500,42,0.009166666666666667,0.000569275042553311,0.0036004114991154777,40,0.664703888888889,0.3515702777777777,,
spatial,across,intact,500,43,0.0065833333333333325,0.0006257474163429115,0.003957574151218542,40,0.6397619444444445,0.3555988888888889,,
spatial,across,intact,500,44,0.008333333333333335,0.0006856277926728686,0.004336290903919939,40,0.6801905555555555,0.34658999999999995,,
spatial,across,intact,500,45,0.007666666666666666,0.0006979824404521127,0.0044144285572630445,40,0.6181344444444444,0.35630916666666657,,
spatial,across,intact,500,46,0.008583333333333333,0.0007537890989514278,0.0047673808561851045,40,0.6357802777777779,0.34938777777777774,,
spatial,across,intact,500,47,0.008000000000000002,0.0006062354060275327,0.003834169362567947,40,0.5701269444444445,0.3552633333333332,,
spatial,across,intact,500,48,0.009,0.0007081133393917258,0.004478501988051368,40,0.677933888888889,0.3150083333333332,,
spatial,across,intact,500,49,0.0069166666666666664,0.0006686668711812965,0.004229020617662603,40,0.615075,0.34211749999999996,,
spatial,across,intact,500,50,0.010083333333333333,0.0007687587583176067,0.0048620572949731,40,0.674333888888889,0.3133388888888888,,
spatial,across,intact,500,51,0.007333333333333333,0.000677266165321625,0.004283407329168959,40,0.6523966666666667,0.31778500000000004,,
spatial,across,intact,500,52,0.01,0.000843949472569722,0.005337605126836237,40,0.6124291666666668,0.3653163888888888,,
spatial,across,intact,500,53,0.01,0.0008688991627258914,0.005495400822454192,40,0.6361019444444445,0.3476841666666665,,
spatial,across,intact,500,54,0.006750000000000001,0.0005659812345252781,0.003579579628027615,40,0.5889319444444444,0.34123111111111104,,
spatial,across,intact,500,55,0.006750000000000001,0.0005659812345252781,0.0035795796280276146,40,0.5620083333333333,0.366053611111111,,
spatial,across,intact,500,56,0.008416666666666666,0.0006200300976060129,0.003921414652583029,40,0.5763400000000001,0.3679463888888888,,
spatial,across,intact,500,57,0.0095,0.0006487990219938459,0.004103365306380464,40,0.6095811111111112,0.3256497222222222,,
spatial,across,intact,500,58,0.0069166666666666664,0.0006013695196343916,0.003803394794892053,40,0.5684444444444445,0.35272388888888884,,
spatial,across,intact,500,59,0.0069166666666666664,0.0007297845367541505,0.0046155626746279595,40,0.6360266666666667,0.34442555555555554,,
spatial,across,intact,500,60,0.005416666666666667,0.0007029394935724779,0.004445779713948642,40,0.6527908333333333,0.3264394444444444,,
spatial,across,intact,500,61,0.006500000000000001,0.0006079951641733013,0.003845299050311274,40,0.6406088888888888,0.3178158333333333,,
spatial,across,intact,500,62,0.009833333333333335,0.0007055942515803596,0.004462569877831597,40,0.6226177777777778,0.31278111111111107,,
spatial,across,intact,500,63,0.006750000000000001,0.0004846283858428769,0.0030650590360687827,40,0.5554108333333334,0.35566611111111107,,
spatial,across,intact,500,64,0.005833333333333334,0.00044257083711982863,0.0027990637425321053,40,0.5872813888888888,0.3738241666666666,,
spatial,across,intact,500,65,0.00925,0.0008224719532969583,0.005201769368052044,40,0.6501527777777778,0.3639891666666667,,
spatial,across,intact,500,66,0.007750000000000002,0.0005117911677922933,0.003236851553162112,40,0.5760297222222223,0.3680958333333333,,
spatial,across,intact,500,67,0.008,0.0006515377383555186,0.004120686469516575,40,0.6427516666666667,0.3137419444444444,,
spatial,across,intact,500,68,0.00625,0.0006336650053706131,0.004007649381027932,40,0.6482519444444445,0.3460366666666666,,
spatial,across,intact,500,69,0.008333333333333335,0.0006959385636178557,0.004401501945156832,40,0.6194749999999999,0.3379074999999999,,
spatial,across,intact,500,70,0.007000000000000001,0.0006623793767520533,0.004189255011318545,40,0.5927608333333334,0.34106194444444443,,
spatial,across,intact,500,71,0.0069166666666666664,0.0006579288490181673,0.00416110740246089,40,0.638795,0.3208186111111111,,
spatial,across,intact,500,72,0.008833333333333334,0.0008055187141590186,0.005094547669265246,40,0.576666388888889,0.36196666666666666,,
spatial,across,intact,500,73,0.004833333333333334,0.0005056659032384978,0.0031981119786399334,40,0.6007575,0.34927694444444446,,
spatial,across,intact,500,74,0.006333333333333334,0.0006938886664887108,0.004388537257362555,40,0.6424613888888889,0.3466975,,
spatial,across,intact,500,75,0.008583333333333333,0.0007537890989514279,0.004767380856185105,40,0.6533019444444446,0.3354561111111111,,
spatial,across,intact,500,76,0.009833333333333335,0.0007637626158259732,0.004830458915396479,40,0.6510080555555555,0.3201047222222221,,
spatial,across,intact,500,77,0.006999999999999999,0.000771648621745413,0.004880334396090479,40,0.6541369444444445,0.3314277777777777,,
spatial,across,intact,500,78,0.008916666666666666,0.0007584988548577465,0.0047971679679598995,40,0.6199063888888888,0.35134277777777767,,
spatial,across,intact,500,79,0.009083333333333334,0.0006854979266251702,0.004335469558917037,40,0.6520741666666667,0.3342627777777777,,
spatial,across,intact,500,80,0.011333333333333334,0.0008915558282417286,0.00563869415688347,40,0.669363888888889,0.31572333333333324,,
spatial,across,intact,500,81,0.00925,0.0008224719532969583,0.005201769368052044,40,0.6541222222222224,0.3069155555555554,,
spatial,across,intact,500,82,0.007083333333333333,0.000737551002630653,0.004664682117707407,40,0.6370697222222222,0.35075472222222215,,
spatial,across,intact,500,83,0.007916666666666666,0.0005558225853982063,0.0035153306896435585,40,0.5918205555555556,0.3258063888888888,,
spatial,across,intact,500,84,0.007916666666666666,0.0008067335919119075,0.005102231230820839,40,0.6594408333333336,0.34382499999999994,,
spatial,across,intact,500,85,0.008166666666666668,0.000715617399249251,0.0045259618297474056,40,0.6188330555555556,0.32532916666666667,,
spatial,across,intact,500,86,0.007166666666666667,0.0006149838438569978,0.0038894993415869257,40,0.6464544444444446,0.32235583333333323,,
spatial,across,intact,500,87,0.009666666666666667,0.000816496580927726,0.0051639777949432225,40,0.6126077777777779,0.3367702777777777,,
spatial,across,intact,500,88,0.006333333333333334,0.0007337993857053428,0.004640954808922571,40,0.5928583333333334,0.3436288888888888,,
spatial,across,intact,500,89,0.007416666666666667,0.0007779685358258665,0.0049203050423120825,40,0.6290058333333335,0.31169250000000004,,
spatial,across,intact,500,90,0.005833333333333333,0.0006056476837313231,0.0038304522803925744,40,0.5576227777777778,0.3655519444444444,,
spatial,across,intact,500,91,0.007000000000000001,0.0006292943635623921,0.0039800070151264615,40,0.6010338888888889,0.3568727777777777,,
spatial,across,intact,500,92,0.005166666666666667,0.0005961653339578757,0.0037704806346836235,40,0.5589708333333334,0.35227972222222215,,
spatial,across,intact,500,93,0.007083333333333333,0.0005747227747412379,0.003634865982708401,40,0.5373777777777778,0.36074277777777775,,
spatial,across,intact,500,94,0.00775,0.0008387643536927644,0.005304811555656396,40,0.647472777777778,0.33149388888888887,,
spatial,across,intact,500,95,0.006750000000000001,0.0007594373010624473,0.00480310322289669,40,0.603038888888889,0.3265841666666667,,
spatial,across,intact,500,96,0.009416666666666667,0.0006414848782339682,0.0040571065995502215,40,0.6434900000000001,0.34089833333333336,,
spatial,across,intact,500,97,0.007000000000000001,0.000683546975149819,0.004323130658383886,40,0.5950736111111112,0.3226636111111111,,
spatial,across,intact,500,98,0.007000000000000001,0.0006178724639975321,0.0039077685794651745,40,0.546571388888889,0.354713611111111,,
spatial,across,intact,500,99,0.009000000000000001,0.0009856520539774528,0.006233810941983953,40,0.6355086111111111,0.2939844444444444,,
spatial,across,intact,500,100,0.0042499999999999994,0.0005335936864527374,0.0033747427885527648,40,0.5855072222222222,0.32429638888888884,,
spatial,across,intact,500,101,0.007666666666666667,0.0006877023141843227,0.004349411329982359,40,0.5771508333333333,0.3515291666666666,,
spatial,across,intact,500,102,0.007916666666666667,0.0005808861979155425,0.0036738468935369364,40,0.585038888888889,0.3373119444444443,,
spatial,across,intact,500,103,0.007583333333333333,0.0004919219241781967,0.0031111874227515096,40,0.5685522222222223,0.3429108333333333,,
spatial,across,intact,500,104,0.005833333333333334,0.0006509909168253992,0.004117228066498983,40,0.5771469444444445,0.34719222222222224,,
spatial,across,intact,500,105,0.007833333333333335,0.0007693375994193588,0.004865718207542816,40,0.6150116666666666,0.33347277777777773,,
spatial,across,intact,500,106,0.007583333333333333,0.0006535842445105027,0.004133629710907181,40,0.6312911111111112,0.3354130555555555,,
spatial,across,intact,500,107,0.008499999999999999,0.0007255020856987773,0.004588478076021618,40,0.6174025000000001,0.3397141666666666,,
spatial,across,intact,500,108,0.009583333333333333,0.0007752170911825529,0.004902903378454601,40,0.5999222222222225,0.33037833333333316,,
spatial,across,intact,500,109,0.0069166666666666664,0.0007099967898486877,0.0044904139746595375,40,0.5988991666666668,0.33651249999999994,,
spatial,across,intact,500,110,0.0075,0.0006509909168253991,0.004117228066498982,40,0.5591802777777778,0.3359788888888888,,
spatial,across,intact,500,111,0.004416666666666667,0.0006013695196343918,0.0038033947948920535,40,0.5985880555555556,0.3358924999999999,,
spatial,across,intact,500,112,0.004333333333333333,0.0005748776656683841,0.0036358455989457554,40,0.5935533333333334,0.3521288888888889,,
spatial,across,intact,500,113,0.005166666666666667,0.0006639903545106592,0.00419944372927268,40,0.6138888888888889,0.32455861111111106,,
spatial,across,intact,500,114,0.006833333333333333,0.0006851081807811226,0.004333004589765487,40,0.6101763888888889,0.3403738888888888,,
spatial,across,intact,500,115,0.005666666666666667,0.0007376717048657512,0.004665445505670575,40,0.6270880555555556,0.3477233333333333,,
spatial,across,intact,500,116,0.007333333333333333,0.000677266165321625,0.004283407329168959,40,0.5803147222222222,0.36065416666666666,,
spatial,across,intact,500,117,0.004833333333333334,0.000674631903431942,0.004266746794119403,40,0.6151730555555556,0.34315638888888883,,
spatial,across,intact,500,118,0.009916666666666667,0.0009049366035310187,0.005723321610429581,40,0.6426675000000002,0.3119269444444444,,
spatial,across,intact,500,119,0.005583333333333333,0.0007297845367541505,0.0046155626746279595,40,0.5840583333333333,0.3461408333333333,,
spatial,across,intact,500,120,0.0072499999999999995,0.0006414848782339682,0.0040571065995502215,40,0.5614919444444446,0.34269416666666663,,
spatial,across,intact,500,121,0.0069166666666666664,0.0006579288490181673,0.00416110740246089,40,0.5693950000000002,0.35526083333333325,,
spatial,across,intact,500,122,0.005583333333333333,0.0005117911677922933,0.003236851553162112,40,0.5587977777777778,0.3558394444444445,,
spatial,across,intact,500,123,0.009416666666666667,0.0008084974280528609,0.005113386710070307,40,0.6546380555555557,0.3222422222222221,,
spatial,across,intact,500,124,0.007166666666666666,0.0007313687749010652,0.004625582276428709,40,0.5732466666666667,0.35783722222222214,,
spatial,across,intact,500,125,0.00525,0.00041150650886420594,0.0026025956799903193,40,0.562416111111111,0.3448416666666666,,
spatial,across,intact,500,126,0.006666666666666666,0.000642732769590452,0.004064998957468074,40,0.5445919444444446,0.3537472222222222,,
spatial,across,intact,500,127,0.008333333333333333,0.0007060987881136029,0.004465760847047225,40,0.6090972222222223,0.3249519444444444,,
spatial,across,intact,500,128,0.007166666666666666,0.0006149838438569978,0.0038894993415869257,40,0.5473408333333334,0.35479111111111106,,
spatial,across,intact,500,129,0.007083333333333333,0.0005989960736902173,0.0037883838047182935,40,0.5983575,0.3312588888888889,,
spatial,across,intact,500,130,0.00625,0.000574722774741238,0.0036348659827084018,40,0.5800086111111111,0.343875,,
spatial,across,intact,500,131,0.006500000000000001,0.0007730319188612767,0.004889083135224221,40,0.5807713888888889,0.33790138888888893,,
spatial,across,intact,500,132,0.005666666666666667,0.0005991446895152781,0.0037893237337253676,40,0.568471111111111,0.35320833333333324,,
spatial,across,intact,500,133,0.0041666666666666675,0.0005566229063100617,0.0035203923635246104,40,0.5821072222222222,0.3373097222222222,,
spatial,across,intact,500,134,0.0045,0.0006149838438569978,0.0038894993415869257,40,0.5638330555555556,0.34970444444444443,,
spatial,across,intact,500,135,0.008916666666666666,0.000719958648701754,0.004553418302069142,40,0.6129230555555557,0.3168294444444444,,
spatial,across,intact,500,136,0.006083333333333334,0.0005954181656808868,0.0037657551275822065,40,0.5756469444444445,0.3510072222222222,,
spatial,across,intact,500,137,0.007416666666666666,0.0007779685358258666,0.004920305042312083,40,0.5757300000000001,0.35171916666666664,,
spatial,across,intact,500,138,0.006833333333333333,0.0007821913843960196,0.004947012681703421,40,0.5922230555555555,0.33101166666666665,,
spatial,across,intact,500,139,0.007250000000000001,0.0007537890989514279,0.004767380856185105,40,0.5870575,0.33365777777777766,,
spatial,across,intact,500,140,0.0072499999999999995,0.0005954181656808868,0.0037657551275822065,40,0.5796486111111112,0.35085944444444433,,
spatial,across,intact,500,141,0.007916666666666666,0.0007613107230914438,0.004814951784157416,40,0.6104319444444446,0.3268408333333332,,
spatial,across,intact,500,142,0.006416666666666668,0.0006013695196343916,0.003803394794892053,40,0.5799569444444443,0.35662055555555544,,
spatial,across,intact,500,143,0.007583333333333333,0.0006314129680188206,0.003993406246213056,40,0.5810619444444445,0.35097861111111106,,
spatial,across,intact,500,144,0.007416666666666667,0.0007779685358258665,0.0049203050423120825,40,0.5444847222222222,0.3488069444444445,,
spatial,across,intact,500,145,0.006083333333333334,0.00042846542577274665,0.0027098532881513794,40,0.5452199999999999,0.35532805555555547,,
spatial,across,intact,500,146,0.006583333333333334,0.000740442425685472,0.004682969082772107,40,0.5917647222222223,0.3575219444444443,,
spatial,across,intact,500,147,0.008833333333333334,0.000731368774901065,0.0046255822764287085,40,0.6320108333333333,0.3513805555555555,,
spatial,across,intact,500,148,0.009166666666666667,0.0004736654667156709,0.0029957234475763905,40,0.6084725,0.3466205555555555,,
spatial,across,intact,500,149,0.004916666666666666,0.0004919219241781967,0.0031111874227515096,40,0.5639808333333333,0.35176249999999987,,
spatial,across,intact,500,150,0.005083333333333334,0.0005061938301996516,0.0032014508819108484,40,0.5843033333333334,0.3679577777777777,,
spatial,across,intact,500,151,0.00425,0.000584553059355846,0.0036970381615681453,40,0.5729458333333333,0.3222875,,
spatial,across,intact,500,152,0.005583333333333333,0.0006130989425780422,0.0038775781791747974,40,0.5650386111111112,0.3421019444444444,,
spatial,across,intact,500,153,0.006083333333333334,0.0007149950690165274,0.004522025867763026,40,0.5752958333333333,0.3483258333333333,,
spatial,across,intact,500,154,0.006833333333333333,0.0006851081807811226,0.004333004589765487,40,0.6250141666666668,0.329278611111111,,
spatial,across,intact,500,155,0.007583333333333333,0.0006643924886069821,0.004201987048611068,40,0.6209561111111112,0.33279694444444435,,
spatial,across,intact,500,156,0.004833333333333334,0.0006079951641733013,0.003845299050311274,40,0.5696336111111112,0.3448399999999999,,
spatial,across,intact,500,157,0.008,0.0008077262236808041,0.005108509185355948,40,0.6078552777777778,0.3082336111111111,,
spatial,across,intact,500,158,0.005666666666666667,0.0005623515948579823,0.0035566237711589137,40,0.5987436111111112,0.331951111111111,,
spatial,across,intact,500,159,0.006666666666666666,0.0006856277926728686,0.004336290903919939,40,0.5478905555555554,0.33718305555555544,,
spatial,across,intact,500,160,0.010666666666666668,0.0008947456625040439,0.005658868440138189,40,0.6154552777777778,0.33447111111111105,,
spatial,across,intact,500,161,0.005916666666666667,0.000680282956044689,0.0043024871889868555,40,0.604955,0.32013388888888883,,
spatial,across,intact,500,162,0.006166666666666667,0.00048554606965249525,0.0030708629780892916,40,0.5961894444444444,0.3489355555555555,,
spatial,across,intact,500,163,0.0045,0.0006149838438569979,0.0038894993415869265,40,0.5933258333333333,0.3507905555555556,,
spatial,across,intact,500,164,0.005166666666666667,0.0005330928945203023,0.003371575502272101,40,0.5961647222222222,0.3253261111111111,,
spatial,across,intact,500,165,0.006083333333333333,0.0007346481996220893,0.0046463231794957064,40,0.5811861111111112,0.3382813888888888,,
spatial,across,intact,500,166,0.005333333333333333,0.0006405126152203485,0.004050957468334666,40,0.5850688888888889,0.36464166666666664,,
spatial,across,intact,500,167,0.004833333333333334,0.0004913786640188923,0.003107751543820654,40,0.600955,0.35235749999999993,,
spatial,across,intact,500,168,0.00475,0.0006414848782339682,0.0040571065995502215,40,0.5915636111111111,0.3474908333333333,,
spatial,across,intact,500,169,0.004916666666666666,0.0006314129680188206,0.003993406246213056,40,0.5517552777777779,0.3468902777777777,,
spatial,across,intact,500,170,0.005583333333333333,0.0005389065112987853,0.003408344043198855,40,0.5544283333333333,0.3602363888888888,,
spatial,across,intact,500,171,0.006333333333333334,0.0007623624998624875,0.004821603804530527,40,0.6003086111111111,0.3267786111111111,,
spatial,across,intact,500,172,0.007083333333333333,0.0006448072217929582,0.0040781189451822185,40,0.5717099999999999,0.36564388888888893,,
spatial,across,intact,500,173,0.006500000000000001,0.0007055942515803596,0.004462569877831597,40,0.5658016666666666,0.34773805555555554,,
spatial,across,intact,500,174,0.00475,0.0005709927876363795,0.003611275472919581,40,0.5578763888888889,0.3369802777777777,,
spatial,across,intact,500,175,0.006,0.000599144689515278,0.003789323733725367,40,0.5975236111111112,0.31676888888888877,,
spatial,across,intact,500,176,0.004833333333333334,0.0006639903545106592,0.00419944372927268,40,0.5532580555555556,0.31939972222222224,,
spatial,across,intact,500,177,0.0075000000000000015,0.0006509909168253991,0.004117228066498982,40,0.5962880555555556,0.30468749999999994,,
spatial,across,intact,500,178,0.006166666666666666,0.0008733959656539024,0.00552384110133705,40,0.6018358333333336,0.3152244444444444,,
spatial,across,intact,500,179,0.005916666666666667,0.0004991088925371763,0.003156641801723386,40,0.6157202777777778,0.3198249999999999,,
spatial,across,intact,500,180,0.006666666666666668,0.0007826465438086419,0.004949891362588122,40,0.617131388888889,0.3217797222222222,,
spatial,across,intact,500,181,0.005833333333333334,0.0005566229063100618,0.003520392363524611,40,0.5912855555555556,0.32561972222222213,,
spatial,across,intact,500,182,0.008416666666666666,0.0006643924886069821,0.004201987048611068,40,0.5708188888888889,0.3481044444444444,,
spatial,across,intact,500,183,0.007166666666666667,0.0008055187141590188,0.005094547669265247,40,0.5750269444444445,0.3426369444444444,,
spatial,across,intact,500,184,0.005333333333333333,0.0006515377383555189,0.004120686469516576,40,0.5687947222222223,0.3154386111111111,,
spatial,across,intact,500,185,0.006333333333333334,0.0008077262236808042,0.005108509185355949,40,0.5899377777777778,0.3293711111111111,,
spatial,across,intact,500,186,0.006833333333333333,0.0006309898162000304,0.003990729999126216,40,0.5775116666666668,0.3131938888888889,,
spatial,across,intact,500,187,0.007916666666666666,0.0007518969363210644,0.004755413768954297,40,0.5876994444444446,0.31530777777777774,,
spatial,across,intact,500,188,0.006500000000000001,0.0006079951641733012,0.0038452990503112737,40,0.5675566666666667,0.35027888888888886,,
spatial,across,intact,500,189,0.005833333333333334,0.000683025780277887,0.004319834332583677,40,0.5893591666666668,0.31094583333333337,,
spatial,across,intact,500,190,0.004666666666666667,0.0005035486605694166,0.0031847213602527527,40,0.5670258333333333,0.3463097222222221,,
spatial,across,intact,500,191,0.006583333333333334,0.0007009100718172972,0.004432944523789707,40,0.6021466666666667,0.3165433333333333,,
spatial,across,intact,500,192,0.006083333333333333,0.00046051346296568745,0.0029125428722863436,40,0.5316925000000001,0.34186361111111097,,
spatial,across,intact,500,193,0.005916666666666667,0.0005659812345252781,0.0035795796280276146,40,0.5612211111111112,0.34368555555555547,,
spatial,across,intact,500,194,0.008499999999999999,0.000674631903431942,0.004266746794119403,40,0.5936297222222222,0.3529686111111111,,
spatial,across,intact,500,195,0.005916666666666666,0.000740442425685472,0.004682969082772107,40,0.5965525000000002,0.35438277777777777,,
spatial,across,intact,500,196,0.007166666666666667,0.0006913177474361756,0.004372277337590688,40,0.6094947222222222,0.31521555555555547,,
spatial,across,intact,500,197,0.006750000000000001,0.0005784287095915728,0.0036583043726829078,40,0.573642777777778,0.3224233333333333,,
spatial,across,intact,500,198,0.004666666666666666,0.0005943705521611524,0.003759129437922314,40,0.5608641666666666,0.3368766666666666,,
spatial,across,intact,500,199,0.005083333333333334,0.0006200300976060129,0.003921414652583029,40,0.5578827777777777,0.3531219444444444,,
spatial,across,intact,500,200,0.007166666666666666,0.0006703955544528912,0.004239953770645144,40,0.5665263888888888,0.34848944444444435,,
spatial,across,intact,500,201,0.0095,0.000566767210788584,0.0035845505783853645,40,0.5576077777777777,0.36290888888888884,,
spatial,across,intact,500,202,0.006500000000000001,0.000715617399249251,0.0045259618297474056,40,0.5600877777777777,0.35147777777777767,,
spatial,across,intact,500,203,0.00575,0.0007059726877843333,0.004464963318538847,40,0.5309402777777779,0.3510638888888888,,
spatial,across,intact,500,204,0.004,0.0006109168300344762,0.0038637772876778144,40,0.5621644444444446,0.3270033333333333,,
spatial,across,intact,500,205,0.006833333333333333,0.0006421784505829842,0.004061493136240229,40,0.5226591666666668,0.3412902777777777,,
spatial,across,intact,500,206,0.006083333333333334,0.0006302839318575675,0.00398626559455255,40,0.5582244444444445,0.35339055555555554,,
spatial,across,intact,500,207,0.006416666666666668,0.0007490497303754262,0.004737406457442716,40,0.550223888888889,0.32837666666666665,,
spatial,across,intact,500,208,0.005416666666666667,0.0007029394935724779,0.004445779713948642,40,0.5835247222222222,0.3438752777777777,,
spatial,across,intact,500,209,0.005,0.0005967623950328606,0.0037742567804819856,40,0.5992252777777779,0.3320558333333333,,
spatial,across,intact,500,210,0.0055,0.0005410499447694665,0.003421900306759639,40,0.5603352777777777,0.3374877777777778,,
spatial,across,intact,500,211,0.006083333333333334,0.0005583795745617396,0.0035315025090618263,40,0.5814825000000001,0.34760944444444436,,
spatial,across,intact,500,212,0.009083333333333334,0.0006854979266251703,0.004335469558917038,40,0.6075672222222223,0.3198952777777777,,
spatial,across,intact,500,213,0.005833333333333334,0.0004736654667156709,0.0029957234475763905,40,0.578358888888889,0.35520749999999995,,
spatial,across,intact,500,214,0.006500000000000001,0.0007255020856987773,0.004588478076021618,40,0.6197561111111112,0.3351536111111111,,
spatial,across,intact,500,215,0.007166666666666666,0.0007313687749010652,0.004625582276428709,40,0.5325147222222222,0.3456858333333333,,
spatial,across,intact,500,216,0.0041666666666666675,0.0004884710724331468,0.0030893623199876614,40,0.5449991666666667,0.3525402777777777,,
spatial,across,intact,500,217,0.009333333333333334,0.0008786806997310069,0.005557264694360966,40,0.6356061111111111,0.3325247222222222,,
spatial,across,intact,500,218,0.005833333333333334,0.0006933752452815364,0.004385290096535146,40,0.5612202777777778,0.3564997222222222,,
spatial,across,intact,500,219,0.007166666666666667,0.0006703955544528912,0.004239953770645144,40,0.5801375,0.33252444444444446,,
spatial,across,intact,500,220,0.004666666666666666,0.0005310850045437943,0.0033588764910385265,40,0.5815041666666666,0.32409194444444445,,
spatial,across,intact,500,221,0.0042499999999999994,0.0004772233913401199,0.0030182257386893066,40,0.5359463888888889,0.3436769444444444,,
spatial,across,intact,500,222,0.007333333333333333,0.0006772661653216249,0.004283407329168958,40,0.5757375,0.3261719444444445,,
spatial,across,intact,500,223,0.006166666666666667,0.0007410433854676115,0.004686769886159546,40,0.6119894444444445,0.3286463888888888,,
spatial,across,intact,500,224,0.007583333333333333,0.0008005295611953242,0.005062993495344738,40,0.6307369444444445,0.3074680555555555,,
spatial,across,intact,500,225,0.004666666666666666,0.0006938886664887108,0.004388537257362555,40,0.5572197222222223,0.32487,,
spatial,across,intact,500,226,0.006,0.0007181013268818792,0.004541671567471675,40,0.5858552777777778,0.3224727777777778,,
spatial,across,intact,500,227,0.008,0.000673046397354189,0.0042567191732199245,40,0.5807647222222223,0.3311880555555556,,
spatial,across,intact,500,228,0.006333333333333332,0.0006623793767520533,0.004189255011318545,40,0.5536272222222223,0.32084916666666663,,
spatial,across,intact,500,229,0.0035833333333333333,0.0006013695196343919,0.003803394794892054,40,0.5767447222222222,0.34779527777777774,,
spatial,across,intact,500,230,0.005833333333333334,0.0006287281966789348,0.003976426261351493,40,0.5741469444444445,0.3262197222222222,,
spatial,across,intact,500,231,0.005583333333333333,0.0007099967898486877,0.0044904139746595375,40,0.6158005555555557,0.32709416666666663,,
spatial,across,intact,500,232,0.006333333333333334,0.0008995092045759227,0.005688995725492538,40,0.5556944444444445,0.3461236111111111,,
spatial,across,intact,500,233,0.007083333333333333,0.0007079875978761483,0.004477706728880036,40,0.6088280555555555,0.35062083333333327,,
spatial,across,intact,500,234,0.009,0.0008371706521699746,0.005294732102211408,40,0.5575130555555556,0.3449777777777777,,
spatial,across,intact,500,235,0.004833333333333334,0.0005717718748968656,0.003616202853397895,40,0.5487105555555556,0.3387808333333333,,
spatial,across,intact,500,236,0.006666666666666668,0.0007259927871993819,0.0045915815448079635,40,0.538768888888889,0.35642749999999995,,
spatial,across,intact,500,237,0.008416666666666666,0.0006958106219744146,0.004400692771155113,40,0.5897988888888889,0.3573033333333333,,
spatial,across,intact,500,238,0.007166666666666667,0.0007693375994193589,0.004865718207542817,40,0.6075302777777778,0.31655694444444443,,
spatial,across,intact,500,239,0.004083333333333333,0.0005784287095915729,0.003658304372682908,40,0.5590744444444444,0.34603,,
spatial,across,intact,500,240,0.008333333333333335,0.0006751595780557777,0.00427008410146899,40,0.5407266666666667,0.3646772222222222,,
spatial,across,intact,500,241,0.007666666666666666,0.0007934920476158723,0.005018484351393874,40,0.5621600000000001,0.3659633333333333,,
spatial,across,intact,500,242,0.00575,0.0006750276980705259,0.00426925001920662,40,0.5685183333333333,0.3388727777777778,,
spatial,across,intact,500,243,0.003916666666666667,0.0004904718932443306,0.003102016621894074,40,0.5658130555555555,0.3358469444444444,,
spatial,across,intact,500,244,0.007000000000000001,0.0005443310539518173,0.0034426518632954817,40,0.5811633333333334,0.3478119444444444,,
spatial,across,intact,500,245,0.007416666666666667,0.0007594373010624472,0.004803103222896689,40,0.5952561111111111,0.32221638888888876,,
spatial,across,intact,500,246,0.005666666666666667,0.000677266165321625,0.004283407329168959,40,0.6118438888888889,0.3253886111111111,,
spatial,across,intact,500,247,0.005166666666666667,0.0005840959605818989,0.0036941472150854586,40,0.5817500000000001,0.3433988888888889,,
spatial,across,intact,500,248,0.006166666666666666,0.0006703955544528912,0.004239953770645144,40,0.5712688888888889,0.3312027777777776,,
spatial,across,intact,500,249,0.004416666666666667,0.0005647213971599238,0.003571611716915804,40,0.6010786111111112,0.3356002777777778,,
spatial,across,intact,500,250,0.006083333333333334,0.0004904718932443306,0.003102016621894074,40,0.5969380555555557,0.31060972222222216,,
spatial,across,intact,500,251,0.004416666666666667,0.0004681828240069863,0.002961048170463674,40,0.5390055555555555,0.3605272222222221,,
spatial,across,intact,500,252,0.005833333333333334,0.0007333139080566301,0.004637884378676501,40,0.5740055555555555,0.33612388888888883,,
spatial,across,intact,500,253,0.004333333333333333,0.0005364226763936138,0.0033926348919345135,40,0.5725950000000001,0.32769916666666665,,
spatial,across,intact,500,254,0.008,0.0006623793767520533,0.004189255011318545,40,0.5725933333333334,0.3282311111111111,,
spatial,across,intact,500,255,0.004916666666666666,0.0005722388181146617,0.003619156061610303,40,0.541901388888889,0.3427949999999999,,
spatial,across,intact,500,256,0.004583333333333333,0.000568492533533872,0.0035954624775333737,40,0.5585402777777778,0.33072138888888886,,
spatial,across,intact,500,257,0.006416666666666666,0.0006579288490181673,0.00416110740246089,40,0.5773166666666667,0.3301752777777778,,
spatial,across,intact,500,258,0.0036666666666666666,0.0005943705521611524,0.003759129437922314,40,0.5206777777777779,0.34415416666666665,,
spatial,across,intact,500,259,0.003833333333333333,0.00048554606965249525,0.0030708629780892916,40,0.5603622222222222,0.33440361111111105,,
spatial,across,intact,500,260,0.006083333333333333,0.0006188802957865281,0.003914142667368273,40,0.5734905555555555,0.32684333333333326,,
spatial,across,intact,500,261,0.003,0.0004744167209018092,0.0030004747962362566,40,0.5402019444444444,0.34376277777777775,,
spatial,across,intact,500,262,0.004833333333333334,0.0006195991719677601,0.003918689239544948,40,0.5493611111111111,0.34383555555555556,,
spatial,across,intact,500,263,0.005833333333333334,0.0005937710859953544,0.003755338080994054,40,0.5600391666666666,0.3457,,
spatial,across,intact,500,264,0.007000000000000001,0.0007529618628798984,0.004762148955887739,40,0.5828738888888889,0.3316941666666666,,
spatial,across,intact,500,265,0.005,0.0005967623950328607,0.003774256780481986,40,0.5903655555555556,0.3500216666666666,,
spatial,across,intact,500,266,0.004916666666666666,0.0007733773565424163,0.004891267874948317,40,0.5873266666666668,0.3397677777777778,,
spatial,across,intact,500,267,0.006083333333333333,0.0006947862406725684,0.004394214014942469,40,0.5355152777777779,0.34780999999999995,,
spatial,across,intact,500,268,0.0034166666666666664,0.00043832593994609713,0.0027722166555276995,40,0.5583741666666666,0.3410455555555555,,
spatial,across,intact,500,269,0.005166666666666667,0.000674631903431942,0.004266746794119403,40,0.5666802777777777,0.33043611111111115,,
spatial,across,intact,500,270,0.005333333333333333,0.0005943705521611524,0.003759129437922314,40,0.5885941666666668,0.32303194444444444,,
spatial,across,intact,500,271,0.007250000000000001,0.0006302839318575675,0.00398626559455255,40,0.6217811111111111,0.32082361111111113,,
spatial,across,intact,500,272,0.004583333333333333,0.0006927329336612468,0.0043812277611597296,40,0.5507225,0.34060194444444447,,
spatial,across,intact,500,273,0.005416666666666667,0.0006165742596507072,0.0038995580142565786,40,0.5569027777777779,0.3107133333333333,,
spatial,across,intact,500,274,0.00625,0.0005362566783465032,0.0033915850281024955,40,0.5930294444444445,0.33952999999999994,,
spatial,across,intact,500,275,0.00625,0.0006107710786713059,0.003862855475118429,40,0.5403833333333333,0.3459833333333333,,
spatial,across,intact,500,276,0.005416666666666667,0.0007797974388160336,0.004931872040448923,40,0.5653022222222222,0.3280344444444444,,
spatial,across,intact,500,277,0.007750000000000002,0.0005647213971599238,0.003571611716915804,40,0.5561177777777779,0.36378944444444433,,
spatial,across,intact,500,278,0.004583333333333333,0.0005295740910852022,0.0033493206352854187,40,0.5473613888888889,0.31759249999999994,,
spatial,across,intact,500,279,0.005916666666666667,0.0005906139063083313,0.0037353703234072324,40,0.5561519444444445,0.32095305555555553,,
spatial,across,intact,500,280,0.005916666666666667,0.000565981234525278,0.003579579628027614,40,0.5729205555555555,0.3333733333333333,,
spatial,across,intact,500,281,0.004333333333333333,0.0004653216269680751,0.002942952371508696,40,0.531353611111111,0.3435447222222222,,
spatial,across,intact,500,282,0.005166666666666667,0.0006195991719677601,0.003918689239544948,40,0.6058286111111112,0.3308733333333333,,
spatial,across,intact,500,283,0.006083333333333334,0.0006947862406725684,0.004394214014942469,40,0.610138888888889,0.3307041666666667,,
spatial,across,intact,500,284,0.006416666666666666,0.0007490497303754262,0.004737406457442716,40,0.5768261111111112,0.3386727777777777,,
spatial,across,intact,500,285,0.006333333333333332,0.000673046397354189,0.0042567191732199245,40,0.5579102777777779,0.3407794444444444,,
spatial,across,intact,500,286,0.0055,0.0006032910690206792,0.003815547740286387,40,0.5562158333333334,0.3269533333333333,,
spatial,across,intact,500,287,0.005083333333333334,0.0006535842445105027,0.004133629710907181,40,0.5947324999999999,0.3342402777777777,,
spatial,across,intact,500,288,0.007583333333333333,0.0006643924886069821,0.004201987048611068,40,0.5977075,0.3503144444444444,,
spatial,across,intact,500,289,0.007166666666666667,0.0006913177474361757,0.004372277337590689,40,0.6079094444444445,0.31586805555555547,,
spatial,across,intact,500,290,0.005833333333333334,0.000661841512776426,0.004185853260849874,40,0.5739086111111111,0.32833055555555546,,
spatial,across,intact,500,291,0.003583333333333333,0.0004681828240069863,0.002961048170463674,40,0.5442483333333333,0.3330611111111111,,
spatial,across,intact,500,292,0.004583333333333333,0.0005808861979155425,0.0036738468935369364,40,0.5505608333333333,0.3350072222222222,,
spatial,across,intact,500,293,0.005083333333333333,0.0005596536881967729,0.0035395607112309897,40,0.5536155555555555,0.3313775,,
spatial,across,intact,500,294,0.004666666666666667,0.0006405126152203485,0.004050957468334666,40,0.5701613888888889,0.33816888888888885,,
spatial,across,intact,500,295,0.005416666666666667,0.0006165742596507072,0.0038995580142565786,40,0.5521852777777779,0.30028083333333333,,
spatial,across,intact,500,296,0.009,0.0006979824404521127,0.0044144285572630445,40,0.6203411111111111,0.3128836111111111,,
spatial,across,intact,500,297,0.003833333333333333,0.0005410499447694665,0.003421900306759639,40,0.5475925,0.339895,,
spatial,across,intact,500,298,0.0065833333333333325,0.0006802829560446889,0.004302487188986855,40,0.5521222222222223,0.3567333333333333,,
spatial,across,intact,500,299,0.005833333333333334,0.0006509909168253992,0.004117228066498983,40,0.5818852777777778,0.3303363888888889,,
spatial,across,intact,500,300,0.006166666666666666,0.000626458412386762,0.003962070885030415,40,0.5797083333333335,0.33452083333333327,,
spatial,across,intact,500,301,0.005666666666666667,0.0006666666666666665,0.004216370213557839,40,0.5916452777777778,0.3231844444444444,,
spatial,across,intact,500,302,0.007583333333333333,0.000791582316693952,0.005006406152531231,40,0.6166647222222224,0.33067305555555543,,
spatial,across,intact,500,303,0.0055000000000000005,0.000680937011532795,0.004306623799103951,40,0.5313344444444444,0.3431505555555555,,
spatial,across,intact,500,304,0.006166666666666667,0.0007015448967566097,0.0044369595092371185,40,0.5421202777777777,0.34750000000000003,,
spatial,across,intact,500,305,0.004333333333333333,0.0005091750772173156,0.0032203059435976533,40,0.5289922222222223,0.35520138888888886,,
spatial,across,intact,500,306,0.0055000000000000005,0.000566767210788584,0.0035845505783853645,40,0.5550683333333334,0.349865,,
spatial,across,intact,500,307,0.007583333333333333,0.0007059726877843333,0.004464963318538847,40,0.6115086111111112,0.32359527777777775,,
spatial,across,intact,500,308,0.0065833333333333325,0.000540226553720501,0.0034166927245201867,40,0.5402666666666667,0.3445097222222222,,
spatial,across,intact,500,309,0.005,0.0005469417694282446,0.0034591634777518055,40,0.5902788888888889,0.34218111111111105,,
spatial,across,intact,500,310,0.003333333333333334,0.0005202453946507077,0.0032903207786188307,40,0.543818888888889,0.3546694444444444,,
spatial,across,intact,500,311,0.005916666666666666,0.0006025527367540542,0.0038108781170213277,40,0.5464886111111111,0.36569972222222213,,
spatial,across,intact,500,312,0.006,0.0007472647177570733,0.004726117046390445,40,0.6060583333333334,0.33985111111111105,,
spatial,across,intact,500,313,0.004333333333333333,0.0005495400822454191,0.0034755966509035655,40,0.5629427777777778,0.3253986111111111,,
spatial,across,intact,500,314,0.007333333333333333,0.0007567361314550618,0.004786019526285168,40,0.6071911111111111,0.3387122222222222,,
spatial,across,intact,500,315,0.005333333333333334,0.000629294363562392,0.003980007015126461,40,0.5391572222222223,0.346495,,
spatial,across,intact,500,316,0.006000000000000001,0.000599144689515278,0.003789323733725367,40,0.5625705555555556,0.3120019444444444,,
spatial,across,intact,500,317,0.008416666666666666,0.000596613185780614,0.0037733130983118456,40,0.5723452777777778,0.3428405555555555,,
spatial,across,intact,500,318,0.003916666666666667,0.0005454747794744824,0.0034498854186348574,40,0.5498266666666667,0.3388608333333333,,
spatial,across,intact,500,319,0.005416666666666667,0.0006718548123582125,0.004249182927993988,40,0.5672352777777778,0.3448655555555555,,
spatial,across,intact,500,320,0.004916666666666666,0.0006535842445105027,0.004133629710907181,40,0.6085461111111112,0.32830777777777775,,
spatial,across,intact,500,321,0.007416666666666667,0.0007009100718172971,0.004432944523789706,40,0.5815494444444445,0.34685861111111105,,
spatial,across,intact,500,322,0.005583333333333333,0.0006896415105730028,0.004361675884819564,40,0.5834583333333333,0.3140877777777777,,
spatial,across,intact,500,323,0.004666666666666666,0.000557262335477027,0.003524436468664519,40,0.5667680555555556,0.3452566666666666,,
spatial,across,intact,500,324,0.003916666666666667,0.0005709927876363795,0.003611275472919581,40,0.5565458333333334,0.32864861111111104,,
spatial,across,intact,500,325,0.00475,0.0005833333333333333,0.0036893239368631092,40,0.5572858333333333,0.34822722222222224,,
spatial,across,intact,500,326,0.0035000000000000005,0.00041258686385768536,0.002609428444912182,40,0.5280172222222224,0.3469702777777777,,
spatial,across,intact,500,327,0.004916666666666666,0.0004919219241781967,0.0031111874227515096,40,0.5648477777777778,0.3327144444444444,,
spatial,across,intact,500,328,0.00475,0.0005187029077928007,0.0032805652351551046,40,0.5312672222222223,0.34398333333333336,,
spatial,across,intact,500,329,0.006500000000000001,0.0008350409853973918,0.0052812629068943245,40,0.5461663888888889,0.3301711111111111,,
spatial,across,intact,500,330,0.004416666666666667,0.0006246081392643932,0.003950368730310261,40,0.5539866666666666,0.32343472222222214,,
spatial,across,intact,500,331,0.0052499999999999995,0.0005954181656808868,0.0037657551275822065,40,0.5559355555555555,0.3363666666666666,,
spatial,across,intact,500,332,0.003333333333333333,0.0004921028776234113,0.0031123318728261753,40,0.5364969444444444,0.33705666666666667,,
spatial,across,intact,500,333,0.006750000000000001,0.000740442425685472,0.004682969082772107,40,0.5402719444444445,0.3521799999999999,,
spatial,across,intact,500,334,0.00425,0.0006200300976060129,0.003921414652583029,40,0.5489430555555556,0.3448133333333333,,
spatial,across,intact,500,335,0.0075,0.0006509909168253991,0.004117228066498982,40,0.6134086111111111,0.3162605555555556,,
spatial,across,intact,500,336,0.0034166666666666664,0.000680282956044689,0.0043024871889868555,40,0.5272788888888889,0.3489566666666667,,
spatial,across,intact,500,337,0.005083333333333334,0.0006200300976060129,0.003921414652583029,40,0.5456769444444445,0.33533027777777774,,
spatial,across,intact,500,338,0.0036666666666666666,0.000557262335477027,0.003524436468664519,40,0.5201683333333335,0.344365,,
spatial,across,intact,500,339,0.004416666666666667,0.000577196041787598,0.0036505082969650712,40,0.5515908333333334,0.31013166666666664,,
spatial,across,intact,500,340,0.006833333333333333,0.000674631903431942,0.004266746794119403,40,0.5544447222222223,0.3401036111111111,,
spatial,across,intact,500,341,0.006666666666666666,0.0007642287511246774,0.004833407013879895,40,0.5438197222222223,0.3183313888888889,,
spatial,across,intact,500,342,0.006166666666666667,0.0006149838438569978,0.0038894993415869257,40,0.5333825,0.34080472222222224,,
spatial,across,intact,500,343,0.0055,0.0006377265532304238,0.0040333368651535,40,0.5710241666666667,0.32915944444444445,,
spatial,across,intact,500,344,0.0032500000000000003,0.00043832593994609724,0.0027722166555277,40,0.5456938888888889,0.3346663888888889,,
spatial,across,intact,500,345,0.004916666666666666,0.0005596536881967729,0.0035395607112309897,40,0.5605527777777778,0.3348008333333333,,
spatial,across,intact,500,346,0.003916666666666667,0.0006302839318575675,0.00398626559455255,40,0.5665363888888889,0.3488438888888889,,
spatial,across,intact,500,347,0.006666666666666666,0.0006315539556208945,0.003994297930101853,40,0.5670219444444445,0.3386869444444444,,
spatial,across,intact,500,348,0.004916666666666666,0.0005061938301996517,0.003201450881910849,40,0.5405374999999999,0.35079916666666666,,
spatial,across,intact,500,349,0.005666666666666667,0.0006449452813645634,0.0040789921105803375,40,0.5490811111111111,0.3461658333333333,,
spatial,across,intact,500,350,0.005416666666666667,0.0006927329336612468,0.0043812277611597296,40,0.5652863888888888,0.3445633333333333,,
spatial,across,intact,500,351,0.0034166666666666664,0.0005532537786493134,0.003499084129252931,40,0.5415080555555557,0.3346686111111111,,
spatial,across,intact,500,352,0.004916666666666666,0.0004772233913401199,0.0030182257386893066,40,0.5567075000000001,0.33100138888888886,,
spatial,across,intact,500,353,0.0055,0.0006032910690206792,0.003815547740286387,40,0.5303194444444445,0.33850499999999994,,
spatial,across,intact,500,354,0.005083333333333334,0.0005335936864527374,0.0033747427885527648,40,0.576653611111111,0.3323466666666666,,
spatial,across,intact,500,355,0.006416666666666668,0.0005894067228156503,0.0037277354246259744,40,0.5486144444444445,0.3345747222222221,,
spatial,across,intact,500,356,0.00625,0.0007752170911825529,0.004902903378454601,40,0.5530605555555554,0.32909138888888884,,
spatial,across,intact,500,357,0.004833333333333334,0.0006079951641733013,0.003845299050311274,40,0.5641133333333332,0.3367105555555555,,
spatial,across,intact,500,358,0.004083333333333333,0.0004217636961434867,0.002667467828369185,40,0.5429836111111112,0.33924249999999995,,
spatial,across,intact,500,359,0.004416666666666668,0.0005894067228156503,0.003727735424625975,40,0.5649438888888888,0.3287277777777778,,
spatial,across,intact,500,360,0.0030833333333333333,0.0004527141951056344,0.0028632159712473136,40,0.5255508333333333,0.32521055555555556,,
spatial,across,intact,500,361,0.005333333333333334,0.0005822639771026017,0.0036825607342247002,40,0.5669844444444445,0.337201111111111,,
spatial,across,intact,500,362,0.0061666666666666675,0.0006913177474361757,0.004372277337590689,40,0.5478525,0.3374933333333333,,
spatial,across,intact,500,363,0.005333333333333333,0.0007434423667686371,0.004701942376110336,40,0.59203,0.31996611111111106,,
spatial,across,intact,500,364,0.005166666666666667,0.0005330928945203023,0.003371575502272101,40,0.5679469444444445,0.33780666666666664,,
spatial,across,intact,500,365,0.005666666666666667,0.000677266165321625,0.004283407329168959,40,0.5735086111111112,0.31595583333333327,,
spatial,across,intact,500,366,0.00575,0.0006535842445105027,0.004133629710907181,40,0.5485238888888888,0.34065361111111103,,
spatial,across,intact,500,367,0.004583333333333333,0.0004727247200735973,0.002989773643396175,40,0.5492788888888889,0.3426747222222223,,
spatial,across,intact,500,368,0.006750000000000001,0.0007594373010624473,0.00480310322289669,40,0.5717994444444445,0.3292288888888888,,
spatial,across,intact,500,369,0.005583333333333333,0.0007199586487017542,0.004553418302069143,40,0.5791580555555556,0.3378116666666666,,
spatial,across,intact,500,370,0.006416666666666666,0.0006130989425780422,0.0038775781791747974,40,0.5798305555555555,0.3395713888888888,,
spatial,across,intact,500,371,0.0036666666666666666,0.0006178724639975321,0.0039077685794651745,40,0.5359922222222222,0.33962055555555554,,
spatial,across,intact,500,372,0.004583333333333333,0.0005295740910852021,0.0033493206352854183,40,0.5533116666666669,0.3405880555555555,,
spatial,across,intact,500,373,0.004083333333333333,0.0004991088925371763,0.003156641801723386,40,0.5605430555555555,0.31394861111111105,,
spatial,across,intact,500,374,0.005916666666666666,0.0006025527367540542,0.003810878117021328,40,0.5485130555555557,0.31823083333333335,,
spatial,across,intact,500,375,0.005666666666666667,0.000677266165321625,0.004283407329168959,40,0.5429108333333333,0.3353994444444444,,
spatial,across,intact,500,376,0.005666666666666667,0.0006109168300344762,0.0038637772876778144,40,0.5918305555555557,0.3300361111111111,,
spatial,across,intact,500,377,0.00575,0.0006854979266251703,0.004335469558917038,40,0.5640275000000001,0.34237972222222207,,
spatial,across,intact,500,378,0.007666666666666667,0.0006224663745652349,0.00393682302098729,40,0.5650472222222223,0.35401638888888887,,
spatial,across,intact,500,379,0.00625,0.0005869849078564814,0.0037124185219410922,40,0.5279536111111112,0.34429833333333326,,
spatial,across,intact,500,380,0.005666666666666667,0.0006109168300344762,0.0038637772876778144,40,0.5749577777777779,0.3193755555555555,,
spatial,across,intact,500,381,0.005166666666666667,0.0005840959605818988,0.003694147215085458,40,0.5426230555555556,0.3387133333333333,,
spatial,across,intact,500,382,0.004083333333333333,0.0006025527367540542,0.0038108781170213277,40,0.6039700000000001,0.3281030555555555,,
spatial,across,intact,500,383,0.004083333333333333,0.00045428476077747075,0.0028731491007230646,40,0.5279541666666667,0.3263913888888888,,
spatial,across,intact,500,384,0.006333333333333334,0.0007529618628798984,0.004762148955887739,40,0.5961969444444446,0.31740611111111106,,
spatial,across,intact,500,385,0.005166666666666667,0.0005840959605818988,0.003694147215085458,40,0.5472877777777778,0.35463444444444436,,
spatial,across,intact,500,386,0.005916666666666666,0.0006142595663193327,0.0038849186082326862,40,0.5595175,0.33613722222222214,,
spatial,across,intact,500,387,0.00575,0.0005596536881967729,0.0035395607112309897,40,0.5515966666666665,0.32923222222222215,,
spatial,across,intact,500,388,0.004833333333333334,0.000674631903431942,0.004266746794119403,40,0.5174597222222221,0.32193305555555546,,
spatial,across,intact,500,389,0.003833333333333333,0.000514047677015483,0.0032511229705750244,40,0.5231375,0.3357063888888889,,
spatial,across,intact,500,390,0.00625,0.0006665331062793369,0.004215525503499566,40,0.5234663888888889,0.3512427777777778,,
spatial,across,intact,500,391,0.003166666666666666,0.0005056659032384976,0.003198111978639933,40,0.5583969444444445,0.3303466666666667,,
spatial,across,intact,500,392,0.005333333333333333,0.0007337993857053428,0.004640954808922571,40,0.579085277777778,0.32743666666666665,,
spatial,across,intact,500,393,0.004666666666666667,0.0006623793767520534,0.004189255011318546,40,0.5607422222222223,0.33395388888888883,,
spatial,across,intact,500,394,0.00625,0.0005621932528599516,0.003555622328432836,40,0.558618888888889,0.33207777777777775,,
spatial,across,intact,500,395,0.0075,0.0007524887482476506,0.004759156716223227,40,0.5701608333333334,0.3362436111111111,,
spatial,across,intact,500,396,0.005666666666666667,0.0008024179982245187,0.005074937019804852,40,0.5790533333333333,0.3133902777777777,,
spatial,across,intact,500,397,0.004416666666666667,0.000577196041787598,0.0036505082969650712,40,0.5616502777777778,0.3395413888888888,,
spatial,across,intact,500,398,0.003916666666666667,0.0004904718932443306,0.003102016621894074,40,0.5587644444444444,0.3374188888888888,,
spatial,across,intact,500,399,0.005,0.0006751595780557777,0.00427008410146899,40,0.5520430555555557,0.35549277777777777,,
spatial,across,intact,500,400,0.005666666666666667,0.000599144689515278,0.003789323733725367,40,0.5472172222222222,0.33825249999999996,,
spatial,across,intact,500,401,0.0041666666666666675,0.0005168113941217019,0.003268602252303067,40,0.5615891666666666,0.3055194444444444,,
spatial,across,intact,500,402,0.00475,0.000704963073127192,0.004458577954787534,40,0.5615691666666667,0.35408111111111107,,
spatial,across,intact,500,403,0.004583333333333333,0.0005558225853982065,0.003515330689643559,40,0.5540736111111112,0.328955,,
spatial,across,intact,500,404,0.004583333333333333,0.0006392603899459486,0.0040430377003132,40,0.5707652777777777,0.3288630555555555,,
spatial,across,intact,500,405,0.003333333333333334,0.0005337605126836238,0.003375797890278889,40,0.557433611111111,0.3351563888888889,,
spatial,across,intact,500,406,0.005666666666666667,0.0008024179982245187,0.005074937019804852,40,0.5754641666666667,0.327055,,
spatial,across,intact,500,407,0.00575,0.000584553059355846,0.003697038161568145,40,0.5414108333333335,0.3429225,,
spatial,across,intact,500,408,0.004333333333333333,0.0005623515948579822,0.0035566237711589133,40,0.5523341666666667,0.34312416666666673,,
spatial,across,intact,500,409,0.005916666666666666,0.0005532537786493135,0.0034990841292529317,40,0.5527036111111112,0.34246444444444435,,
spatial,across,intact,500,410,0.003083333333333333,0.0004366979828269512,0.002761920550668525,40,0.52491,0.3409208333333333,,
spatial,across,intact,500,411,0.003333333333333333,0.00046225016352102424,0.0029235267310234307,40,0.5126858333333335,0.3180647222222222,,
spatial,across,intact,500,412,0.003166666666666666,0.00046147910349544853,0.002918650119236377,40,0.5333794444444445,0.33764611111111115,,
spatial,across,intact,500,413,0.004833333333333334,0.0006421784505829843,0.00406149313624023,40,0.5527991666666667,0.33329888888888887,,
spatial,across,intact,500,414,0.005,0.0006085806194501846,0.0038490017945975053,40,0.5705169444444445,0.36435527777777776,,
spatial,across,intact,500,415,0.0037500000000000007,0.00044955660333392903,0.002843245607408123,40,0.5109644444444446,0.32233527777777776,,
spatial,across,intact,500,416,0.00575,0.0007825327787751449,0.0049491718493402505,40,0.5615719444444445,0.3367380555555555,,
spatial,across,intact,500,417,0.00525,0.0006633195892576047,0.004195201437322778,40,0.5590505555555556,0.3416730555555555,,
spatial,across,intact,500,418,0.0024999999999999996,0.0004583818933094545,0.002899061642076347,40,0.5362608333333333,0.3304955555555555,,
spatial,across,intact,500,419,0.005166666666666667,0.0007912448268825371,0.005004271679548888,40,0.5647383333333333,0.3288225,,
spatial,across,intact,500,420,0.006416666666666666,0.0006579288490181673,0.00416110740246089,40,0.5466050000000001,0.3416244444444444,,
spatial,across,intact,500,421,0.002916666666666667,0.0004334237249576047,0.002741212325640795,40,0.5269177777777779,0.33013111111111104,,
spatial,across,intact,500,422,0.00575,0.000584553059355846,0.0036970381615681453,40,0.5395755555555556,0.3421538888888888,,
spatial,across,intact,500,423,0.0025,0.0005566229063100617,0.0035203923635246104,40,0.5146005555555556,0.3360494444444444,,
spatial,across,intact,500,424,0.005,0.0006856277926728685,0.0043362909039199385,40,0.5380127777777777,0.3215825,,
spatial,across,intact,500,425,0.006333333333333334,0.0006623793767520534,0.004189255011318546,40,0.5576088888888888,0.33210083333333335,,
spatial,across,intact,500,426,0.00525,0.0005583795745617396,0.0035315025090618263,40,0.5598066666666667,0.34583916666666664,,
spatial,across,intact,500,427,0.00425,0.0005335936864527374,0.0033747427885527648,40,0.53657,0.3320930555555555,,
spatial,across,intact,500,428,0.005833333333333334,0.000798413669387234,0.005049611420552625,40,0.5593797222222223,0.33541777777777776,,
spatial,across,intact,500,429,0.0041666666666666675,0.0005566229063100617,0.0035203923635246104,40,0.5420058333333333,0.3513680555555555,,
spatial,across,intact,500,430,0.003916666666666667,0.000652493573338361,0.004126731700742675,40,0.5208872222222223,0.32843472222222225,,
spatial,across,intact,500,431,0.0042499999999999994,0.000596613185780614,0.0037733130983118456,40,0.5220149999999999,0.33892944444444445,,
spatial,across,intact,500,432,0.004333333333333333,0.000599144689515278,0.003789323733725367,40,0.5158469444444446,0.3381025,,
spatial,across,intact,500,433,0.0036666666666666666,0.0005443310539518173,0.0034426518632954817,40,0.5349419444444444,0.33288027777777773,,
spatial,across,intact,500,434,0.0032500000000000003,0.0005906139063083313,0.003735370323407233,40,0.5457283333333334,0.3481536111111111,,
spatial,across,intact,500,435,0.004833333333333334,0.0005591762357951763,0.003536541037104265,40,0.52849,0.3516444444444444,,
spatial,across,intact,500,436,0.005583333333333333,0.0006998931542388648,0.004426512972308688,40,0.5360358333333333,0.342475,,
spatial,across,intact,500,437,0.003166666666666666,0.0005330928945203023,0.0033715755022721006,40,0.5417883333333333,0.33918055555555554,,
spatial,across,intact,500,438,0.003833333333333333,0.000514047677015483,0.0032511229705750244,40,0.542838888888889,0.33800722222222224,,
spatial,across,intact,500,439,0.0037500000000000007,0.0005493780477196366,0.0034745718545814495,40,0.5653180555555555,0.34660888888888886,,
spatial,across,intact,500,440,0.004,0.0005091750772173156,0.0032203059435976533,40,0.5191566666666667,0.31908083333333337,,
spatial,across,intact,500,441,0.00625,0.0006557601448101032,0.004147391312723542,40,0.5248416666666668,0.35785638888888893,,
spatial,across,intact,500,442,0.0032500000000000003,0.0004217636961434867,0.002667467828369185,40,0.5202980555555555,0.33632222222222224,,
spatial,across,intact,500,443,0.0025833333333333333,0.0004217636961434867,0.002667467828369185,40,0.5038652777777779,0.32739166666666664,,
spatial,across,intact,500,444,0.004583333333333333,0.0006280197703168524,0.003971945779634118,40,0.5280122222222222,0.3604663888888889,,
spatial,across,intact,500,445,0.006083333333333333,0.0006188802957865281,0.003914142667368273,40,0.5588480555555556,0.34647916666666667,,
spatial,across,intact,500,446,0.004833333333333334,0.0005330928945203023,0.0033715755022721006,40,0.5459588888888889,0.3457577777777778,,
spatial,across,intact,500,447,0.004666666666666667,0.00040998922923799857,0.002592999561057951,40,0.5537802777777777,0.3179680555555556,,
spatial,across,intact,500,448,0.005333333333333334,0.0005822639771026016,0.0036825607342247,40,0.5510633333333333,0.339703611111111,,
spatial,across,intact,500,449,0.00225,0.0004366979828269512,0.002761920550668525,40,0.5241830555555556,0.3388405555555555,,
spatial,across,intact,500,450,0.005916666666666667,0.0006025527367540542,0.0038108781170213277,40,0.5705411111111112,0.3495172222222222,,
spatial,across,intact,500,451,0.0045,0.0005277215444626347,0.0033376041016874875,40,0.5235066666666667,0.3414983333333333,,
spatial,across,intact,500,452,0.003166666666666667,0.0005591762357951763,0.003536541037104265,40,0.5210122222222223,0.33844444444444444,,
spatial,across,intact,500,453,0.0041666666666666675,0.0005436764162477949,0.003438511570921614,40,0.5347152777777777,0.3435625,,
spatial,across,intact,500,454,0.003,0.0006062354060275328,0.0038341693625679476,40,0.5295488888888888,0.3527152777777777,,
spatial,across,intact,500,455,0.0035000000000000005,0.0004295031251026405,0.0027164162749691695,40,0.5283841666666667,0.337193611111111,,
spatial,across,intact,500,456,0.0036666666666666666,0.0004891995904702285,0.0030939698726150473,40,0.5437127777777777,0.33746527777777774,,
spatial,across,intact,500,457,0.00525,0.0007149950690165274,0.004522025867763026,40,0.5305597222222221,0.3297763888888888,,
spatial,across,intact,500,458,0.004333333333333333,0.0005229763603684908,0.0033075929223788923,40,0.5307322222222224,0.33659888888888884,,
spatial,across,intact,500,459,0.004833333333333334,0.0005591762357951763,0.003536541037104265,40,0.5412922222222222,0.3276972222222222,,
spatial,across,intact,500,460,0.006416666666666666,0.0006359090673047066,0.004021842074872368,40,0.5291502777777778,0.3406916666666666,,
spatial,across,intact,500,461,0.005916666666666666,0.0007009100718172972,0.004432944523789707,40,0.5627597222222223,0.3276219444444443,,
spatial,across,intact,500,462,0.0041666666666666675,0.0005566229063100617,0.0035203923635246104,40,0.5071255555555556,0.3368125,,
spatial,across,intact,500,463,0.0041666666666666675,0.000502840931954632,0.003180245291476762,40,0.5430472222222221,0.34259277777777775,,
spatial,across,intact,500,464,0.0041666666666666675,0.0005168113941217019,0.003268602252303067,40,0.5510133333333334,0.34154,,
spatial,across,intact,500,465,0.0042499999999999994,0.0005061938301996516,0.0032014508819108484,40,0.5090216666666667,0.3221166666666667,,
spatial,across,intact,500,466,0.003583333333333333,0.0005255237517707585,0.0033237040402250844,40,0.5173241666666667,0.32806972222222225,,
spatial,across,intact,500,467,0.00575,0.000596613185780614,0.0037733130983118456,40,0.5448711111111111,0.330445,,
spatial,across,intact,500,468,0.0034166666666666664,0.0004697016692749325,0.002970654191383831,40,0.5132272222222222,0.34659083333333324,,
spatial,across,intact,500,469,0.005583333333333334,0.00046818282400698627,0.0029610481704636735,40,0.5042227777777778,0.3510155555555556,,
spatial,across,intact,500,470,0.0041666666666666675,0.0005436764162477949,0.003438511570921614,40,0.5209186111111112,0.34249277777777776,,
spatial,across,intact,500,471,0.00425,0.0005200742331410084,0.0032892382581820247,40,0.5261408333333332,0.33083361111111104,,
spatial,across,intact,500,472,0.00475,0.0005583795745617396,0.0035315025090618263,40,0.5507180555555555,0.32547666666666664,,
spatial,across,intact,500,473,0.004833333333333334,0.00051956041029222,0.003285988557150009,40,0.5375105555555555,0.3281911111111111,,
spatial,across,intact,500,474,0.004416666666666667,0.000577196041787598,0.0036505082969650712,40,0.5146108333333332,0.3403291666666666,,
spatial,across,intact,500,475,0.005083333333333334,0.0005335936864527374,0.0033747427885527648,40,0.539336388888889,0.33980972222222217,,
spatial,across,intact,500,476,0.004916666666666667,0.0005596536881967729,0.0035395607112309897,40,0.5123777777777778,0.34601527777777774,,
spatial,across,intact,500,477,0.007083333333333333,0.0006557601448101031,0.004147391312723541,40,0.5812069444444445,0.3256883333333333,,
spatial,across,intact,500,478,0.0026666666666666666,0.0004336290903919939,0.0027425111706914744,40,0.5058808333333336,0.33494277777777776,,
spatial,across,intact,500,479,0.002833333333333333,0.00040562287229631733,0.0025653842950319515,40,0.5425727777777778,0.32817833333333335,,
spatial,across,intact,500,480,0.003,0.0005035486605694166,0.0031847213602527527,40,0.4881433333333334,0.34177027777777774,,
spatial,across,intact,500,481,0.003916666666666667,0.0005583795745617396,0.0035315025090618263,40,0.5358319444444445,0.3262341666666667,,
spatial,across,intact,500,482,0.005583333333333333,0.0006470126398497606,0.004092067233686935,40,0.5519652777777776,0.3377658333333334,,
spatial,across,intact,500,483,0.0035000000000000005,0.0005462902602399647,0.0034550429718488217,40,0.5118530555555555,0.3271530555555555,,
spatial,across,intact,500,484,0.004333333333333333,0.000599144689515278,0.003789323733725367,40,0.5377058333333332,0.338485,,
spatial,across,intact,500,485,0.003083333333333333,0.000577196041787598,0.0036505082969650712,40,0.520951111111111,0.3322677777777778,,
spatial,across,intact,500,486,0.004583333333333333,0.0005428570089754135,0.0034333291842975513,40,0.5169825,0.3403927777777777,,
spatial,across,intact,500,487,0.0025833333333333333,0.0005131809630673188,0.003245641390262953,40,0.5222705555555556,0.3284730555555555,,
spatial,across,intact,500,488,0.004,0.0004949891362588122,0.003130586175234568,40,0.49609250000000005,0.33759388888888886,,
spatial,across,intact,500,489,0.005,0.0006751595780557777,0.00427008410146899,40,0.5391891666666666,0.3316197222222222,,
spatial,across,intact,500,490,0.004333333333333333,0.0006666666666666665,0.004216370213557839,40,0.5090475,0.3331694444444444,,
spatial,across,intact,500,491,0.0028333333333333335,0.000514047677015483,0.0032511229705750244,40,0.5103327777777779,0.34378055555555553,,
spatial,across,intact,500,492,0.005833333333333334,0.000661841512776426,0.004185853260849874,40,0.5372975,0.33723638888888885,,
spatial,across,intact,500,493,0.004,0.0005229763603684908,0.0033075929223788923,40,0.5497572222222222,0.33079638888888885,,
spatial,across,intact,500,494,0.003833333333333333,0.00048554606965249525,0.0030708629780892916,40,0.5201852777777777,0.33108305555555556,,
spatial,across,intact,500,495,0.0030833333333333333,0.0005117911677922933,0.003236851553162112,40,0.49688861111111116,0.33223416666666666,,
spatial,across,intact,500,496,0.003833333333333333,0.0005277215444626347,0.0033376041016874875,40,0.5207233333333333,0.33112972222222214,,
spatial,across,intact,500,497,0.003333333333333334,0.00046225016352102424,0.0029235267310234307,40,0.5113836111111112,0.35815416666666666,,
spatial,across,intact,500,498,0.004416666666666666,0.0006013695196343918,0.0038033947948920535,40,0.5185161111111112,0.3409388888888889,,
spatial,across,intact,500,499,0.0042499999999999994,0.0005467789649092551,0.0034581338115650556,40,0.5263477777777777,0.3277486111111111,,
spatial,across,intact,700,0,0.004833333333333334,0.00044577791412086436,0.0028193470784417356,40,0.6248669444444443,0.3301152777777777,,
spatial,across,intact,700,1,0.007416666666666666,0.0006025527367540543,0.0038108781170213286,40,0.6182611111111112,0.37363333333333315,,
spatial,across,intact,700,2,0.003166666666666666,0.0004913786640188923,0.0031077515438206536,40,0.5082397222222222,0.34501638888888886,,
spatial,across,intact,700,3,0.0069166666666666664,0.0006792351572617534,0.0042958603276195976,40,0.6400886111111111,0.31947638888888885,,
spatial,across,intact,700,4,0.005916666666666667,0.0005131809630673188,0.003245641390262953,40,0.5801461111111111,0.3159461111111111,,
spatial,across,intact,700,5,0.007250000000000001,0.0006633195892576047,0.004195201437322778,40,0.6356483333333334,0.3490113888888889,,
spatial,across,intact,700,6,0.006500000000000001,0.0006079951641733013,0.003845299050311274,40,0.607543888888889,0.3347658333333333,,
spatial,across,intact,700,7,0.005916666666666666,0.0005906139063083313,0.003735370323407233,40,0.6198052777777777,0.32208166666666654,,
spatial,across,intact,700,8,0.00375,0.000494809238329462,0.0031294484008283783,40,0.5566622222222223,0.3404047222222221,,
spatial,across,intact,700,9,0.007000000000000001,0.00044337478117411743,0.002804148331177911,40,0.6037450000000001,0.2943552777777777,,
spatial,across,intact,700,10,0.00475,0.0005454747794744824,0.0034498854186348574,40,0.6053480555555556,0.29832333333333333,,
spatial,across,intact,700,11,0.005666666666666667,0.0004653216269680751,0.002942952371508696,40,0.5776905555555556,0.3337755555555555,,
spatial,across,intact,700,12,0.005,0.000559812748506421,0.003540566696958629,40,0.6217091666666666,0.3124461111111111,,
spatial,across,intact,700,13,0.0035000000000000005,0.0005462902602399647,0.0034550429718488217,40,0.5754327777777778,0.32577666666666666,,
spatial,across,intact,700,14,0.0052499999999999995,0.0005954181656808868,0.0037657551275822065,40,0.6251955555555557,0.34586138888888895,,
spatial,across,intact,700,15,0.005166666666666667,0.0005330928945203023,0.0033715755022721006,40,0.6094608333333333,0.3311480555555555,,
spatial,across,intact,700,16,0.007666666666666667,0.0005229763603684907,0.003307592922378892,40,0.6561297222222221,0.31455722222222227,,
spatial,across,intact,700,17,0.005833333333333334,0.0005168113941217019,0.003268602252303067,40,0.6089249999999999,0.32739611111111105,,
spatial,across,intact,700,18,0.005166666666666667,0.0005462902602399647,0.0034550429718488217,40,0.5459980555555555,0.30726944444444443,,
spatial,across,intact,700,19,0.006750000000000001,0.0005784287095915728,0.0036583043726829078,40,0.5970608333333334,0.3088113888888888,,
spatial,across,intact,700,20,0.00925,0.0006802829560446889,0.004302487188986855,40,0.5696425,0.3747227777777777,,
spatial,across,intact,700,21,0.0065833333333333325,0.0005532537786493135,0.0034990841292529317,40,0.5891550000000001,0.36952222222222214,,
spatial,across,intact,700,22,0.00475,0.0005833333333333334,0.0036893239368631097,40,0.5554399999999999,0.34245861111111103,,
spatial,across,intact,700,23,0.004666666666666667,0.0004744167209018092,0.0030004747962362566,40,0.5823569444444445,0.3030088888888889,,
spatial,across,intact,700,24,0.008333333333333333,0.0005202453946507077,0.0032903207786188307,40,0.6496230555555556,0.3093427777777777,,
spatial,across,intact,700,25,0.003833333333333333,0.0005791977947731548,0.003663168494459874,40,0.5476880555555554,0.35237944444444436,,
spatial,across,intact,700,26,0.007333333333333333,0.000599144689515278,0.003789323733725367,40,0.6313005555555555,0.3308408333333333,,
spatial,across,intact,700,27,0.0069166666666666664,0.0005519648921491675,0.003490932495281123,40,0.6021069444444445,0.34268249999999995,,
spatial,across,intact,700,28,0.0025833333333333333,0.0004846283858428769,0.0030650590360687827,40,0.5477491666666667,0.32740749999999996,,
spatial,across,intact,700,29,0.003583333333333333,0.0004681828240069863,0.002961048170463674,40,0.5525216666666667,0.32994722222222217,,
spatial,across,intact,700,30,0.006999999999999999,0.0005443310539518173,0.0034426518632954817,40,0.5523030555555557,0.34203833333333333,,
spatial,across,intact,700,31,0.006,0.0005229763603684908,0.0033075929223788923,40,0.6339766666666666,0.307015,,
spatial,across,intact,700,32,0.003333333333333333,0.0004921028776234113,0.0031123318728261753,40,0.5495502777777779,0.3382197222222222,,
spatial,across,intact,700,33,0.006083333333333334,0.0005047847980156418,0.0031925393799149436,40,0.5943286111111112,0.3250044444444444,,
spatial,across,intact,700,34,0.0069166666666666664,0.0004831564663131095,0.0030557497995756847,40,0.5913447222222223,0.38665305555555546,,
spatial,across,intact,700,35,0.00425,0.0004919219241781967,0.0031111874227515096,40,0.5344127777777777,0.29911527777777774,,
spatial,across,intact,700,36,0.005083333333333333,0.0005335936864527374,0.0033747427885527648,40,0.5445491666666668,0.33041083333333326,,
spatial,across,intact,700,37,0.0042499999999999994,0.0005722388181146617,0.003619156061610303,40,0.5689505555555554,0.34591972222222217,,
spatial,across,intact,700,38,0.0055,0.0006377265532304238,0.0040333368651535,40,0.6146405555555555,0.3217236111111111,,
spatial,across,intact,700,39,0.004083333333333333,0.0005659812345252781,0.0035795796280276146,40,0.5410491666666667,0.3268991666666666,,
spatial,across,intact,700,40,0.007083333333333333,0.0006223233281713973,0.00393591831615609,40,0.6202916666666668,0.30761055555555555,,
spatial,across,intact,700,41,0.00575,0.0006084343084444759,0.003848076442547927,40,0.5840400000000001,0.3530880555555556,,
spatial,across,intact,700,42,0.00625,0.0006557601448101032,0.004147391312723542,40,0.6129975,0.3085708333333333,,
spatial,across,intact,700,43,0.006750000000000001,0.0005268773245260372,0.0033322647859959456,40,0.6909777777777778,0.3543483333333333,,
spatial,across,intact,700,44,0.007416666666666667,0.0005402265537205009,0.003416692724520186,40,0.6732058333333335,0.365071111111111,,
spatial,across,intact,700,45,0.005833333333333334,0.0005304140187994953,0.0033546328045795494,40,0.6622847222222221,0.3852105555555555,,
spatial,across,intact,700,46,0.007250000000000001,0.0004904718932443306,0.003102016621894074,40,0.6957625000000001,0.346335,,
spatial,across,intact,700,47,0.008749999999999999,0.0007613107230914438,0.004814951784157416,40,0.6744394444444446,0.3664822222222222,,
spatial,across,intact,700,48,0.006833333333333333,0.00046147910349544853,0.002918650119236377,40,0.6394866666666666,0.35858611111111105,,
spatial,across,intact,700,49,0.006666666666666666,0.0007357380928771742,0.0046532162696807525,40,0.6623602777777778,0.35297416666666664,,
spatial,across,intact,700,50,0.00575,0.0006643924886069821,0.004201987048611068,40,0.6290925,0.36838999999999994,,
spatial,across,intact,700,51,0.008416666666666666,0.0006425942346670646,0.004064122785681311,40,0.6611658333333332,0.3610911111111111,,
spatial,across,intact,700,52,0.006333333333333334,0.0005310850045437943,0.003358876491038526,40,0.6387913888888889,0.3465516666666667,,
spatial,across,intact,700,53,0.005833333333333334,0.0005692750425533111,0.0036004114991154785,40,0.6408236111111111,0.33783055555555547,,
spatial,across,intact,700,54,0.008166666666666666,0.00051956041029222,0.003285988557150009,40,0.6699233333333334,0.3337566666666666,,
spatial,across,intact,700,55,0.007833333333333335,0.0006487990219938459,0.004103365306380464,40,0.6223869444444445,0.37066861111111116,,
spatial,across,intact,700,56,0.0072499999999999995,0.0005583795745617396,0.003531502509061826,40,0.6686177777777778,0.3436236111111111,,
spatial,across,intact,700,57,0.006166666666666667,0.0005540578101426393,0.0035041692709117636,40,0.6102275,0.36281194444444437,,
spatial,across,intact,700,58,0.004666666666666667,0.0005443310539518173,0.0034426518632954817,40,0.6113350000000001,0.33793416666666665,,
spatial,across,intact,700,59,0.007333333333333333,0.0006449452813645634,0.0040789921105803375,40,0.5894386111111111,0.36196444444444437,,
spatial,across,intact,700,60,0.005916666666666666,0.00030399758208665066,0.001922649525155637,40,0.5612286111111111,0.40325333333333335,,
spatial,across,intact,700,61,0.00625,0.0005090001931052645,0.0032191998793563385,40,0.6508069444444444,0.3460055555555555,,
spatial,across,intact,700,62,0.006166666666666667,0.0005540578101426393,0.0035041692709117636,40,0.6242183333333333,0.37744722222222216,,
spatial,across,intact,700,63,0.007916666666666666,0.0005930209011272613,0.00375059349529532,40,0.5711880555555557,0.377566111111111,,
spatial,across,intact,700,64,0.006083333333333334,0.00044477818665896287,0.00281302424680368,40,0.6464350000000001,0.3505433333333333,,
spatial,across,intact,700,65,0.007833333333333335,0.000566767210788584,0.003584550578385364,40,0.6845591666666667,0.29779444444444436,,
spatial,across,intact,700,66,0.007000000000000001,0.000427008410146899,0.002700638312223111,40,0.5609622222222225,0.3848724999999999,,
spatial,across,intact,700,67,0.00525,0.0006302839318575675,0.00398626559455255,40,0.5645230555555555,0.3684916666666666,,
spatial,across,intact,700,68,0.009333333333333334,0.0008947456625040439,0.005658868440138189,40,0.6316783333333335,0.3729030555555554,,
spatial,across,intact,700,69,0.006666666666666668,0.0005337605126836238,0.003375797890278889,40,0.5829547222222222,0.36196194444444435,,
spatial,across,intact,700,70,0.0069166666666666664,0.0005389065112987853,0.003408344043198855,40,0.5950561111111112,0.35262166666666667,,
spatial,across,intact,700,71,0.007250000000000001,0.0005954181656808868,0.0037657551275822065,40,0.5918111111111111,0.34078972222222215,,
spatial,across,intact,700,72,0.006500000000000001,0.0004457779141208643,0.002819347078441735,40,0.6086175,0.36509222222222215,,
spatial,across,intact,700,73,0.008249999999999999,0.0004919219241781967,0.0031111874227515096,40,0.5687616666666668,0.36666694444444425,,
spatial,across,intact,700,74,0.006583333333333334,0.0006142595663193327,0.0038849186082326862,40,0.5957061111111112,0.3824222222222222,,
spatial,across,intact,700,75,0.005833333333333334,0.000502840931954632,0.003180245291476762,40,0.6359152777777779,0.3384025,,
spatial,across,intact,700,76,0.006500000000000001,0.0005717718748968656,0.003616202853397895,40,0.6538852777777778,0.3134713888888888,,
spatial,across,intact,700,77,0.006333333333333332,0.0005699002761767401,0.0036043658237549904,40,0.5804872222222222,0.35192611111111105,,
spatial,across,intact,700,78,0.006333333333333334,0.0005035486605694166,0.0031847213602527527,40,0.6112913888888889,0.34956944444444443,,
spatial,across,intact,700,79,0.006083333333333334,0.00046051346296568745,0.0029125428722863436,40,0.6519219444444445,0.32524194444444443,,
spatial,across,intact,700,80,0.006416666666666666,0.0006470126398497606,0.004092067233686935,40,0.5895944444444445,0.3690752777777777,,
spatial,across,intact,700,81,0.00625,0.0002968855429976772,0.001877669040497027,40,0.5770563888888889,0.36638055555555543,,
spatial,across,intact,700,82,0.00625,0.00041666666666666664,0.0026352313834736496,40,0.6253086111111111,0.33081749999999993,,
spatial,across,intact,700,83,0.006,0.0005364226763936138,0.003392634891934514,40,0.5966025,0.3503180555555555,,
spatial,across,intact,700,84,0.008333333333333335,0.0006959385636178557,0.004401501945156832,40,0.5758611111111112,0.38233305555555547,,
spatial,across,intact,700,85,0.007166666666666667,0.0005791977947731548,0.003663168494459874,40,0.6174050000000001,0.3785974999999999,,
spatial,across,intact,700,86,0.008000000000000002,0.000771648621745413,0.004880334396090479,40,0.6160202777777778,0.3693327777777777,,
spatial,across,intact,700,87,0.00625,0.0005362566783465032,0.0033915850281024955,40,0.5900780555555556,0.3728391666666666,,
spatial,across,intact,700,88,0.008166666666666666,0.0005840959605818987,0.0036941472150854577,40,0.6704125000000001,0.32041305555555544,,
spatial,across,intact,700,89,0.006500000000000001,0.0005462902602399647,0.0034550429718488217,40,0.5629822222222222,0.3830316666666666,,
spatial,across,intact,700,90,0.00775,0.0006246081392643932,0.003950368730310261,40,0.612786388888889,0.37017444444444436,,
spatial,across,intact,700,91,0.00625,0.0005493780477196366,0.0034745718545814495,40,0.5927497222222223,0.3774352777777777,,
spatial,across,intact,700,92,0.007166666666666667,0.0005791977947731547,0.0036631684944598737,40,0.6565055555555557,0.3392669444444444,,
spatial,across,intact,700,93,0.005416666666666667,0.0005295740910852022,0.0033493206352854187,40,0.5857608333333333,0.3544372222222222,,
spatial,across,intact,700,94,0.007083333333333333,0.0006107710786713059,0.0038628554751184286,40,0.6452591666666667,0.333293611111111,,
spatial,across,intact,700,95,0.008583333333333335,0.0005454747794744821,0.0034498854186348566,40,0.5892633333333334,0.35940722222222216,,
spatial,across,intact,700,96,0.006166666666666667,0.000566767210788584,0.0035845505783853645,40,0.6030838888888889,0.3396427777777778,,
spatial,across,intact,700,97,0.00625,0.0003415128901389436,0.0021599171662918387,40,0.5946480555555557,0.3446230555555555,,
spatial,across,intact,700,98,0.0075000000000000015,0.0004425708371198286,0.002799063742532105,40,0.6100702777777778,0.35844499999999996,,
spatial,across,intact,700,99,0.007083333333333333,0.0006875728399641817,0.00434859246311452,40,0.6131161111111111,0.35876361111111105,,
spatial,across,intact,700,100,0.006,0.00044975460228796133,0.002844497862746269,40,0.5763125,0.3911147222222221,,
spatial,across,intact,700,101,0.006500000000000001,0.0004913786640188923,0.0031077515438206536,40,0.6669258333333333,0.3164913888888889,,
spatial,across,intact,700,102,0.005916666666666666,0.000565981234525278,0.003579579628027614,40,0.5592411111111113,0.36310027777777776,,
spatial,across,intact,700,103,0.007000000000000001,0.0005572623354770269,0.0035244364686645184,40,0.5678166666666666,0.39908361111111107,,
spatial,across,intact,700,104,0.006666666666666666,0.0006201736729460423,0.003922322702763681,40,0.6340197222222222,0.3606319444444444,,
spatial,across,intact,700,105,0.003916666666666667,0.0005187029077928006,0.003280565235155104,40,0.6352872222222222,0.32498666666666665,,
spatial,across,intact,700,106,0.005,0.0004921028776234113,0.0031123318728261753,40,0.6094577777777778,0.34388638888888884,,
spatial,across,intact,700,107,0.0045,0.0005791977947731547,0.0036631684944598737,40,0.5648527777777778,0.33748111111111107,,
spatial,across,intact,700,108,0.007250000000000001,0.0005187029077928006,0.003280565235155104,40,0.6457522222222222,0.3149758333333333,,
spatial,across,intact,700,109,0.005666666666666667,0.0005229763603684908,0.0033075929223788923,40,0.5919333333333333,0.3479594444444444,,
spatial,across,intact,700,110,0.007333333333333333,0.0004949891362588122,0.003130586175234568,40,0.5825125,0.37687527777777774,,
spatial,across,intact,700,111,0.006,0.0005364226763936138,0.003392634891934514,40,0.6233994444444445,0.32590916666666664,,
spatial,across,intact,700,112,0.007416666666666667,0.0004991088925371763,0.003156641801723386,40,0.5906816666666665,0.36466166666666666,,
spatial,across,intact,700,113,0.006500000000000001,0.0006309898162000304,0.003990729999126216,40,0.65967,0.3232555555555555,,
spatial,across,intact,700,114,0.007750000000000002,0.0005519648921491675,0.003490932495281123,40,0.62385,0.31304999999999994,,
spatial,across,intact,700,115,0.006583333333333334,0.000540226553720501,0.0034166927245201867,40,0.6024730555555555,0.3415011111111111,,
spatial,across,intact,700,116,0.007250000000000001,0.0005709927876363794,0.0036112754729195804,40,0.5668844444444445,0.38242166666666666,,
spatial,across,intact,700,117,0.006500000000000001,0.0005462902602399647,0.0034550429718488217,40,0.5897280555555555,0.4180319444444443,,
spatial,across,intact,700,118,0.0065833333333333325,0.0007307598589892382,0.004621731154058927,40,0.6389383333333335,0.3414627777777778,,
spatial,across,intact,700,119,0.00625,0.0004801990921390503,0.0030370457230089122,40,0.6343930555555557,0.3422547222222222,,
spatial,across,intact,700,120,0.007000000000000001,0.0005035486605694166,0.0031847213602527527,40,0.5624827777777778,0.37349944444444433,,
spatial,across,intact,700,121,0.006666666666666666,0.0007357380928771742,0.0046532162696807525,40,0.6429777777777778,0.33716999999999997,,
spatial,across,intact,700,122,0.00525,0.00042846542577274665,0.0027098532881513794,40,0.6245383333333334,0.3564502777777777,,
spatial,across,intact,700,123,0.008083333333333335,0.0008922545789281407,0.0056431134442548065,40,0.6382786111111113,0.3307747222222222,,
spatial,across,intact,700,124,0.00525,0.0005583795745617396,0.003531502509061826,40,0.5671233333333333,0.3590449999999999,,
spatial,across,intact,700,125,0.0075000000000000015,0.0005937710859953543,0.0037553380809940535,40,0.598776388888889,0.3570238888888889,,
spatial,across,intact,700,126,0.0065833333333333325,0.0006025527367540542,0.003810878117021328,40,0.6285775000000002,0.3167872222222222,,
spatial,across,intact,700,127,0.007000000000000001,0.000427008410146899,0.002700638312223111,40,0.6011530555555555,0.3737847222222222,,
spatial,across,intact,700,128,0.006666666666666668,0.0005202453946507077,0.0032903207786188302,40,0.5647905555555557,0.4142524999999999,,
spatial,across,intact,700,129,0.005916666666666666,0.0005131809630673188,0.003245641390262953,40,0.6009297222222223,0.35930888888888884,,
spatial,across,intact,700,130,0.007333333333333333,0.0005748776656683841,0.0036358455989457554,40,0.6402161111111113,0.3376416666666667,,
spatial,across,intact,700,131,0.007250000000000001,0.0004904718932443306,0.003102016621894074,40,0.6132611111111113,0.32849416666666664,,
spatial,across,intact,700,132,0.006,0.0006109168300344762,0.0038637772876778144,40,0.5974441666666667,0.36502333333333337,,
spatial,across,intact,700,133,0.006500000000000001,0.0005462902602399647,0.0034550429718488217,40,0.6190772222222222,0.35963861111111106,,
spatial,across,intact,700,134,0.005416666666666667,0.0004574097142864882,0.0028929130420643255,40,0.5818777777777778,0.3563463888888888,,
spatial,across,intact,700,135,0.007750000000000002,0.0005255237517707583,0.003323704040225084,40,0.5970844444444444,0.30907166666666663,,
spatial,across,intact,700,136,0.006500000000000001,0.0006195991719677601,0.003918689239544948,40,0.6438283333333333,0.3670988888888889,,
spatial,across,intact,700,137,0.006999999999999999,0.0004891995904702285,0.0030939698726150473,40,0.5962983333333334,0.35466611111111096,,
spatial,across,intact,700,138,0.0068333333333333345,0.0006531754562429428,0.004131044306894694,40,0.6488497222222223,0.31658749999999997,,
spatial,across,intact,700,139,0.00525,0.0005583795745617396,0.003531502509061826,40,0.6171047222222222,0.3514791666666666,,
spatial,across,intact,700,140,0.006166666666666667,0.0005277215444626347,0.0033376041016874875,40,0.6222719444444446,0.32647750000000003,,
spatial,across,intact,700,141,0.007416666666666666,0.0005268773245260372,0.0033322647859959456,40,0.6341544444444444,0.3838038888888888,,
spatial,across,intact,700,142,0.0065833333333333325,0.0004217636961434867,0.002667467828369185,40,0.6472022222222222,0.32171638888888887,,
spatial,across,intact,700,143,0.007250000000000001,0.0005954181656808868,0.0037657551275822065,40,0.6449061111111113,0.30687638888888885,,
spatial,across,intact,700,144,0.009083333333333334,0.0005467789649092551,0.0034581338115650556,40,0.6555841666666667,0.30151611111111104,,
spatial,across,intact,700,145,0.007916666666666666,0.0006049122278635169,0.0038258008490709675,40,0.5788891666666667,0.35229111111111105,,
spatial,across,intact,700,146,0.005,0.0005337605126836238,0.003375797890278889,40,0.5899158333333334,0.32461111111111113,,
spatial,across,intact,700,147,0.008583333333333335,0.0006947862406725684,0.004394214014942469,40,0.6588544444444444,0.33796249999999983,,
spatial,across,intact,700,148,0.006916666666666668,0.0005389065112987853,0.003408344043198855,40,0.6547419444444446,0.34297361111111113,,
spatial,across,intact,700,149,0.00625,0.0003617679758851913,0.0022880215766121472,40,0.5895419444444446,0.3641152777777778,,
spatial,across,intact,700,150,0.007333333333333333,0.0007660904560785148,0.004845181469850585,40,0.6179469444444445,0.34390111111111105,,
spatial,across,intact,700,151,0.005583333333333333,0.0004976798018658033,0.00314760343871451,40,0.6106766666666668,0.38584111111111097,,
spatial,across,intact,700,152,0.008416666666666666,0.000596613185780614,0.0037733130983118456,40,0.6122983333333334,0.3257863888888889,,
spatial,across,intact,700,153,0.00525,0.0005583795745617396,0.0035315025090618263,40,0.6048886111111113,0.33415249999999996,,
spatial,across,intact,700,154,0.00825,0.0004772233913401199,0.0030182257386893066,40,0.5995580555555556,0.38846499999999995,,
spatial,across,intact,700,155,0.005583333333333334,0.00042007155814231687,0.0026567658079711424,40,0.5777150000000001,0.38332583333333325,,
spatial,across,intact,700,156,0.008916666666666666,0.0004366979828269512,0.002761920550668525,40,0.6595069444444446,0.32757749999999985,,
spatial,across,intact,700,157,0.007833333333333335,0.0006596856715021065,0.004172218523448575,40,0.5963730555555555,0.33264777777777776,,
spatial,across,intact,700,158,0.006416666666666668,0.0006579288490181673,0.00416110740246089,40,0.5897530555555557,0.34129555555555546,,
spatial,across,intact,700,159,0.006750000000000001,0.0008137659981315881,0.005146708072992288,40,0.5922236111111111,0.33613722222222214,,
spatial,across,intact,700,160,0.008,0.0005443310539518173,0.0034426518632954817,40,0.6337950000000001,0.3643738888888889,,
spatial,across,intact,700,161,0.005333333333333333,0.0004891995904702285,0.0030939698726150473,40,0.6099155555555557,0.3379038888888889,,
spatial,across,intact,700,162,0.00575,0.0004772233913401199,0.0030182257386893066,40,0.5815541666666667,0.35411944444444443,,
spatial,across,intact,700,163,0.00575,0.0004301245430187895,0.002720346466956902,40,0.6326077777777778,0.3156836111111111,,
spatial,across,intact,700,164,0.007333333333333333,0.0004949891362588122,0.003130586175234568,40,0.6237944444444445,0.31063277777777776,,
spatial,across,intact,700,165,0.0075,0.0006172958213483475,0.003904121571130341,40,0.6425655555555556,0.3474708333333333,,
spatial,across,intact,700,166,0.007083333333333333,0.0005869849078564814,0.0037124185219410922,40,0.642766388888889,0.33000638888888884,,
spatial,across,intact,700,167,0.005083333333333334,0.0004919219241781967,0.0031111874227515096,40,0.5496941666666667,0.3728741666666666,,
spatial,across,intact,700,168,0.0068333333333333345,0.0006195991719677601,0.003918689239544948,40,0.6377838888888888,0.3406997222222222,,
spatial,across,intact,700,169,0.0052499999999999995,0.0006072625513464554,0.0038406655999594984,40,0.5977494444444444,0.3316436111111111,,
spatial,across,intact,700,170,0.005916666666666667,0.0004991088925371763,0.003156641801723386,40,0.5697975,0.3699172222222221,,
spatial,across,intact,700,171,0.006666666666666666,0.0006751595780557777,0.00427008410146899,40,0.6243005555555556,0.35401055555555555,,
spatial,across,intact,700,172,0.007083333333333333,0.0005989960736902173,0.003788383804718293,40,0.6008502777777778,0.3155727777777778,,
spatial,across,intact,700,173,0.0065833333333333325,0.0005268773245260372,0.0033322647859959456,40,0.5992144444444445,0.37629305555555553,,
spatial,across,intact,700,174,0.006333333333333334,0.000557262335477027,0.003524436468664519,40,0.5887688888888889,0.3846061111111111,,
spatial,across,intact,700,175,0.006833333333333333,0.0004295031251026405,0.0027164162749691695,40,0.5633169444444445,0.36164361111111104,,
spatial,across,intact,700,176,0.008499999999999999,0.0005961653339578755,0.0037704806346836226,40,0.6328486111111113,0.2849152777777778,,
spatial,across,intact,700,177,0.005166666666666667,0.00051956041029222,0.003285988557150009,40,0.5814730555555556,0.318675,,
spatial,across,intact,700,178,0.007583333333333333,0.0005596536881967729,0.0035395607112309897,40,0.6211302777777779,0.35080888888888884,,
spatial,across,intact,700,179,0.006583333333333334,0.0005532537786493135,0.0034990841292529317,40,0.5654766666666667,0.38146444444444433,,
spatial,across,intact,700,180,0.007083333333333333,0.0006223233281713973,0.00393591831615609,40,0.5637041666666667,0.3582097222222222,,
spatial,across,intact,700,181,0.006,0.0006449452813645634,0.0040789921105803375,40,0.5793666666666667,0.37224749999999995,,
spatial,across,intact,700,182,0.006416666666666668,0.0006579288490181673,0.00416110740246089,40,0.6025186111111112,0.34308999999999995,,
spatial,across,intact,700,183,0.00625,0.0006107710786713059,0.003862855475118429,40,0.6200702777777778,0.29344111111111104,,
spatial,across,intact,700,184,0.005583333333333333,0.0005519648921491675,0.003490932495281123,40,0.5668291666666667,0.3712208333333333,,
spatial,across,intact,700,185,0.007583333333333333,0.0006854979266251703,0.004335469558917038,40,0.5920719444444444,0.36113916666666657,,
spatial,across,intact,700,186,0.005833333333333334,0.0006056476837313231,0.0038304522803925744,40,0.5923786111111112,0.3397941666666667,,
spatial,across,intact,700,187,0.0065833333333333325,0.0004846283858428769,0.0030650590360687827,40,0.634135,0.34413916666666655,,
spatial,across,intact,700,188,0.0065833333333333325,0.0004217636961434867,0.002667467828369185,40,0.5541013888888889,0.4061241666666667,,
spatial,across,intact,700,189,0.00625,0.000494809238329462,0.0031294484008283783,40,0.5708752777777777,0.3712533333333333,,
spatial,across,intact,700,190,0.006833333333333333,0.00051956041029222,0.003285988557150009,40,0.6239522222222222,0.3491791666666667,,
spatial,across,intact,700,191,0.005416666666666667,0.0004875588940976005,0.0030835931976424856,40,0.5773380555555556,0.3933677777777777,,
spatial,across,intact,700,192,0.006916666666666668,0.0005519648921491674,0.0034909324952811225,40,0.5845230555555557,0.31911083333333334,,
spatial,across,intact,700,193,0.005666666666666667,0.0005229763603684908,0.0033075929223788923,40,0.6125463888888889,0.30394805555555554,,
spatial,across,intact,700,194,0.005583333333333333,0.0006130989425780422,0.0038775781791747974,40,0.6322752777777778,0.34852472222222214,,
spatial,across,intact,700,195,0.007000000000000001,0.0005310850045437943,0.0033588764910385265,40,0.6493750000000001,0.3339899999999999,,
spatial,across,intact,700,196,0.005083333333333334,0.0004301245430187895,0.002720346466956902,40,0.5951775000000001,0.3848877777777778,,
spatial,across,intact,700,197,0.007166666666666666,0.0005277215444626347,0.0033376041016874875,40,0.6464827777777777,0.30082583333333324,,
spatial,across,intact,700,198,0.0055,0.00045526361293755647,0.002879339905359958,40,0.6342752777777779,0.3395338888888888,,
spatial,across,intact,700,199,0.006500000000000001,0.0004913786640188923,0.0031077515438206536,40,0.586861388888889,0.35468611111111115,,
spatial,across,intact,700,200,0.00625,0.00044955660333392903,0.002843245607408123,40,0.5603558333333334,0.3464133333333333,,
spatial,across,intact,700,201,0.007250000000000001,0.0006633195892576046,0.004195201437322777,40,0.6175244444444445,0.311571111111111,,
spatial,across,intact,700,202,0.007166666666666667,0.0006703955544528912,0.004239953770645144,40,0.6516491666666667,0.32251083333333336,,
spatial,across,intact,700,203,0.004,0.0005091750772173155,0.003220305943597653,40,0.5882891666666666,0.3538316666666666,,
spatial,across,intact,700,204,0.006083333333333334,0.0004904718932443306,0.003102016621894074,40,0.6041008333333335,0.31300999999999995,,
spatial,across,intact,700,205,0.006333333333333332,0.00047441672090180913,0.003000474796236256,40,0.6184172222222223,0.3310733333333332,,
spatial,across,intact,700,206,0.005333333333333334,0.0005943705521611524,0.003759129437922314,40,0.6348111111111112,0.31307277777777776,,
spatial,across,intact,700,207,0.005166666666666667,0.0005056659032384978,0.0031981119786399334,40,0.6271002777777779,0.3306966666666667,,
spatial,across,intact,700,208,0.0065833333333333325,0.0006370281338409186,0.004028919673087779,40,0.6045594444444444,0.3228347222222222,,
spatial,across,intact,700,209,0.0072499999999999995,0.0005187029077928005,0.0032805652351551038,40,0.5673530555555557,0.3883605555555555,,
spatial,across,intact,700,210,0.006083333333333334,0.0005322571942188483,0.003366290069484333,40,0.5944244444444444,0.37399333333333323,,
spatial,across,intact,700,211,0.005666666666666667,0.000599144689515278,0.003789323733725367,40,0.6346305555555556,0.3520219444444444,,
spatial,across,intact,700,212,0.006666666666666666,0.0006537204504606134,0.004134491152973615,40,0.5918227777777779,0.3539322222222222,,
spatial,across,intact,700,213,0.006500000000000001,0.0004614791034954486,0.0029186501192363773,40,0.6175997222222223,0.33843611111111105,,
spatial,across,intact,700,214,0.00475,0.0005833333333333333,0.0036893239368631092,40,0.5935263888888889,0.3281869444444444,,
spatial,across,intact,700,215,0.00625,0.0005090001931052645,0.0032191998793563385,40,0.6340133333333334,0.3089163888888889,,
spatial,across,intact,700,216,0.005916666666666666,0.0004697016692749325,0.002970654191383831,40,0.5932977777777779,0.352343611111111,,
spatial,across,intact,700,217,0.005916666666666667,0.0006142595663193327,0.0038849186082326862,40,0.5951380555555555,0.3466966666666666,,
spatial,across,intact,700,218,0.005083333333333334,0.0006200300976060129,0.003921414652583029,40,0.606898611111111,0.33263583333333335,,
spatial,across,intact,700,219,0.0055,0.0005791977947731547,0.0036631684944598737,40,0.6047702777777778,0.34023972222222215,,
spatial,across,intact,700,220,0.007583333333333333,0.0005722388181146617,0.003619156061610303,40,0.5763413888888889,0.39651305555555555,,
spatial,across,intact,700,221,0.006833333333333333,0.0003764809314399492,0.0023810744779438693,40,0.5687405555555556,0.38316527777777765,,
spatial,across,intact,700,222,0.006083333333333333,0.0005454747794744822,0.003449885418634857,40,0.5657819444444445,0.3559383333333333,,
spatial,across,intact,700,223,0.005750000000000001,0.0007452365348515147,0.004713289691404478,40,0.6071847222222223,0.3344991666666666,,
spatial,across,intact,700,224,0.006750000000000001,0.0006257474163429115,0.003957574151218542,40,0.5706758333333333,0.3611169444444445,,
spatial,across,intact,700,225,0.008166666666666666,0.0006851081807811226,0.004333004589765487,40,0.6415311111111113,0.31949277777777774,,
spatial,across,intact,700,226,0.005166666666666667,0.00051956041029222,0.003285988557150009,40,0.580735,0.3641752777777778,,
spatial,across,intact,700,227,0.00575,0.0004919219241781967,0.0031111874227515096,40,0.5741991666666667,0.39577999999999997,,
spatial,across,intact,700,228,0.006416666666666668,0.0004527141951056344,0.0028632159712473136,40,0.6304169444444445,0.32360277777777774,,
spatial,across,intact,700,229,0.006666666666666666,0.0006201736729460423,0.003922322702763681,40,0.5567041666666668,0.34819861111111106,,
spatial,across,intact,700,230,0.005333333333333333,0.0006178724639975321,0.0039077685794651745,40,0.5932427777777779,0.32874666666666663,,
spatial,across,intact,700,231,0.007000000000000001,0.000557262335477027,0.003524436468664519,40,0.6184216666666666,0.3298941666666666,,
spatial,across,intact,700,232,0.004,0.0004497546022879613,0.0028444978627462686,40,0.5544769444444445,0.37020666666666663,,
spatial,across,intact,700,233,0.005083333333333334,0.000584553059355846,0.003697038161568145,40,0.5491758333333334,0.34385166666666667,,
spatial,across,intact,700,234,0.006500000000000001,0.0005591762357951763,0.003536541037104265,40,0.5533311111111112,0.3901722222222222,,
spatial,across,intact,700,235,0.00475,0.0004284654257727467,0.00270985328815138,40,0.5995369444444444,0.3297899999999999,,
spatial,across,intact,700,236,0.006416666666666666,0.0006013695196343918,0.0038033947948920535,40,0.5920400000000001,0.34531888888888884,,
spatial,across,intact,700,237,0.0055,0.0003688358524328757,0.0023327227528352878,40,0.5888908333333334,0.3635416666666666,,
spatial,across,intact,700,238,0.006833333333333333,0.0004614791034954486,0.0029186501192363773,40,0.5943833333333334,0.3895319444444444,,
spatial,across,intact,700,239,0.005583333333333333,0.0006246081392643932,0.003950368730310261,40,0.5558569444444444,0.3526297222222221,,
spatial,across,intact,700,240,0.007583333333333333,0.0006200300976060129,0.003921414652583029,40,0.5822586111111112,0.34177388888888877,,
spatial,across,intact,700,241,0.005083333333333334,0.0005200742331410084,0.0032892382581820243,40,0.6208188888888889,0.37900749999999994,,
spatial,across,intact,700,242,0.0045000000000000005,0.0005540578101426393,0.0035041692709117636,40,0.582105,0.3581547222222221,,
spatial,across,intact,700,243,0.007000000000000001,0.000427008410146899,0.002700638312223111,40,0.573893888888889,0.41367861111111104,,
spatial,across,intact,700,244,0.005583333333333333,0.00038466879970967946,0.0024328591037714085,40,0.5669700000000001,0.3834341666666666,,
spatial,across,intact,700,245,0.006416666666666666,0.00048315646631310954,0.003055749799575685,40,0.6157636111111111,0.3084127777777777,,
spatial,across,intact,700,246,0.005333333333333334,0.0005822639771026016,0.0036825607342247,40,0.5846222222222224,0.3295024999999999,,
spatial,across,intact,700,247,0.005,0.0006751595780557777,0.00427008410146899,40,0.5975847222222223,0.315335,,
spatial,across,intact,700,248,0.006500000000000001,0.0005330928945203023,0.0033715755022721006,40,0.5678116666666667,0.37626277777777767,,
spatial,across,intact,700,249,0.005916666666666667,0.0006025527367540542,0.0038108781170213277,40,0.5864908333333334,0.3343458333333333,,
spatial,across,intact,700,250,0.0042499999999999994,0.0004772233913401199,0.0030182257386893066,40,0.5671733333333334,0.3670397222222222,,
spatial,across,intact,700,251,0.004833333333333334,0.0004913786640188923,0.003107751543820654,40,0.5622936111111111,0.3152377777777778,,
spatial,across,intact,700,252,0.00525,0.00044477818665896303,0.0028130242468036807,40,0.5782813888888889,0.3469811111111111,,
spatial,across,intact,700,253,0.006749999999999999,0.0006257474163429115,0.003957574151218542,40,0.598131388888889,0.35366222222222216,,
spatial,across,intact,700,254,0.004583333333333333,0.00042512776695202844,0.0026887440802993373,40,0.5753536111111112,0.39337527777777775,,
spatial,across,intact,700,255,0.004916666666666666,0.0005200742331410084,0.0032892382581820243,40,0.5841291666666667,0.3709736111111111,,
spatial,across,intact,700,256,0.004916666666666666,0.0005467789649092551,0.0034581338115650556,40,0.5672655555555556,0.36706666666666665,,
spatial,across,intact,700,257,0.006500000000000001,0.0005591762357951763,0.003536541037104265,40,0.6272030555555557,0.3076966666666666,,
spatial,across,intact,700,258,0.005916666666666666,0.0005268773245260372,0.003332264785995945,40,0.5988041666666668,0.3101988888888889,,
spatial,across,intact,700,259,0.006833333333333333,0.0005330928945203023,0.0033715755022721006,40,0.5915511111111111,0.3480849999999999,,
spatial,across,intact,700,260,0.005833333333333334,0.000502840931954632,0.0031802452914767624,40,0.6175191666666667,0.36287444444444433,,
spatial,across,intact,700,261,0.005916666666666667,0.0004697016692749325,0.002970654191383831,40,0.5927536111111112,0.36799055555555543,,
spatial,across,intact,700,262,0.004333333333333333,0.0005229763603684908,0.0033075929223788923,40,0.5593675000000001,0.3769627777777778,,
spatial,across,intact,700,263,0.007000000000000001,0.0008422598823413764,0.005326919219968365,40,0.6009069444444446,0.340308611111111,,
spatial,across,intact,700,264,0.006833333333333333,0.0005840959605818989,0.0036941472150854586,40,0.5645347222222223,0.37018611111111116,,
spatial,across,intact,700,265,0.006416666666666666,0.0006896415105730028,0.004361675884819564,40,0.6050361111111112,0.3461216666666666,,
spatial,across,intact,700,266,0.0055,0.0005540578101426393,0.0035041692709117636,40,0.6034038888888891,0.3259930555555555,,
spatial,across,intact,700,267,0.007833333333333335,0.0006809370115327948,0.00430662379910395,40,0.600468611111111,0.35350222222222205,,
spatial,across,intact,700,268,0.0055000000000000005,0.0005913671446023187,0.003740134220666952,40,0.5749241666666667,0.3298480555555555,,
spatial,across,intact,700,269,0.005416666666666667,0.00040803015083275897,0.002580609261307136,40,0.5808952777777778,0.34828055555555554,,
spatial,across,intact,700,270,0.004833333333333334,0.0005330928945203023,0.0033715755022721006,40,0.5641627777777778,0.3642252777777777,,
spatial,across,intact,700,271,0.00575,0.0004620575191436137,0.002922308341001346,40,0.5782205555555555,0.36453111111111103,,
spatial,across,intact,700,272,0.0055,0.00045526361293755647,0.002879339905359958,40,0.5779002777777779,0.3682402777777778,,
spatial,across,intact,700,273,0.0055000000000000005,0.0005913671446023186,0.0037401342206669517,40,0.5705713888888889,0.3997088888888888,,
spatial,across,intact,700,274,0.00625,0.0005493780477196366,0.0034745718545814495,40,0.5795036111111111,0.3395652777777778,,
spatial,across,intact,700,275,0.0036666666666666666,0.0005035486605694166,0.0031847213602527527,40,0.5803522222222222,0.32243750000000004,,
spatial,across,intact,700,276,0.0061666666666666675,0.00048554606965249525,0.0030708629780892916,40,0.5720875000000001,0.33382055555555556,,
spatial,across,intact,700,277,0.005833333333333334,0.0006287281966789348,0.003976426261351493,40,0.5900530555555557,0.3582241666666666,,
spatial,across,intact,700,278,0.006833333333333333,0.0006195991719677601,0.003918689239544948,40,0.6060797222222222,0.3225213888888888,,
spatial,across,intact,700,279,0.00575,0.0006200300976060129,0.003921414652583029,40,0.5653416666666666,0.3506083333333333,,
spatial,across,intact,700,280,0.006416666666666668,0.0004976798018658031,0.0031476034387145093,40,0.6090666666666666,0.2992749999999999,,
spatial,across,intact,700,281,0.007083333333333333,0.0006448072217929582,0.0040781189451822185,40,0.6249086111111112,0.3300730555555555,,
spatial,across,intact,700,282,0.007416666666666667,0.000540226553720501,0.0034166927245201863,40,0.6306669444444444,0.35007416666666663,,
spatial,across,intact,700,283,0.005333333333333333,0.0005310850045437943,0.003358876491038526,40,0.5723727777777778,0.3681944444444444,,
spatial,across,intact,700,284,0.006166666666666667,0.0005913671446023187,0.003740134220666952,40,0.5977080555555556,0.34329361111111106,,
spatial,across,intact,700,285,0.0041666666666666675,0.0005566229063100618,0.003520392363524611,40,0.5369519444444444,0.3340186111111111,,
spatial,across,intact,700,286,0.007000000000000001,0.0005943705521611524,0.003759129437922314,40,0.6068102777777779,0.350666111111111,,
spatial,across,intact,700,287,0.007166666666666667,0.0005791977947731547,0.0036631684944598737,40,0.6249761111111111,0.3453852777777777,,
spatial,across,intact,700,288,0.006750000000000001,0.0005532537786493135,0.0034990841292529312,40,0.5966222222222223,0.3018975,,
spatial,across,intact,700,289,0.006500000000000001,0.0004614791034954486,0.0029186501192363773,40,0.5993947222222222,0.3888833333333333,,
spatial,across,intact,700,290,0.006500000000000001,0.0006195991719677601,0.003918689239544948,40,0.6024611111111111,0.33976277777777775,,
spatial,across,intact,700,291,0.005583333333333333,0.0005389065112987853,0.003408344043198855,40,0.5979677777777778,0.3170491666666666,,
spatial,across,intact,700,292,0.00425,0.0005200742331410084,0.0032892382581820243,40,0.6020636111111111,0.3303916666666666,,
spatial,across,intact,700,293,0.006166666666666667,0.0006487990219938459,0.004103365306380464,40,0.5970752777777777,0.34679805555555554,,
spatial,across,intact,700,294,0.006416666666666666,0.0004976798018658033,0.00314760343871451,40,0.5744444444444443,0.39408222222222217,,
spatial,across,intact,700,295,0.005416666666666667,0.000568492533533872,0.0035954624775333737,40,0.582411388888889,0.351495,,
spatial,across,intact,700,296,0.007000000000000001,0.0007337993857053428,0.004640954808922571,40,0.6113816666666667,0.3304580555555555,,
spatial,across,intact,700,297,0.005666666666666667,0.0005091750772173156,0.0032203059435976533,40,0.6079069444444445,0.3512694444444444,,
spatial,across,intact,700,298,0.006083333333333334,0.0005709927876363795,0.003611275472919581,40,0.5846516666666668,0.3530597222222222,,
spatial,across,intact,700,299,0.0065833333333333325,0.0004991088925371763,0.003156641801723386,40,0.6209969444444445,0.33199083333333335,,
spatial,across,intact,700,300,0.004833333333333334,0.0004913786640188924,0.0031077515438206545,40,0.5768738888888889,0.39279027777777775,,
spatial,across,intact,700,301,0.00525,0.0005954181656808868,0.0037657551275822065,40,0.5697119444444445,0.3398341666666666,,
spatial,across,intact,700,302,0.0058333333333333345,0.0006509909168253992,0.004117228066498983,40,0.5713177777777778,0.34555777777777774,,
spatial,across,intact,700,303,0.005416666666666667,0.0006927329336612468,0.0043812277611597296,40,0.55002,0.35859,,
spatial,across,intact,700,304,0.004916666666666667,0.00037718971323735725,0.002385557207631624,40,0.5847483333333334,0.3427463888888888,,
spatial,across,intact,700,305,0.006750000000000001,0.0007009100718172972,0.004432944523789707,40,0.6037261111111112,0.32062166666666664,,
spatial,across,intact,700,306,0.006083333333333334,0.0005322571942188482,0.0033662900694843324,40,0.5686527777777778,0.4030905555555555,,
spatial,across,intact,700,307,0.005833333333333334,0.0004425708371198286,0.002799063742532105,40,0.5819288888888889,0.3826127777777778,,
spatial,across,intact,700,308,0.005583333333333334,0.0005647213971599237,0.0035716117169158033,40,0.5608180555555556,0.35292027777777774,,
spatial,across,intact,700,309,0.006083333333333334,0.0006947862406725684,0.004394214014942469,40,0.5854697222222224,0.29484527777777775,,
spatial,across,intact,700,310,0.004583333333333333,0.0005295740910852022,0.0033493206352854187,40,0.605783888888889,0.32761805555555557,,
spatial,across,intact,700,311,0.005166666666666667,0.0005330928945203023,0.0033715755022721006,40,0.5649855555555556,0.33552472222222224,,
spatial,across,intact,700,312,0.005583333333333333,0.0006013695196343918,0.0038033947948920535,40,0.612696388888889,0.3309947222222222,,
spatial,across,intact,700,313,0.005916666666666667,0.0006590105247982552,0.004167948520770725,40,0.6360186111111111,0.31163583333333333,,
spatial,across,intact,700,314,0.006750000000000001,0.0006257474163429115,0.003957574151218542,40,0.6000588888888889,0.3536041666666666,,
spatial,across,intact,700,315,0.008333333333333335,0.000642732769590452,0.004064998957468074,40,0.5886522222222222,0.36282194444444443,,
spatial,across,intact,700,316,0.0059166666666666656,0.0006257474163429115,0.003957574151218542,40,0.5726111111111113,0.33542638888888887,,
spatial,across,intact,700,317,0.006500000000000001,0.0005056659032384978,0.0031981119786399334,40,0.5654294444444445,0.31935416666666666,,
spatial,across,intact,700,318,0.004666666666666667,0.0005310850045437943,0.0033588764910385265,40,0.5789755555555556,0.34450833333333336,,
spatial,across,intact,700,319,0.005666666666666667,0.0005364226763936138,0.0033926348919345135,40,0.5686591666666667,0.3642205555555555,,
spatial,across,intact,700,320,0.0065833333333333325,0.0004217636961434867,0.002667467828369185,40,0.571185,0.37810499999999997,,
spatial,across,intact,700,321,0.004833333333333334,0.00047666337934435156,0.0030146839118420175,40,0.6027158333333333,0.3181177777777777,,
spatial,across,intact,700,322,0.00425,0.0004919219241781967,0.0031111874227515096,40,0.5771499999999999,0.3225816666666666,,
spatial,across,intact,700,323,0.00625,0.0004166666666666666,0.002635231383473649,40,0.6025013888888889,0.3951052777777777,,
spatial,across,intact,700,324,0.006166666666666666,0.000787635937708768,0.004981447060324421,40,0.5904747222222223,0.3158908333333333,,
spatial,across,intact,700,325,0.007333333333333333,0.0006338054920158089,0.0040085378965872415,40,0.6075050000000001,0.31032777777777776,,
spatial,across,intact,700,326,0.00625,0.0006557601448101032,0.004147391312723542,40,0.5997677777777778,0.3215766666666666,,
spatial,across,intact,700,327,0.005166666666666667,0.0005840959605818989,0.0036941472150854586,40,0.5703902777777777,0.3375797222222222,,
spatial,across,intact,700,328,0.0055,0.0004706484585228889,0.0029766422123592316,40,0.5828497222222222,0.328636111111111,,
spatial,across,intact,700,329,0.007416666666666667,0.0006481125346341155,0.004099023579097137,40,0.5456113888888889,0.34285166666666655,,
spatial,across,intact,700,330,0.006083333333333334,0.0006188802957865281,0.003914142667368273,40,0.5577727777777778,0.3639447222222221,,
spatial,across,intact,700,331,0.004416666666666667,0.0004976798018658033,0.00314760343871451,40,0.5900675000000001,0.37157694444444445,,
spatial,across,intact,700,332,0.00625,0.0006557601448101032,0.004147391312723542,40,0.5857727777777778,0.3539972222222222,,
spatial,across,intact,700,333,0.004833333333333334,0.00047666337934435156,0.0030146839118420175,40,0.6025775,0.3089152777777777,,
spatial,across,intact,700,334,0.005333333333333333,0.0004591581544807963,0.0029039711487975277,40,0.5683519444444446,0.3086230555555556,,
spatial,across,intact,700,335,0.0055000000000000005,0.00034899122022605635,0.0022072142786315222,40,0.5722733333333334,0.3772008333333333,,
spatial,across,intact,700,336,0.005333333333333334,0.0005443310539518173,0.0034426518632954817,40,0.5614319444444444,0.3363694444444444,,
spatial,across,intact,700,337,0.006750000000000001,0.0006370281338409186,0.004028919673087779,40,0.563768888888889,0.36444111111111105,,
spatial,across,intact,700,338,0.004583333333333333,0.0004727247200735973,0.002989773643396175,40,0.5668155555555556,0.3573533333333333,,
spatial,across,intact,700,339,0.004666666666666667,0.00037363235887853663,0.0023630585231952223,40,0.5687519444444445,0.3980174999999999,,
spatial,across,intact,700,340,0.005,0.00046225016352102424,0.0029235267310234307,40,0.536421111111111,0.354233611111111,,
spatial,across,intact,700,341,0.006666666666666668,0.0005847053462046862,0.0036980013081681943,40,0.6288780555555556,0.32977277777777764,,
spatial,across,intact,700,342,0.006583333333333334,0.00040452391911925445,0.0025584339048691576,40,0.544225,0.37301833333333334,,
spatial,across,intact,700,343,0.006666666666666666,0.0005469417694282446,0.0034591634777518055,40,0.5918919444444445,0.3732661111111111,,
spatial,across,intact,700,344,0.0042499999999999994,0.0005596536881967729,0.0035395607112309897,40,0.5709424999999999,0.3406088888888889,,
spatial,across,intact,700,345,0.0042499999999999994,0.0005596536881967729,0.0035395607112309897,40,0.5326197222222222,0.35631555555555555,,
spatial,across,intact,700,346,0.004333333333333333,0.0005229763603684908,0.0033075929223788923,40,0.539005,0.33483666666666667,,
spatial,across,intact,700,347,0.0055,0.0003688358524328756,0.0023327227528352873,40,0.5778891666666667,0.35357888888888883,,
spatial,across,intact,700,348,0.006,0.0005871365639519861,0.0037133776793067774,40,0.58578,0.31801027777777774,,
spatial,across,intact,700,349,0.005416666666666667,0.0006049122278635169,0.003825800849070968,40,0.5658055555555557,0.3687613888888889,,
spatial,across,intact,700,350,0.007333333333333333,0.0006224663745652349,0.00393682302098729,40,0.5780619444444446,0.34791527777777775,,
spatial,across,intact,700,351,0.006,0.0005748776656683841,0.0036358455989457554,40,0.5927569444444444,0.32606222222222214,,
spatial,across,intact,700,352,0.004583333333333333,0.0006165742596507072,0.0038995580142565786,40,0.5534363888888889,0.34932722222222223,,
spatial,across,intact,700,353,0.004583333333333333,0.00045740971428648807,0.002892913042064325,40,0.5836761111111112,0.35496083333333334,,
spatial,across,intact,700,354,0.0069166666666666664,0.0007490497303754262,0.004737406457442716,40,0.6186766666666668,0.31908611111111107,,
spatial,across,intact,700,355,0.005,0.0005063696835418333,0.0032025630761017424,40,0.57161,0.3224575,,
spatial,across,intact,700,356,0.004583333333333333,0.0004875588940976005,0.0030835931976424856,40,0.5537477777777778,0.3958102777777778,,
spatial,across,intact,700,357,0.006500000000000001,0.0005330928945203023,0.0033715755022721006,40,0.5902258333333334,0.3775108333333332,,
spatial,across,intact,700,358,0.0065833333333333325,0.000680282956044689,0.0043024871889868555,40,0.6035016666666666,0.32120638888888886,,
spatial,across,intact,700,359,0.0045000000000000005,0.0004228178434916492,0.002674134841588425,40,0.5986258333333334,0.34760666666666656,,
spatial,across,intact,700,360,0.007166666666666667,0.0006596856715021065,0.004172218523448575,40,0.5367419444444446,0.3773586111111111,,
spatial,across,intact,700,361,0.005583333333333333,0.0006246081392643932,0.003950368730310261,40,0.5527213888888889,0.3486444444444444,,
spatial,across,intact,700,362,0.005833333333333334,0.0004736654667156709,0.0029957234475763905,40,0.569006388888889,0.36702499999999993,,
spatial,across,intact,700,363,0.005,0.0004465760847047224,0.0028243951524544115,40,0.5996802777777778,0.3358730555555556,,
spatial,across,intact,700,364,0.005166666666666667,0.00042950312510264057,0.00271641627496917,40,0.5532600000000001,0.37392666666666663,,
spatial,across,intact,700,365,0.0055000000000000005,0.000637726553230424,0.004033336865153501,40,0.5792227777777778,0.3432163888888889,,
spatial,across,intact,700,366,0.00475,0.0006072625513464554,0.0038406655999594984,40,0.5731380555555555,0.33354222222222224,,
spatial,across,intact,700,367,0.0052499999999999995,0.0005583795745617396,0.0035315025090618263,40,0.5294466666666666,0.36687666666666663,,
spatial,across,intact,700,368,0.005333333333333334,0.0006062354060275327,0.003834169362567947,40,0.5815616666666668,0.3338113888888889,,
spatial,across,intact,700,369,0.003916666666666667,0.0005187029077928006,0.003280565235155104,40,0.5565041666666666,0.3313438888888888,,
spatial,across,intact,700,370,0.0069166666666666664,0.0004976798018658033,0.00314760343871451,40,0.5784047222222223,0.32726444444444447,,
spatial,across,intact,700,371,0.006083333333333333,0.0005454747794744822,0.003449885418634857,40,0.6162922222222222,0.3183113888888888,,
spatial,across,intact,700,372,0.007333333333333333,0.0006224663745652349,0.00393682302098729,40,0.6166066666666667,0.30684805555555555,,
spatial,across,intact,700,373,0.005666666666666667,0.0006109168300344762,0.0038637772876778144,40,0.5686547222222222,0.3131208333333333,,
spatial,across,intact,700,374,0.005,0.0003958473906635696,0.0025035587206627026,40,0.5486497222222223,0.35453638888888883,,
spatial,across,intact,700,375,0.006916666666666666,0.0005389065112987853,0.003408344043198855,40,0.5988597222222223,0.3119461111111111,,
spatial,across,intact,700,376,0.005166666666666667,0.00047666337934435156,0.0030146839118420175,40,0.5723872222222223,0.3324755555555555,,
spatial,across,intact,700,377,0.005666666666666667,0.0005871365639519862,0.003713377679306778,40,0.5746311111111111,0.31871666666666665,,
spatial,across,intact,700,378,0.006416666666666668,0.0005255237517707585,0.0033237040402250844,40,0.5982558333333333,0.35792638888888895,,
spatial,across,intact,700,379,0.004666666666666666,0.0008506742758816229,0.005380136517400738,40,0.5571950000000001,0.3516261111111111,,
spatial,across,intact,700,380,0.005916666666666667,0.0005659812345252781,0.0035795796280276146,40,0.5638658333333334,0.3472863888888889,,
spatial,across,intact,700,381,0.004416666666666667,0.0005117911677922935,0.0032368515531621123,40,0.5824694444444444,0.3693724999999999,,
spatial,across,intact,700,382,0.004416666666666668,0.0005389065112987853,0.003408344043198855,40,0.5941602777777778,0.3191602777777778,,
spatial,across,intact,700,383,0.005916666666666666,0.0005784287095915728,0.0036583043726829078,40,0.5577088888888889,0.3419313888888888,,
spatial,across,intact,700,384,0.005416666666666667,0.0005019548679499876,0.003174641330662029,40,0.5636969444444444,0.36724888888888885,,
spatial,across,intact,700,385,0.007000000000000001,0.0006178724639975321,0.0039077685794651745,40,0.6014416666666668,0.3703719444444443,,
spatial,across,intact,700,386,0.004583333333333333,0.0006392603899459486,0.0040430377003132,40,0.5876950000000001,0.31121,,
spatial,across,intact,700,387,0.006083333333333334,0.0005583795745617396,0.003531502509061826,40,0.5581852777777777,0.3436152777777778,,
spatial,across,intact,700,388,0.005166666666666667,0.0005330928945203023,0.0033715755022721006,40,0.5408552777777779,0.3307777777777778,,
spatial,across,intact,700,389,0.0045,0.000514047677015483,0.0032511229705750244,40,0.5534383333333335,0.37886083333333326,,
spatial,across,intact,700,390,0.006,0.0006109168300344762,0.0038637772876778144,40,0.5281272222222223,0.38659999999999994,,
spatial,across,intact,700,391,0.00525,0.0004904718932443306,0.003102016621894074,40,0.5746794444444445,0.3724977777777777,,
spatial,across,intact,700,392,0.005833333333333334,0.000426173593297299,0.0026953584668754664,40,0.5715544444444445,0.3884169444444444,,
spatial,across,intact,700,393,0.004833333333333334,0.0005330928945203023,0.0033715755022721006,40,0.5673758333333333,0.32145527777777777,,
spatial,across,intact,700,394,0.006333333333333334,0.0005943705521611524,0.003759129437922314,40,0.5932027777777777,0.30948055555555554,,
spatial,across,intact,700,395,0.0045,0.0005410499447694665,0.003421900306759639,40,0.5622977777777777,0.3620494444444444,,
spatial,across,intact,700,396,0.00575,0.0005200742331410084,0.0032892382581820247,40,0.5761222222222223,0.35980222222222213,,
spatial,across,intact,700,397,0.00425,0.0004463766758603509,0.002823133980186819,40,0.565036388888889,0.34794027777777775,,
spatial,across,intact,700,398,0.004916666666666666,0.0005335936864527374,0.0033747427885527648,40,0.591893611111111,0.3385325,,
spatial,across,intact,700,399,0.005916666666666666,0.0005532537786493135,0.0034990841292529312,40,0.565785,0.3334272222222222,,
spatial,across,intact,700,400,0.005833333333333334,0.0006830257802778872,0.0043198343325836774,40,0.5713022222222222,0.3395827777777778,,
spatial,across,intact,700,401,0.00575,0.0005335936864527374,0.0033747427885527643,40,0.5676277777777778,0.3427466666666666,,
spatial,across,intact,700,402,0.0075,0.0006172958213483474,0.0039041215711303405,40,0.5849522222222221,0.3192572222222222,,
spatial,across,intact,700,403,0.005666666666666667,0.0006558958989042623,0.004148249897002013,40,0.623772777777778,0.31980611111111107,,
spatial,across,intact,700,404,0.00375,0.0004651302547095317,0.0029417420270727605,40,0.5795166666666667,0.3384352777777777,,
spatial,across,intact,700,405,0.006500000000000001,0.0005330928945203023,0.0033715755022721006,40,0.5617972222222222,0.34441583333333325,,
spatial,across,intact,700,406,0.0055,0.0005277215444626347,0.0033376041016874875,40,0.607625,0.33029777777777775,,
spatial,across,intact,700,407,0.007666666666666666,0.0005748776656683841,0.0036358455989457554,40,0.5872388888888889,0.32087833333333327,,
spatial,across,intact,700,408,0.006750000000000001,0.0006257474163429115,0.003957574151218542,40,0.5482380555555556,0.33744583333333333,,
spatial,across,intact,700,409,0.005166666666666667,0.0005056659032384976,0.003198111978639933,40,0.5405508333333333,0.3652086111111111,,
spatial,across,intact,700,410,0.004666666666666667,0.0005035486605694166,0.0031847213602527527,40,0.580275,0.3427186111111111,,
spatial,across,intact,700,411,0.00525,0.0005454747794744822,0.003449885418634857,40,0.5702055555555556,0.3470161111111111,,
spatial,across,intact,700,412,0.005916666666666667,0.0006481125346341155,0.004099023579097137,40,0.5500786111111111,0.34615166666666664,,
spatial,across,intact,700,413,0.006750000000000001,0.0006481125346341155,0.004099023579097137,40,0.575978888888889,0.3790227777777776,,
spatial,across,intact,700,414,0.005083333333333334,0.0005596536881967729,0.0035395607112309897,40,0.5549658333333334,0.34133138888888886,,
spatial,across,intact,700,415,0.005666666666666667,0.0005495400822454191,0.0034755966509035655,40,0.5810991666666667,0.33270888888888883,,
spatial,across,intact,700,416,0.0045,0.0005540578101426393,0.0035041692709117636,40,0.5782566666666666,0.3398319444444445,,
spatial,across,intact,700,417,0.005083333333333334,0.0004620575191436138,0.0029223083410013467,40,0.5523872222222221,0.37149999999999994,,
spatial,across,intact,700,418,0.00625,0.000522806092950542,0.003306516056674825,40,0.5896408333333334,0.3647419444444443,,
spatial,across,intact,700,419,0.00625,0.000717977334594521,0.0045408873713909835,40,0.5736808333333334,0.32150083333333324,,
spatial,across,intact,700,420,0.004416666666666668,0.00048315646631310954,0.003055749799575685,40,0.5283683333333333,0.35951083333333334,,
spatial,across,intact,700,421,0.0065833333333333325,0.0007594373010624473,0.00480310322289669,40,0.5793644444444445,0.3201936111111111,,
spatial,across,intact,700,422,0.005166666666666667,0.0004913786640188923,0.003107751543820654,40,0.5750952777777778,0.34196361111111107,,
spatial,across,intact,700,423,0.0042499999999999994,0.0005596536881967729,0.0035395607112309897,40,0.5553363888888889,0.3669394444444444,,
spatial,across,intact,700,424,0.004000000000000001,0.0005091750772173156,0.0032203059435976533,40,0.5647122222222223,0.3515869444444444,,
spatial,across,intact,700,425,0.0035000000000000005,0.0005591762357951763,0.0035365410371042644,40,0.5647747222222221,0.33436861111111105,,
spatial,across,intact,700,426,0.006333333333333334,0.0005822639771026017,0.0036825607342247002,40,0.5812963888888889,0.34299194444444436,,
spatial,across,intact,700,427,0.005166666666666667,0.0004614791034954486,0.0029186501192363773,40,0.5852569444444444,0.3322905555555556,,
spatial,across,intact,700,428,0.0055,0.0005410499447694665,0.003421900306759639,40,0.5784911111111112,0.3419027777777777,,
spatial,across,intact,700,429,0.004083333333333333,0.00045428476077747075,0.0028731491007230646,40,0.5449730555555556,0.34220194444444446,,
spatial,across,intact,700,430,0.008666666666666666,0.0007337993857053427,0.0046409548089225705,40,0.6048647222222223,0.32535222222222215,,
spatial,across,intact,700,431,0.004,0.0005748776656683841,0.0036358455989457554,40,0.5370830555555556,0.3817716666666667,,
spatial,across,intact,700,432,0.006333333333333334,0.0006178724639975321,0.0039077685794651745,40,0.5514608333333335,0.36361027777777777,,
spatial,across,intact,700,433,0.006750000000000001,0.0006370281338409186,0.004028919673087779,40,0.5483452777777778,0.3335213888888888,,
spatial,across,intact,700,434,0.005083333333333334,0.0004772233913401199,0.0030182257386893066,40,0.5859641666666666,0.32779611111111107,,
spatial,across,intact,700,435,0.0034166666666666664,0.0004991088925371763,0.003156641801723386,40,0.5555308333333333,0.3319977777777778,,
spatial,across,intact,700,436,0.00475,0.0005709927876363795,0.003611275472919581,40,0.5433647222222222,0.3647897222222222,,
spatial,across,intact,700,437,0.006,0.0005623515948579823,0.0035566237711589137,40,0.6268638888888889,0.3184355555555555,,
spatial,across,intact,700,438,0.004416666666666668,0.0006359090673047066,0.004021842074872368,40,0.5562266666666666,0.34144638888888884,,
spatial,across,intact,700,439,0.00525,0.0005833333333333334,0.0036893239368631097,40,0.5549663888888888,0.3177894444444444,,
spatial,across,intact,700,440,0.004583333333333333,0.0006392603899459486,0.0040430377003132,40,0.5699780555555556,0.31936749999999997,,
spatial,across,intact,700,441,0.005083333333333334,0.0005596536881967729,0.0035395607112309897,40,0.6198991666666667,0.32293527777777775,,
spatial,across,intact,700,442,0.004,0.0004653216269680751,0.002942952371508696,40,0.5828941666666667,0.3245269444444444,,
spatial,across,intact,700,443,0.005666666666666666,0.0006109168300344763,0.003863777287677815,40,0.5208844444444444,0.3440111111111111,,
spatial,across,intact,700,444,0.005083333333333334,0.0005335936864527374,0.0033747427885527648,40,0.5792072222222222,0.3495344444444444,,
spatial,across,intact,700,445,0.006,0.0006449452813645634,0.0040789921105803375,40,0.5554547222222223,0.3478533333333333,,
spatial,across,intact,700,446,0.006,0.0005229763603684908,0.0033075929223788923,40,0.5706319444444444,0.30742305555555555,,
spatial,across,intact,700,447,0.0061666666666666675,0.00043934034986550346,0.002778632347180483,40,0.5463966666666666,0.3047683333333333,,
spatial,across,intact,700,448,0.005,0.0004921028776234113,0.0031123318728261753,40,0.5651672222222224,0.31916583333333326,,
spatial,across,intact,700,449,0.003916666666666666,0.0005322571942188482,0.0033662900694843324,40,0.5542811111111112,0.3460883333333333,,
spatial,across,intact,700,450,0.005,0.0005847053462046862,0.0036980013081681943,40,0.5329536111111112,0.3571847222222222,,
spatial,across,intact,700,451,0.006750000000000001,0.0005906139063083313,0.003735370323407233,40,0.5875788888888889,0.3402844444444444,,
spatial,across,intact,700,452,0.006333333333333334,0.0005035486605694166,0.0031847213602527523,40,0.5925825,0.33957166666666666,,
spatial,across,intact,700,453,0.0065833333333333325,0.0006142595663193327,0.0038849186082326862,40,0.5789902777777778,0.3532680555555555,,
spatial,across,intact,700,454,0.005666666666666667,0.0005623515948579822,0.0035566237711589133,40,0.5669422222222223,0.33519916666666666,,
spatial,across,intact,700,455,0.00525,0.0006188802957865281,0.003914142667368273,40,0.5552677777777777,0.34994,,
spatial,across,intact,700,456,0.005416666666666667,0.0005159493228057419,0.003263150034575203,40,0.5706458333333334,0.3409013888888889,,
spatial,across,intact,700,457,0.004,0.0005364226763936138,0.0033926348919345135,40,0.5720272222222222,0.3402644444444444,,
spatial,across,intact,700,458,0.00575,0.000584553059355846,0.0036970381615681453,40,0.6047311111111111,0.30929611111111105,,
spatial,across,intact,700,459,0.006333333333333334,0.0004591581544807963,0.0029039711487975277,40,0.5570772222222222,0.33940027777777776,,
spatial,across,intact,700,460,0.00475,0.0005047847980156418,0.0031925393799149436,40,0.5469177777777777,0.3287733333333333,,
spatial,across,intact,700,461,0.00525,0.0005583795745617396,0.003531502509061826,40,0.6244,0.31677888888888883,,
spatial,across,intact,700,462,0.005833333333333334,0.0005436764162477949,0.003438511570921614,40,0.5777569444444445,0.3075191666666666,,
spatial,across,intact,700,463,0.00475,0.0005187029077928006,0.003280565235155104,40,0.546463888888889,0.345623611111111,,
spatial,across,intact,700,464,0.007666666666666667,0.0005623515948579822,0.0035566237711589133,40,0.5662019444444444,0.35112249999999995,,
spatial,across,intact,700,465,0.005,0.00046225016352102424,0.0029235267310234307,40,0.5513838888888889,0.35918416666666664,,
spatial,across,intact,700,466,0.004999999999999999,0.0006315539556208946,0.003994297930101854,40,0.5473527777777779,0.3553358333333333,,
spatial,across,intact,700,467,0.004416666666666668,0.0006998931542388648,0.004426512972308688,40,0.5621605555555556,0.3359688888888889,,
spatial,across,intact,700,468,0.006166666666666666,0.0006913177474361756,0.004372277337590688,40,0.5429541666666667,0.28876888888888885,,
spatial,across,intact,700,469,0.005416666666666667,0.0005428570089754135,0.0034333291842975513,40,0.5508719444444445,0.34113,,
spatial,across,intact,700,470,0.005,0.0006201736729460423,0.003922322702763681,40,0.5373225000000001,0.34236888888888883,,
spatial,across,intact,700,471,0.004333333333333333,0.00044975460228796133,0.002844497862746269,40,0.5811311111111112,0.32752027777777776,,
spatial,across,intact,700,472,0.006500000000000001,0.0006954266558151432,0.004398264355939664,40,0.5991072222222222,0.3249072222222222,,
spatial,across,intact,700,473,0.006,0.0007279522854655584,0.004603974499992501,40,0.5822322222222223,0.3329063888888889,,
spatial,across,intact,700,474,0.007166666666666667,0.000566767210788584,0.0035845505783853645,40,0.6174819444444445,0.35377,,
spatial,across,intact,700,475,0.004833333333333334,0.00051956041029222,0.003285988557150009,40,0.5411997222222223,0.3604880555555555,,
spatial,across,intact,700,476,0.007166666666666667,0.0006913177474361757,0.004372277337590689,40,0.549008888888889,0.36738472222222224,,
spatial,across,intact,700,477,0.005833333333333334,0.0005566229063100618,0.003520392363524611,40,0.5535808333333334,0.34349444444444444,,
spatial,across,intact,700,478,0.006416666666666668,0.0005389065112987853,0.003408344043198855,40,0.5868705555555556,0.3182002777777778,,
spatial,across,intact,700,479,0.004,0.0003994297930101854,0.0025262158224835783,40,0.5296197222222221,0.36816249999999995,,
spatial,across,intact,700,480,0.006,0.0005991446895152781,0.0037893237337253676,40,0.5968488888888889,0.33936777777777777,,
spatial,across,intact,700,481,0.005666666666666667,0.0005495400822454191,0.0034755966509035655,40,0.5884602777777778,0.35723916666666666,,
spatial,across,intact,700,482,0.0061666666666666675,0.0004706484585228889,0.0029766422123592316,40,0.5417913888888889,0.3753552777777778,,
spatial,across,intact,700,483,0.00475,0.0006302839318575675,0.00398626559455255,40,0.5572841666666667,0.3386469444444444,,
spatial,across,intact,700,484,0.00525,0.0005709927876363795,0.003611275472919581,40,0.5941975000000002,0.32995722222222224,,
spatial,across,intact,700,485,0.00625,0.0006336650053706131,0.004007649381027932,40,0.5759897222222223,0.31299499999999997,,
spatial,across,intact,700,486,0.005583333333333333,0.00038466879970967946,0.0024328591037714085,40,0.5888680555555557,0.3316016666666667,,
spatial,across,intact,700,487,0.0061666666666666675,0.0005913671446023187,0.003740134220666952,40,0.5871272222222222,0.36474249999999997,,
spatial,across,intact,700,488,0.005333333333333334,0.0006292943635623921,0.0039800070151264615,40,0.5498261111111112,0.3345969444444444,,
spatial,across,intact,700,489,0.006500000000000001,0.000674631903431942,0.004266746794119403,40,0.5851458333333335,0.36179694444444443,,
spatial,across,intact,700,490,0.0045,0.0004706484585228889,0.0029766422123592316,40,0.5728808333333333,0.3293491666666666,,
spatial,across,intact,700,491,0.005583333333333333,0.0005389065112987853,0.003408344043198855,40,0.5922244444444444,0.3733047222222222,,
spatial,across,intact,700,492,0.005416666666666667,0.00040803015083275897,0.002580609261307136,40,0.5431947222222222,0.37271638888888886,,
spatial,across,intact,700,493,0.00475,0.0006072625513464554,0.0038406655999594984,40,0.5310777777777778,0.34398833333333323,,
spatial,across,intact,700,494,0.004416666666666668,0.0004200715581423169,0.002656765807971143,40,0.5490513888888888,0.34496166666666667,,
spatial,across,intact,700,495,0.00775,0.0004976798018658031,0.0031476034387145093,40,0.6154925,0.30975972222222226,,
spatial,across,intact,700,496,0.004916666666666666,0.000596613185780614,0.0037733130983118456,40,0.6054194444444445,0.3199213888888889,,
spatial,across,intact,700,497,0.0036666666666666666,0.0003922322702763681,0.0024806946917841693,40,0.5698488888888888,0.3660341666666666,,
spatial,across,intact,700,498,0.005333333333333333,0.000557262335477027,0.003524436468664519,40,0.55999,0.3454861111111111,,
spatial,across,intact,700,499,0.005166666666666667,0.00044577791412086436,0.0028193470784417356,40,0.5400902777777777,0.3285947222222222,,
spatial,across,intact,700,500,0.0035833333333333333,0.0005255237517707583,0.003323704040225084,40,0.5534161111111111,0.3427650000000001,,
spatial,across,intact,700,501,0.0035000000000000005,0.0004913786640188923,0.003107751543820654,40,0.5211275,0.3417444444444444,,
spatial,across,intact,700,502,0.005583333333333333,0.0006013695196343918,0.0038033947948920535,40,0.5665083333333334,0.3583058333333334,,
spatial,across,intact,700,503,0.00425,0.0005061938301996517,0.003201450881910849,40,0.5415625000000001,0.35204111111111114,,
spatial,across,intact,700,504,0.00475,0.0006072625513464554,0.0038406655999594984,40,0.5816083333333335,0.33276694444444443,,
spatial,across,intact,700,505,0.00425,0.0005467789649092551,0.0034581338115650556,40,0.5578255555555556,0.3275936111111111,,
spatial,across,intact,700,506,0.003833333333333333,0.0005540578101426393,0.0035041692709117636,40,0.5397602777777779,0.3338447222222222,,
spatial,across,intact,700,507,0.0042499999999999994,0.0004620575191436138,0.0029223083410013467,40,0.5647913888888889,0.3170222222222222,,
spatial,across,intact,700,508,0.004333333333333333,0.0004168802871199042,0.0026365824378477057,40,0.5562488888888889,0.34293138888888886,,
spatial,across,intact,700,509,0.005166666666666667,0.0005591762357951763,0.003536541037104265,40,0.5380027777777778,0.3586838888888889,,
spatial,across,intact,700,510,0.005333333333333333,0.0006405126152203485,0.004050957468334666,40,0.5781455555555557,0.3328291666666666,,
spatial,across,intact,700,511,0.007416666666666667,0.000540226553720501,0.0034166927245201863,40,0.5948805555555556,0.3071361111111111,,
spatial,across,intact,700,512,0.005583333333333333,0.0006013695196343918,0.0038033947948920535,40,0.5415766666666666,0.36655777777777776,,
spatial,across,intact,700,513,0.006749999999999999,0.0005906139063083313,0.0037353703234072324,40,0.5511922222222223,0.32126916666666666,,
spatial,across,intact,700,514,0.004833333333333334,0.0004295031251026405,0.0027164162749691695,40,0.5601580555555556,0.35150249999999994,,
spatial,across,intact,700,515,0.005583333333333333,0.0005255237517707585,0.0033237040402250844,40,0.5616844444444445,0.31893888888888894,,
spatial,across,intact,700,516,0.00575,0.0006314129680188206,0.003993406246213056,40,0.5328688888888888,0.33145527777777783,,
spatial,across,intact,700,517,0.004916666666666666,0.0004772233913401199,0.0030182257386893066,40,0.568735,0.32520527777777775,,
spatial,across,intact,700,518,0.004666666666666667,0.000557262335477027,0.003524436468664519,40,0.5384333333333334,0.31370027777777776,,
spatial,across,intact,700,519,0.004333333333333333,0.0005229763603684908,0.0033075929223788923,40,0.5320775000000001,0.3595608333333333,,
spatial,across,intact,700,520,0.005583333333333333,0.0005117911677922933,0.003236851553162112,40,0.5880763888888889,0.33131083333333333,,
spatial,across,intact,700,521,0.005083333333333334,0.0005467789649092551,0.0034581338115650556,40,0.5603691666666666,0.33919333333333324,,
spatial,across,intact,700,522,0.005833333333333334,0.000502840931954632,0.003180245291476762,40,0.5870675000000001,0.327395,,
spatial,across,intact,700,523,0.0037500000000000007,0.0005989960736902173,0.003788383804718293,40,0.5588202777777778,0.3379333333333333,,
spatial,across,intact,700,524,0.00575,0.0005061938301996516,0.0032014508819108484,40,0.5593897222222222,0.34107361111111106,,
spatial,across,intact,700,525,0.004333333333333333,0.0005991446895152781,0.0037893237337253676,40,0.5557813888888888,0.3414244444444444,,
spatial,across,intact,700,526,0.005416666666666667,0.0006049122278635169,0.0038258008490709675,40,0.5802791666666668,0.3397091666666666,,
spatial,across,intact,700,527,0.004333333333333333,0.0005229763603684908,0.0033075929223788923,40,0.5771597222222221,0.33562250000000005,,
spatial,across,intact,700,528,0.006666666666666666,0.0005847053462046862,0.0036980013081681943,40,0.5547313888888888,0.3520644444444445,,
spatial,across,intact,700,529,0.004583333333333333,0.0006049122278635169,0.0038258008490709675,40,0.5909313888888891,0.34001388888888884,,
spatial,across,intact,700,530,0.006083333333333334,0.0004757285610699276,0.0030087716019509612,40,0.5717366666666667,0.34834777777777776,,
spatial,across,intact,700,531,0.0055,0.0005410499447694665,0.003421900306759639,40,0.5459522222222222,0.3389375,,
spatial,across,intact,700,532,0.006666666666666668,0.0007548513560963971,0.004774099160262886,40,0.5814588888888889,0.3380008333333333,,
spatial,across,intact,700,533,0.0034166666666666664,0.0005268773245260372,0.003332264785995945,40,0.5499958333333332,0.31864194444444444,,
spatial,across,intact,700,534,0.007000000000000001,0.0006515377383555189,0.004120686469516576,40,0.5400886111111112,0.3572591666666667,,
spatial,across,intact,700,535,0.004833333333333334,0.00044577791412086436,0.0028193470784417356,40,0.5550652777777778,0.31348388888888884,,
spatial,across,intact,700,536,0.004083333333333333,0.0006025527367540542,0.0038108781170213277,40,0.5442136111111111,0.3446349999999999,,
spatial,across,intact,700,537,0.006,0.0005748776656683841,0.0036358455989457554,40,0.5486075,0.3563380555555554,,
spatial,across,intact,700,538,0.004833333333333334,0.00041258686385768536,0.002609428444912182,40,0.5527236111111111,0.33170722222222226,,
spatial,across,intact,700,539,0.003916666666666667,0.0005047847980156418,0.0031925393799149436,40,0.5602652777777777,0.3235697222222222,,
spatial,across,intact,700,540,0.0069166666666666664,0.0006579288490181673,0.00416110740246089,40,0.5574197222222221,0.332501111111111,,
spatial,across,intact,700,541,0.005833333333333334,0.0005937710859953545,0.0037553380809940543,40,0.5557338888888889,0.35749749999999997,,
spatial,across,intact,700,542,0.005333333333333333,0.0006405126152203485,0.004050957468334666,40,0.5679386111111111,0.3526344444444445,,
spatial,across,intact,700,543,0.0036666666666666666,0.0005175000172041232,0.0032729574870827014,40,0.5372163888888889,0.3150494444444444,,
spatial,across,intact,700,544,0.005833333333333334,0.0004884710724331468,0.0030893623199876614,40,0.5615266666666666,0.3523686111111111,,
spatial,across,intact,700,545,0.003916666666666667,0.0004904718932443306,0.003102016621894074,40,0.5450258333333332,0.34188222222222225,,
spatial,across,intact,700,546,0.004666666666666666,0.0005443310539518173,0.0034426518632954817,40,0.5655938888888888,0.3222944444444444,,
spatial,across,intact,700,547,0.004916666666666667,0.0004463766758603509,0.002823133980186819,40,0.5937816666666667,0.3124988888888889,,
spatial,across,intact,700,548,0.004833333333333334,0.0004457779141208643,0.002819347078441735,40,0.5666230555555556,0.3346333333333333,,
spatial,across,intact,700,549,0.005083333333333334,0.0006425942346670647,0.0040641227856813116,40,0.5638552777777777,0.3520894444444444,,
spatial,across,intact,700,550,0.007250000000000001,0.0006414848782339682,0.0040571065995502215,40,0.5776744444444445,0.36715944444444437,,
spatial,across,intact,700,551,0.004333333333333333,0.0004336290903919939,0.0027425111706914744,40,0.5486700000000001,0.3193983333333334,,
spatial,across,intact,700,552,0.0055,0.0004855460696524952,0.003070862978089291,40,0.5636663888888889,0.36890583333333327,,
spatial,across,intact,700,553,0.004416666666666667,0.0005117911677922935,0.0032368515531621123,40,0.5671838888888889,0.3119388888888889,,
spatial,across,intact,700,554,0.0055000000000000005,0.0006149838438569978,0.0038894993415869257,40,0.5617530555555555,0.3491655555555555,,
spatial,across,intact,700,555,0.004,0.0004653216269680751,0.002942952371508696,40,0.5477275,0.3267633333333333,,
spatial,across,intact,700,556,0.004916666666666666,0.0004301245430187895,0.002720346466956902,40,0.5620855555555556,0.3794155555555555,,
spatial,across,intact,700,557,0.005416666666666667,0.0005159493228057419,0.0032631500345752028,40,0.5828669444444444,0.3299066666666666,,
spatial,across,intact,700,558,0.005166666666666667,0.0005591762357951763,0.003536541037104265,40,0.577115,0.35177472222222217,,
spatial,across,intact,700,559,0.0032500000000000003,0.0005268773245260372,0.0033322647859959456,40,0.5478061111111112,0.32631333333333323,,
spatial,across,intact,700,560,0.003833333333333333,0.000470648458522889,0.002976642212359232,40,0.5444252777777778,0.3434758333333333,,
spatial,across,intact,700,561,0.0042499999999999994,0.0005200742331410084,0.0032892382581820247,40,0.5674861111111111,0.30978722222222216,,
spatial,across,intact,700,562,0.006166666666666666,0.0006032910690206792,0.003815547740286387,40,0.5751858333333335,0.34151916666666665,,
spatial,across,intact,700,563,0.0045,0.0006487990219938459,0.004103365306380464,40,0.5453611111111112,0.3211038888888888,,
spatial,across,intact,700,564,0.006500000000000001,0.0005330928945203023,0.0033715755022721006,40,0.6009024999999999,0.3510697222222222,,
spatial,across,intact,700,565,0.004833333333333334,0.00044577791412086436,0.0028193470784417356,40,0.5302425,0.3434716666666667,,
spatial,across,intact,700,566,0.004916666666666667,0.000596613185780614,0.0037733130983118456,40,0.5404094444444445,0.36156472222222213,,
spatial,across,intact,700,567,0.0055000000000000005,0.0005410499447694665,0.003421900306759639,40,0.6215561111111112,0.3170305555555555,,
spatial,across,intact,700,568,0.007250000000000001,0.0006739717291829767,0.004262571485560761,40,0.5757583333333333,0.35208277777777774,,
spatial,across,intact,700,569,0.00475,0.0006302839318575675,0.00398626559455255,40,0.5917002777777778,0.3284361111111111,,
spatial,across,intact,700,570,0.005166666666666667,0.0005717718748968656,0.003616202853397895,40,0.5339869444444446,0.35682722222222213,,
spatial,across,intact,700,571,0.004833333333333334,0.0005591762357951763,0.003536541037104265,40,0.5549683333333334,0.3245002777777778,,
spatial,across,intact,700,572,0.0041666666666666675,0.000502840931954632,0.003180245291476762,40,0.5339119444444445,0.3412994444444444,,
spatial,across,intact,700,573,0.004333333333333333,0.0004336290903919939,0.0027425111706914744,40,0.5962200000000001,0.3304763888888889,,
spatial,across,intact,700,574,0.004833333333333334,0.00047666337934435156,0.0030146839118420175,40,0.5408583333333333,0.3295824999999999,,
spatial,across,intact,700,575,0.003333333333333333,0.00041344911529736153,0.002614881801842454,40,0.5854583333333333,0.32137555555555547,,
spatial,across,intact,700,576,0.004333333333333333,0.0006109168300344762,0.0038637772876778144,40,0.5456497222222223,0.34023416666666656,,
spatial,across,intact,700,577,0.0036666666666666666,0.0005310850045437943,0.003358876491038526,40,0.5674738888888889,0.33654666666666666,,
spatial,across,intact,700,578,0.005333333333333334,0.0005822639771026017,0.0036825607342247002,40,0.5431472222222223,0.3363730555555556,,
spatial,across,intact,700,579,0.004166666666666667,0.0004736654667156709,0.0029957234475763905,40,0.5251027777777779,0.32932222222222224,,
spatial,across,intact,700,580,0.004083333333333333,0.0006142595663193327,0.0038849186082326862,40,0.528796111111111,0.33481638888888887,,
spatial,across,intact,700,581,0.004583333333333333,0.0005428570089754135,0.0034333291842975513,40,0.542173888888889,0.3528469444444444,,
spatial,across,intact,700,582,0.002916666666666667,0.00044955660333392903,0.002843245607408123,40,0.5670808333333334,0.3211819444444445,,
spatial,across,intact,700,583,0.006500000000000001,0.0006421784505829842,0.004061493136240229,40,0.5750952777777778,0.34921638888888884,,
spatial,across,intact,700,584,0.0055000000000000005,0.0006377265532304238,0.0040333368651535,40,0.5770683333333334,0.3534099999999999,,
spatial,across,intact,700,585,0.007333333333333333,0.0006877023141843227,0.004349411329982359,40,0.5608866666666668,0.3268188888888889,,
spatial,across,intact,700,586,0.004833333333333334,0.0004295031251026405,0.0027164162749691695,40,0.5564627777777778,0.3408444444444444,,
spatial,across,intact,700,587,0.004833333333333334,0.000674631903431942,0.004266746794119403,40,0.566753888888889,0.3024986111111111,,
spatial,across,intact,700,588,0.0023333333333333335,0.0005091750772173156,0.0032203059435976533,40,0.5576519444444443,0.35356944444444444,,
spatial,across,intact,700,589,0.005833333333333334,0.0005937710859953544,0.003755338080994054,40,0.5522827777777778,0.34574916666666666,,
spatial,across,intact,700,590,0.005833333333333334,0.0005816520337100941,0.003678690464385871,40,0.5449411111111111,0.32593777777777777,,
spatial,across,intact,700,591,0.004833333333333334,0.0005330928945203023,0.0033715755022721006,40,0.5678519444444444,0.29573083333333333,,
spatial,across,intact,700,592,0.004833333333333334,0.0005462902602399647,0.0034550429718488217,40,0.5669880555555556,0.3534380555555555,,
spatial,across,intact,700,593,0.002833333333333333,0.0003688358524328756,0.0023327227528352873,40,0.5550666666666666,0.32566194444444446,,
spatial,across,intact,700,594,0.005583333333333333,0.0005389065112987853,0.003408344043198855,40,0.5714880555555556,0.32466972222222223,,
spatial,across,intact,700,595,0.004,0.0006109168300344762,0.0038637772876778144,40,0.5563991666666667,0.3404288888888889,,
spatial,across,intact,700,596,0.00475,0.0005187029077928005,0.0032805652351551038,40,0.5470880555555556,0.32352777777777775,,
spatial,across,intact,700,597,0.0030833333333333333,0.0005894067228156503,0.003727735424625975,40,0.5447219444444444,0.3428702777777778,,
spatial,across,intact,700,598,0.00475,0.0005322571942188482,0.0033662900694843324,40,0.5550219444444445,0.33422499999999994,,
spatial,across,intact,700,599,0.0041666666666666675,0.0005168113941217019,0.003268602252303067,40,0.5416480555555555,0.3405063888888889,,
spatial,across,intact,700,600,0.005416666666666667,0.0006280197703168522,0.003971945779634117,40,0.5620072222222221,0.3277097222222222,,
spatial,across,intact,700,601,0.005333333333333334,0.0005443310539518173,0.0034426518632954812,40,0.5568575000000001,0.35945,,
spatial,across,intact,700,602,0.005166666666666667,0.0007055942515803596,0.004462569877831597,40,0.5468313888888888,0.33568388888888884,,
spatial,across,intact,700,603,0.005,0.0005723943812052382,0.0036201399289824566,40,0.5252286111111111,0.3398686111111111,,
spatial,across,intact,700,604,0.0034166666666666664,0.0004697016692749325,0.002970654191383831,40,0.4993991666666666,0.33987333333333336,,
spatial,across,intact,700,605,0.00275,0.00041150650886420594,0.0026025956799903193,40,0.5371786111111111,0.3382755555555555,,
spatial,across,intact,700,606,0.003833333333333333,0.000637726553230424,0.004033336865153501,40,0.5507361111111111,0.3358230555555556,,
spatial,across,intact,700,607,0.004,0.0005091750772173156,0.0032203059435976533,40,0.5719244444444445,0.3481566666666666,,
spatial,across,intact,700,608,0.0045,0.0005540578101426393,0.0035041692709117636,40,0.5257305555555557,0.3342583333333333,,
spatial,across,intact,700,609,0.0055000000000000005,0.0006149838438569978,0.0038894993415869257,40,0.5729497222222222,0.3534141666666666,,
spatial,across,intact,700,610,0.00525,0.0004904718932443306,0.0031020166218940744,40,0.5806627777777779,0.3406316666666667,,
spatial,across,intact,700,611,0.004,0.0005623515948579822,0.0035566237711589133,40,0.5242566666666667,0.3405383333333333,,
spatial,across,intact,700,612,0.0037500000000000007,0.0004651302547095317,0.0029417420270727605,40,0.5236238888888889,0.3660211111111111,,
spatial,across,intact,700,613,0.003916666666666667,0.0004904718932443306,0.003102016621894074,40,0.5704125000000001,0.32506888888888885,,
spatial,across,intact,700,614,0.002916666666666667,0.0004948092383294621,0.0031294484008283787,40,0.5182580555555556,0.34485166666666667,,
spatial,across,intact,700,615,0.004666666666666667,0.000427008410146899,0.002700638312223111,40,0.5605883333333332,0.3588297222222222,,
spatial,across,intact,700,616,0.00525,0.0003351977772264456,0.002119976885322572,40,0.5668697222222223,0.3691041666666666,,
spatial,across,intact,700,617,0.00625,0.0006107710786713059,0.003862855475118429,40,0.5477569444444444,0.3477038888888889,,
spatial,across,intact,700,618,0.0041666666666666675,0.0004736654667156709,0.0029957234475763905,40,0.5172158333333333,0.33267916666666664,,
spatial,across,intact,700,619,0.004000000000000001,0.00048038446141526145,0.0030382181012510003,40,0.5237172222222222,0.3177188888888889,,
spatial,across,intact,700,620,0.005833333333333334,0.0005816520337100941,0.003678690464385871,40,0.6091619444444445,0.3023158333333333,,
spatial,across,intact,700,621,0.005916666666666667,0.0005659812345252781,0.0035795796280276146,40,0.5681241666666667,0.3379922222222222,,
spatial,across,intact,700,622,0.003583333333333333,0.00046818282400698627,0.0029610481704636735,40,0.5574463888888889,0.3620508333333333,,
spatial,across,intact,700,623,0.005333333333333334,0.0005175000172041232,0.003272957487082702,40,0.5402158333333335,0.3839577777777777,,
spatial,across,intact,700,624,0.004,0.0005871365639519861,0.0037133776793067774,40,0.5557022222222222,0.3687769444444444,,
spatial,across,intact,700,625,0.004416666666666668,0.0004681828240069863,0.002961048170463674,40,0.5330958333333333,0.31966416666666664,,
spatial,across,intact,700,626,0.005916666666666666,0.0005532537786493135,0.0034990841292529312,40,0.5679527777777779,0.3632625,,
spatial,across,intact,700,627,0.0035000000000000005,0.0005840959605818987,0.0036941472150854577,40,0.5178966666666668,0.32804111111111106,,
spatial,across,intact,700,628,0.0020833333333333333,0.00042512776695202844,0.0026887440802993373,40,0.5275705555555555,0.36923416666666664,,
spatial,across,intact,700,629,0.003833333333333333,0.0006032910690206793,0.003815547740286388,40,0.5233011111111112,0.3190555555555556,,
spatial,across,intact,700,630,0.004333333333333333,0.0005495400822454191,0.0034755966509035655,40,0.5623750000000001,0.3447205555555556,,
spatial,across,intact,700,631,0.002916666666666667,0.00044955660333392903,0.002843245607408123,40,0.5399955555555557,0.3454397222222222,,
spatial,across,intact,700,632,0.0035833333333333333,0.0004681828240069863,0.002961048170463674,40,0.5315569444444445,0.3553397222222222,,
spatial,across,intact,700,633,0.0032500000000000003,0.0004217636961434867,0.002667467828369185,40,0.5390697222222223,0.3710416666666666,,
spatial,across,intact,700,634,0.0034999999999999996,0.0005462902602399647,0.0034550429718488217,40,0.5315091666666667,0.3489294444444444,,
spatial,across,intact,700,635,0.0055000000000000005,0.0004706484585228889,0.0029766422123592316,40,0.5914502777777778,0.3506608333333333,,
spatial,across,intact,700,636,0.0032500000000000003,0.00045428476077747075,0.0028731491007230646,40,0.5443177777777778,0.3470877777777778,,
spatial,across,intact,700,637,0.005166666666666667,0.00051956041029222,0.003285988557150009,40,0.5565341666666667,0.3457502777777778,,
spatial,across,intact,700,638,0.00425,0.0005596536881967729,0.0035395607112309897,40,0.5591833333333333,0.3439702777777778,,
spatial,across,intact,700,639,0.004666666666666667,0.0004591581544807963,0.0029039711487975277,40,0.5093727777777778,0.32588222222222224,,
spatial,across,intact,700,640,0.00525,0.0005047847980156418,0.0031925393799149436,40,0.5390936111111111,0.37870388888888884,,
spatial,across,intact,700,641,0.0035833333333333333,0.0005117911677922935,0.0032368515531621123,40,0.5268016666666666,0.33206027777777775,,
spatial,across,intact,700,642,0.003583333333333333,0.0006246081392643932,0.003950368730310261,40,0.5066775,0.3383033333333333,,
spatial,across,intact,700,643,0.00525,0.0005954181656808868,0.0037657551275822065,40,0.5167736111111111,0.36347694444444445,,
spatial,across,intact,700,644,0.004083333333333333,0.0004846283858428769,0.0030650590360687827,40,0.5240750000000001,0.3229236111111112,,
spatial,across,intact,700,645,0.005916666666666667,0.0005784287095915728,0.0036583043726829078,40,0.5320430555555555,0.3330591666666667,,
spatial,across,intact,700,646,0.00425,0.00037718971323735725,0.002385557207631624,40,0.5604366666666667,0.3510691666666667,,
spatial,across,intact,700,647,0.004666666666666667,0.0005310850045437943,0.0033588764910385265,40,0.5449166666666667,0.3129122222222222,,
spatial,across,intact,700,648,0.006666666666666666,0.0006201736729460423,0.003922322702763681,40,0.5440297222222223,0.325501111111111,,
spatial,across,intact,700,649,0.0041666666666666675,0.0006172958213483476,0.0039041215711303414,40,0.5323011111111111,0.33958138888888884,,
spatial,across,intact,700,650,0.004999999999999999,0.0005202453946507077,0.0032903207786188307,40,0.5669741666666667,0.3385502777777778,,
spatial,across,intact,700,651,0.005583333333333334,0.0005255237517707583,0.003323704040225084,40,0.5361883333333334,0.3407280555555555,,
spatial,across,intact,700,652,0.0034166666666666664,0.0004217636961434866,0.0026674678283691846,40,0.5332811111111112,0.36439,,
spatial,across,intact,700,653,0.004416666666666667,0.0005894067228156503,0.003727735424625975,40,0.5434247222222222,0.3451238888888889,,
spatial,across,intact,700,654,0.004083333333333333,0.0005784287095915729,0.003658304372682908,40,0.5269116666666667,0.3295388888888888,,
spatial,across,intact,700,655,0.005166666666666667,0.0005717718748968656,0.003616202853397895,40,0.5323366666666668,0.36641499999999994,,
spatial,across,intact,700,656,0.0042499999999999994,0.0006200300976060129,0.003921414652583029,40,0.5545955555555555,0.32627472222222215,,
spatial,across,intact,700,657,0.004583333333333333,0.0006165742596507072,0.0038995580142565786,40,0.5302100000000001,0.3321658333333334,,
spatial,across,intact,700,658,0.003916666666666667,0.00044477818665896303,0.0028130242468036807,40,0.5317880555555555,0.32932861111111106,,
spatial,across,intact,700,659,0.003833333333333333,0.0005,0.0031622776601683794,40,0.540918888888889,0.32653277777777784,,
spatial,across,intact,700,660,0.005,0.0005469417694282446,0.0034591634777518055,40,0.5256252777777779,0.3368880555555555,,
spatial,across,intact,700,661,0.006083333333333333,0.0006844581111966647,0.004328893188716515,40,0.5617661111111112,0.31935916666666664,,
spatial,across,intact,700,662,0.005416666666666667,0.0005930209011272614,0.0037505934952953204,40,0.5164325,0.34227833333333335,,
spatial,across,intact,700,663,0.0036666666666666666,0.0004891995904702285,0.0030939698726150473,40,0.5467097222222221,0.34018527777777774,,
spatial,across,intact,700,664,0.0030833333333333333,0.00048315646631310954,0.003055749799575685,40,0.5080097222222222,0.3208713888888889,,
spatial,across,intact,700,665,0.0032500000000000003,0.00043832593994609713,0.0027722166555276995,40,0.5250802777777778,0.31916,,
spatial,across,intact,700,666,0.004333333333333333,0.0005748776656683841,0.0036358455989457554,40,0.5418933333333333,0.34264555555555554,,
spatial,across,intact,700,667,0.004416666666666668,0.0006013695196343918,0.0038033947948920535,40,0.5339852777777778,0.34520416666666665,,
spatial,across,intact,700,668,0.004916666666666666,0.0004919219241781967,0.0031111874227515096,40,0.5265369444444443,0.3382422222222222,,
spatial,across,intact,700,669,0.006500000000000001,0.0006079951641733013,0.003845299050311274,40,0.5031347222222222,0.3477,,
spatial,across,intact,700,670,0.0036666666666666666,0.00044337478117411743,0.002804148331177911,40,0.5086922222222222,0.3456947222222222,,
spatial,across,intact,700,671,0.00375,0.0005090001931052645,0.0032191998793563385,40,0.5200591666666667,0.3346738888888888,,
spatial,across,intact,700,672,0.004416666666666667,0.0005255237517707585,0.0033237040402250844,40,0.541935,0.30722138888888895,,
spatial,across,intact,700,673,0.005666666666666667,0.0006558958989042623,0.004148249897002013,40,0.5437022222222222,0.31394999999999995,,
spatial,across,intact,700,674,0.0045,0.000514047677015483,0.0032511229705750244,40,0.5296033333333334,0.36309638888888884,,
spatial,across,intact,700,675,0.00525,0.0005187029077928006,0.003280565235155104,40,0.5279550000000001,0.3373027777777778,,
spatial,across,intact,700,676,0.00375,0.00043342372495760464,0.0027412123256407945,40,0.5132294444444444,0.35978833333333327,,
spatial,across,intact,700,677,0.004583333333333333,0.0006280197703168522,0.003971945779634117,40,0.5611558333333334,0.32245722222222223,,
spatial,across,intact,700,678,0.0035833333333333333,0.0003656843874505326,0.0023127911382143547,40,0.5200280555555554,0.33014027777777777,,
spatial,across,intact,700,679,0.004833333333333334,0.0006531754562429428,0.004131044306894694,40,0.5436044444444444,0.31205638888888887,,
spatial,across,intact,700,680,0.0035000000000000005,0.0005462902602399647,0.0034550429718488217,40,0.4989583333333335,0.3375155555555555,,
spatial,across,intact,700,681,0.002916666666666667,0.0006223233281713973,0.00393591831615609,40,0.5224375,0.3396383333333333,,
spatial,across,intact,700,682,0.005166666666666667,0.0006309898162000304,0.003990729999126216,40,0.5469747222222223,0.3435788888888889,,
spatial,across,intact,700,683,0.0042499999999999994,0.0006084343084444759,0.0038480764425479273,40,0.5196163888888888,0.3290888888888889,,
spatial,across,intact,700,684,0.002666666666666667,0.0004168802871199042,0.0026365824378477057,40,0.5208541666666667,0.3444247222222222,,
spatial,across,intact,700,685,0.00275,0.00044477818665896303,0.0028130242468036807,40,0.535035,0.32787055555555555,,
spatial,across,intact,700,686,0.004833333333333334,0.00047666337934435156,0.0030146839118420175,40,0.498088611111111,0.3349594444444445,,
spatial,across,intact,700,687,0.004666666666666667,0.0006623793767520534,0.004189255011318546,40,0.5290408333333334,0.3235563888888889,,
spatial,across,intact,700,688,0.0030833333333333333,0.0004366979828269512,0.002761920550668525,40,0.5015386111111111,0.33875083333333333,,
spatial,across,intact,700,689,0.0036666666666666666,0.0006062354060275328,0.0038341693625679476,40,0.5422783333333333,0.3284080555555556,,
spatial,across,intact,700,690,0.004833333333333334,0.0006531754562429428,0.004131044306894694,40,0.5175683333333334,0.3344463888888889,,
spatial,across,intact,700,691,0.00425,0.0006084343084444759,0.0038480764425479273,40,0.5163272222222222,0.33772861111111113,,
spatial,across,intact,700,692,0.005,0.0005967623950328607,0.003774256780481986,40,0.5579130555555556,0.3292366666666667,,
spatial,across,intact,700,693,0.003166666666666666,0.00047666337934435156,0.0030146839118420175,40,0.5316741666666667,0.32598222222222223,,
spatial,across,intact,700,694,0.004583333333333333,0.0005808861979155425,0.0036738468935369364,40,0.526758888888889,0.32972250000000003,,
spatial,across,intact,700,695,0.003583333333333333,0.0005117911677922935,0.0032368515531621123,40,0.49926916666666676,0.3210461111111111,,
spatial,across,intact,700,696,0.004083333333333333,0.0006142595663193327,0.0038849186082326862,40,0.49661527777777775,0.32216611111111104,,
spatial,across,intact,700,697,0.004583333333333333,0.0004727247200735973,0.002989773643396175,40,0.5019155555555554,0.35905972222222216,,
spatial,across,intact,700,698,0.005666666666666667,0.000622466374565235,0.003936823020987291,40,0.5200847222222221,0.3403544444444445,,
spatial,across,intact,700,699,0.004,0.0005871365639519861,0.0037133776793067774,40,0.5160508333333335,0.31492305555555555,,
spatial,across,rest,5,0,0.00225,0.0004366979828269,0.0027619205506685,40,0.4930744444444445,0.3375974999999999,,
spatial,across,rest,5,1,0.0069166666666666,0.0006579288490181,0.0041611074024608,40,0.5479786111111111,0.3735013888888888,,
spatial,across,rest,5,2,0.0065833333333333,0.0008224719532969,0.005201769368052,40,0.5541816666666667,0.3444872222222222,,
spatial,across,rest,5,3,0.0049166666666666,0.0005966131857806,0.0037733130983118,40,0.5322636111111112,0.3589313888888888,,
spatial,across,rest,5,4,0.004,0.000465321626968,0.0029429523715086,40,0.52347,0.3573041666666666,,
spatial,across,rest,10,0,0.0049166666666666,0.0006643924886069,0.004201987048611,40,0.4942116666666666,0.3309633333333333,msaa_flexible_outputs_npz/spatialAA_across_acrossCond_K10.npz,spatialAA_across_acrossCond_K10.npz
spatial,across,rest,10,1,0.0029166666666666,0.0003809476113865,0.002409324242364,40,0.5034730555555555,0.3294524999999999,msaa_flexible_outputs_npz/spatialAA_across_acrossCond_K10.npz,spatialAA_across_acrossCond_K10.npz
spatial,across,rest,10,2,0.004,0.0005748776656683,0.0036358455989457,40,0.5199969444444444,0.3570988888888889,msaa_flexible_outputs_npz/spatialAA_across_acrossCond_K10.npz,spatialAA_across_acrossCond_K10.npz
spatial,across,rest,10,3,0.00475,0.0005322571942188,0.0033662900694843,40,0.5629519444444444,0.3426419444444444,msaa_flexible_outputs_npz/spatialAA_across_acrossCond_K10.npz,spatialAA_across_acrossCond_K10.npz
spatial,across,rest,10,4,0.0058333333333333,0.0005168113941217,0.003268602252303,40,0.5083641666666667,0.3848319444444444,msaa_flexible_outputs_npz/spatialAA_across_acrossCond_K10.npz,spatialAA_across_acrossCond_K10.npz
spatial,across,rest,10,5,0.0045,0.0005667672107885,0.0035845505783853,40,0.5271397222222223,0.3526444444444444,msaa_flexible_outputs_npz/spatialAA_across_acrossCond_K10.npz,spatialAA_across_acrossCond_K10.npz
spatial,across,rest,10,6,0.0055833333333333,0.0004976798018658,0.0031476034387145,40,0.5347769444444446,0.3653819444444444,msaa_flexible_outputs_npz/spatialAA_across_acrossCond_K10.npz,spatialAA_across_acrossCond_K10.npz
spatial,across,rest,10,7,0.004,0.0005623515948579,0.0035566237711589,40,0.5184958333333333,0.3422883333333333,msaa_flexible_outputs_npz/spatialAA_across_acrossCond_K10.npz,spatialAA_across_acrossCond_K10.npz
spatial,across,rest,10,8,0.003,0.0004099892292379,0.0025929995610579,40,0.5048433333333333,0.3405483333333333,msaa_flexible_outputs_npz/spatialAA_across_acrossCond_K10.npz,spatialAA_across_acrossCond_K10.npz
spatial,across,rest,10,9,0.0046666666666666,0.0006515377383555,0.0041206864695165,40,0.5180477777777777,0.3353838888888889,msaa_flexible_outputs_npz/spatialAA_across_acrossCond_K10.npz,spatialAA_across_acrossCond_K10.npz
spatial,across,rest,25,0,0.0029166666666666,0.0004651302547095,0.0029417420270727,40,0.5036516666666667,0.3260186111111111,msaa_flexible_outputs_npz/spatialAA_across_acrossCond_K25.npz,spatialAA_across_acrossCond_K25.npz
spatial,across,rest,25,1,0.003,0.0003922322702763,0.0024806946917841,40,0.4855608333333333,0.3331305555555555,msaa_flexible_outputs_npz/spatialAA_across_acrossCond_K25.npz,spatialAA_across_acrossCond_K25.npz
spatial,across,rest,25,2,0.00375,0.0005493780477196,0.0034745718545814,40,0.5222472222222223,0.3183272222222222,msaa_flexible_outputs_npz/spatialAA_across_acrossCond_K25.npz,spatialAA_across_acrossCond_K25.npz
spatial,across,rest,25,3,0.003,0.0004270084101468,0.0027006383122231,40,0.5007705555555556,0.3270427777777777,msaa_flexible_outputs_npz/spatialAA_across_acrossCond_K25.npz,spatialAA_across_acrossCond_K25.npz
spatial,across,rest,25,4,0.0044166666666666,0.0004976798018658,0.0031476034387145,40,0.5513222222222222,0.3733561111111111,msaa_flexible_outputs_npz/spatialAA_across_acrossCond_K25.npz,spatialAA_across_acrossCond_K25.npz
spatial,across,rest,25,5,0.0065833333333333,0.0007009100718172,0.0044329445237897,40,0.550603888888889,0.3179791666666666,msaa_flexible_outputs_npz/spatialAA_across_acrossCond_K25.npz,spatialAA_across_acrossCond_K25.npz
spatial,across,rest,25,6,0.0064166666666666,0.0005389065112987,0.0034083440431988,40,0.5305613888888889,0.3720138888888888,msaa_flexible_outputs_npz/spatialAA_across_acrossCond_K25.npz,spatialAA_across_acrossCond_K25.npz
spatial,across,rest,25,7,0.0026666666666666,0.0003620139928982,0.0022895775248209,40,0.5232063888888888,0.3400622222222222,msaa_flexible_outputs_npz/spatialAA_across_acrossCond_K25.npz,spatialAA_across_acrossCond_K25.npz
spatial,across,rest,25,8,0.0040833333333333,0.0004991088925371,0.0031566418017233,40,0.5247269444444445,0.329688611111111,msaa_flexible_outputs_npz/spatialAA_across_acrossCond_K25.npz,spatialAA_across_acrossCond_K25.npz
spatial,across,rest,25,9,0.0026666666666666,0.0004336290903919,0.0027425111706914,40,0.5161947222222223,0.3317877777777777,msaa_flexible_outputs_npz/spatialAA_across_acrossCond_K25.npz,spatialAA_across_acrossCond_K25.npz
spatial,across,rest,25,10,0.0036666666666666,0.0005443310539518,0.0034426518632954,40,0.4982169444444445,0.3324497222222222,msaa_flexible_outputs_npz/spatialAA_across_acrossCond_K25.npz,spatialAA_across_acrossCond_K25.npz
spatial,across,rest,25,11,0.0043333333333333,0.0005229763603684,0.0033075929223788,40,0.5151588888888888,0.3364919444444444,msaa_flexible_outputs_npz/spatialAA_across_acrossCond_K25.npz,spatialAA_across_acrossCond_K25.npz
spatial,across,rest,25,12,0.003,0.0005443310539518,0.0034426518632954,40,0.5166861111111112,0.3389758333333333,msaa_flexible_outputs_npz/spatialAA_across_acrossCond_K25.npz,spatialAA_across_acrossCond_K25.npz
spatial,across,rest,25,13,0.0043333333333333,0.0005991446895152,0.0037893237337253,40,0.506925,0.3366277777777777,msaa_flexible_outputs_npz/spatialAA_across_acrossCond_K25.npz,spatialAA_across_acrossCond_K25.npz
spatial,across,rest,25,14,0.0020833333333333,0.0003517862436957,0.0022248915591872,40,0.4801391666666667,0.3386552777777777,msaa_flexible_outputs_npz/spatialAA_across_acrossCond_K25.npz,spatialAA_across_acrossCond_K25.npz
spatial,across,rest,25,15,0.0024166666666666,0.0005061938301996,0.0032014508819108,40,0.4858902777777777,0.3371361111111111,msaa_flexible_outputs_npz/spatialAA_across_acrossCond_K25.npz,spatialAA_across_acrossCond_K25.npz
spatial,across,rest,25,16,0.00475,0.0006633195892576,0.0041952014373227,40,0.5302636111111111,0.3312538888888889,msaa_flexible_outputs_npz/spatialAA_across_acrossCond_K25.npz,spatialAA_across_acrossCond_K25.npz
spatial,across,rest,25,17,0.0041666666666666,0.0004425708371198,0.0027990637425321,40,0.4983097222222222,0.3306583333333333,msaa_flexible_outputs_npz/spatialAA_across_acrossCond_K25.npz,spatialAA_across_acrossCond_K25.npz
spatial,across,rest,25,18,0.0039166666666666,0.0003938179688543,0.0024907235301622,40,0.5066344444444445,0.3374988888888888,msaa_flexible_outputs_npz/spatialAA_across_acrossCond_K25.npz,spatialAA_across_acrossCond_K25.npz
spatial,across,rest,25,19,0.0026666666666666,0.000465321626968,0.0029429523715086,40,0.4811716666666666,0.3377958333333334,msaa_flexible_outputs_npz/spatialAA_across_acrossCond_K25.npz,spatialAA_across_acrossCond_K25.npz
spatial,across,rest,25,20,0.0044166666666666,0.0005389065112987,0.0034083440431988,40,0.5117325,0.3265322222222222,msaa_flexible_outputs_npz/spatialAA_across_acrossCond_K25.npz,spatialAA_across_acrossCond_K25.npz
spatial,across,rest,25,21,0.0045833333333333,0.0005558225853982,0.0035153306896435,40,0.5186127777777778,0.3254888888888889,msaa_flexible_outputs_npz/spatialAA_across_acrossCond_K25.npz,spatialAA_across_acrossCond_K25.npz
spatial,across,rest,25,22,0.00475,0.0006188802957865,0.0039141426673682,40,0.5053105555555556,0.3399141666666667,msaa_flexible_outputs_npz/spatialAA_across_acrossCond_K25.npz,spatialAA_across_acrossCond_K25.npz
spatial,across,rest,25,23,0.00375,0.0005228060929505,0.0033065160566748,40,0.4955169444444445,0.3294663888888889,msaa_flexible_outputs_npz/spatialAA_across_acrossCond_K25.npz,spatialAA_across_acrossCond_K25.npz
spatial,across,rest,25,24,0.0024166666666666,0.000520074233141,0.003289238258182,40,0.5178933333333332,0.3298205555555555,msaa_flexible_outputs_npz/spatialAA_across_acrossCond_K25.npz,spatialAA_across_acrossCond_K25.npz
spatial,across,rest,40,0,0.0048333333333333,0.0007055942515803,0.0044625698778315,40,0.4914544444444444,0.331456111111111,,
spatial,across,rest,40,1,0.0036666666666666,0.0004891995904702,0.003093969872615,40,0.5178377777777777,0.3286758333333333,,
spatial,across,rest,40,2,0.0043333333333333,0.0006772661653216,0.0042834073291689,40,0.5312058333333335,0.3352908333333332,,
spatial,across,rest,40,3,0.0034166666666666,0.0004697016692749,0.0029706541913838,40,0.5357094444444443,0.3435666666666667,,
spatial,across,rest,40,4,0.0031666666666666,0.0004614791034954,0.0029186501192363,40,0.5432211111111112,0.3653827777777777,,
spatial,across,rest,40,5,0.00425,0.000642594234667,0.0040641227856813,40,0.5151052777777778,0.3420916666666666,,
spatial,across,rest,40,6,0.0031666666666666,0.0004457779141208,0.0028193470784417,40,0.4952766666666667,0.3358016666666666,,
spatial,across,rest,40,7,0.0034166666666666,0.0005131809630673,0.0032456413902629,40,0.4908388888888889,0.3473141666666666,,
spatial,across,rest,40,8,0.0061666666666666,0.0006032910690206,0.0038155477402863,40,0.5093605555555557,0.3708744444444444,,
spatial,across,rest,40,9,0.0045,0.0005791977947731,0.0036631684944598,40,0.5392108333333333,0.3147405555555555,,
spatial,across,rest,40,10,0.00425,0.000520074233141,0.003289238258182,40,0.527271111111111,0.3362788888888889,,
spatial,across,rest,40,11,0.0049166666666666,0.000520074233141,0.003289238258182,40,0.533245,0.353795,,
spatial,across,rest,40,12,0.0023333333333333,0.0003811812499312,0.0024108019022652,40,0.5026058333333333,0.3191736111111111,,
spatial,across,rest,40,13,0.0040833333333333,0.000602552736754,0.0038108781170213,40,0.5172883333333333,0.3389536111111111,,
spatial,across,rest,40,14,0.0036666666666666,0.0005310850045437,0.0033588764910385,40,0.5104077777777778,0.3348941666666666,,
spatial,across,rest,40,15,0.0035833333333333,0.0006013695196343,0.003803394794892,40,0.5085113888888888,0.3312919444444445,,
spatial,across,rest,40,16,0.004,0.0004497546022879,0.0028444978627462,40,0.5188991666666667,0.3389566666666666,,
spatial,across,rest,40,17,0.0020833333333333,0.000390184045988,0.0024677405839641,40,0.490591388888889,0.3451763888888888,,
spatial,across,rest,40,18,0.00475,0.0006072625513464,0.0038406655999594,40,0.4883516666666667,0.336471111111111,,
spatial,across,rest,40,19,0.0044166666666666,0.0004831564663131,0.0030557497995756,40,0.515811111111111,0.3352388888888888,,
spatial,across,rest,40,20,0.00325,0.000438325939946,0.0027722166555277,40,0.4890713888888889,0.3354730555555555,,
spatial,across,rest,40,21,0.0048333333333333,0.0006421784505829,0.0040614931362402,40,0.5235955555555556,0.3326794444444444,,
spatial,across,rest,40,22,0.0029166666666666,0.0005493780477196,0.0034745718545814,40,0.5316608333333335,0.3256122222222222,,
spatial,across,rest,40,23,0.0031666666666666,0.0004614791034954,0.0029186501192363,40,0.5104116666666667,0.3305691666666666,,
spatial,across,rest,40,24,0.0028333333333333,0.0005667672107885,0.0035845505783853,40,0.5081647222222223,0.3375674999999999,,
spatial,across,rest,40,25,0.0041666666666666,0.0004884710724331,0.0030893623199876,40,0.4848280555555556,0.3343063888888888,,
spatial,across,rest,40,26,0.0030833333333333,0.0005255237517707,0.003323704040225,40,0.5061672222222222,0.3401005555555555,,
spatial,across,rest,40,27,0.0026666666666666,0.0004497546022879,0.0028444978627462,40,0.4898872222222222,0.3350452777777778,,
spatial,across,rest,40,28,0.0025833333333333,0.0004697016692749,0.0029706541913838,40,0.5090944444444444,0.3297408333333332,,
spatial,across,rest,40,29,0.00475,0.0005709927876363,0.0036112754729195,40,0.5361313888888889,0.3292811111111111,,
spatial,across,rest,40,30,0.0055833333333333,0.0005894067228156,0.0037277354246259,40,0.5366691666666666,0.3246088888888888,,
spatial,across,rest,40,31,0.0030833333333333,0.0005519648921491,0.0034909324952811,40,0.5041961111111112,0.3380308333333333,,
spatial,across,rest,40,32,0.003,0.0005310850045437,0.0033588764910385,40,0.4987094444444445,0.3375269444444445,,
spatial,across,rest,40,33,0.0044166666666666,0.0005771960417875,0.003650508296965,40,0.5115866666666667,0.3428219444444444,,
spatial,across,rest,40,34,0.0026666666666666,0.0004336290903919,0.0027425111706914,40,0.4969080555555555,0.329298611111111,,
spatial,across,rest,40,35,0.0035833333333333,0.0005771960417875,0.003650508296965,40,0.5059255555555555,0.3316544444444444,,
spatial,across,rest,40,36,0.0041666666666666,0.0005937710859953,0.003755338080994,40,0.5164005555555555,0.3345663888888889,,
spatial,across,rest,40,37,0.0028333333333333,0.0003876659648265,0.0024518148403572,40,0.5219027777777778,0.327715,,
spatial,across,rest,40,38,0.0033333333333333,0.0005337605126836,0.0033757978902788,40,0.5367375000000001,0.3297263888888889,,
spatial,across,rest,40,39,0.0033333333333333,0.0004774099160262,0.0030194054243855,40,0.5080327777777779,0.3299747222222222,,
spatial,across,rest,42,0,0.0044166666666666,0.0006359090673047,0.0040218420748723,40,0.54138,0.3278363888888888,,
spatial,across,rest,42,1,0.00325,0.000602552736754,0.0038108781170213,40,0.5274963888888888,0.3420597222222222,,
spatial,across,rest,42,2,0.0045,0.0006596856715021,0.0041722185234485,40,0.5018324999999999,0.328758611111111,,
spatial,across,rest,42,3,0.0033333333333333,0.0005598127485064,0.0035405666969586,40,0.5191630555555556,0.3253138888888888,,
spatial,across,rest,42,4,0.00275,0.0005187029077928,0.0032805652351551,40,0.494051111111111,0.345486111111111,,
spatial,across,rest,42,5,0.0040833333333333,0.0005131809630673,0.0032456413902629,40,0.5303922222222222,0.3430088888888888,,
spatial,across,rest,42,6,0.0028333333333333,0.0004552636129375,0.0028793399053599,40,0.5419430555555556,0.3609025,,
spatial,across,rest,42,7,0.0040833333333333,0.0005402265537205,0.0034166927245201,40,0.5327733333333333,0.3447130555555556,,
spatial,across,rest,42,8,0.0036666666666666,0.000557262335477,0.0035244364686645,40,0.5001897222222221,0.3343016666666666,,
spatial,across,rest,42,9,0.0056666666666666,0.0004803844614152,0.003038218101251,40,0.5286983333333334,0.3677152777777778,,
spatial,across,rest,42,10,0.0039166666666666,0.0004284654257727,0.0027098532881513,40,0.5055883333333333,0.3620269444444444,,
spatial,across,rest,42,11,0.00425,0.000620030097606,0.003921414652583,40,0.5373030555555556,0.3392766666666665,,
spatial,across,rest,42,12,0.0050833333333333,0.0007452365348515,0.0047132896914044,40,0.5349405555555555,0.3140452777777777,,
spatial,across,rest,42,13,0.0038333333333333,0.0005791977947731,0.0036631684944598,40,0.4997966666666666,0.3164463888888889,,
spatial,across,rest,42,14,0.0054166666666666,0.0005295740910852,0.0033493206352854,40,0.5140549999999999,0.3396116666666667,,
spatial,across,rest,42,15,0.0042499999999999,0.0005596536881967,0.0035395607112309,40,0.5494711111111111,0.3324838888888888,,
spatial,across,rest,42,16,0.0034166666666666,0.0004991088925371,0.0031566418017233,40,0.5043936111111111,0.3316763888888888,,
spatial,across,rest,42,17,0.0033333333333333,0.0004465760847047,0.0028243951524544,40,0.5228005555555555,0.3382872222222222,,
spatial,across,rest,42,18,0.00175,0.0004132337211096,0.0026135195293864,40,0.4913749999999999,0.3413136111111111,,
spatial,across,rest,42,19,0.0048333333333333,0.0006746319034319,0.0042667467941194,40,0.5006405555555554,0.3320541666666666,,
spatial,across,rest,42,20,0.0039166666666666,0.0005322571942188,0.0033662900694843,40,0.5220905555555556,0.3327058333333333,,
spatial,across,rest,42,21,0.00575,0.0005335936864527,0.0033747427885527,40,0.4999691666666667,0.3711822222222222,,
spatial,across,rest,42,22,0.00225,0.0003243995109969,0.0020516826531902,40,0.4889333333333333,0.3360905555555555,,
spatial,across,rest,42,23,0.00475,0.0006188802957865,0.0039141426673682,40,0.5231155555555556,0.3354922222222222,,
spatial,across,rest,42,24,0.0031666666666666,0.0005591762357951,0.0035365410371042,40,0.5289174999999999,0.3275549999999999,,
spatial,across,rest,42,25,0.0035833333333333,0.0005771960417875,0.003650508296965,40,0.503035,0.3303094444444444,,
spatial,across,rest,42,26,0.002,0.0004433747811741,0.0028041483311779,40,0.5128694444444444,0.3335166666666666,,
spatial,across,rest,42,27,0.0036666666666666,0.0005310850045437,0.0033588764910385,40,0.4643447222222222,0.3307111111111111,,
spatial,across,rest,42,28,0.002,0.0003736323588785,0.0023630585231952,40,0.5075638888888889,0.3409194444444444,,
spatial,across,rest,42,29,0.0033333333333333,0.000462250163521,0.0029235267310234,40,0.4835494444444443,0.3283461111111111,,
spatial,across,rest,42,30,0.0038333333333333,0.0004855460696524,0.0030708629780892,40,0.5069699999999999,0.3250713888888888,,
spatial,across,rest,42,31,0.0034166666666666,0.0005131809630673,0.0032456413902629,40,0.5306269444444445,0.3298663888888888,,
spatial,across,rest,42,32,0.0042499999999999,0.000642594234667,0.0040641227856813,40,0.5391047222222222,0.3284302777777776,,
spatial,across,rest,42,33,0.0025833333333333,0.0004045239191192,0.0025584339048691,40,0.5085897222222222,0.33636,,
spatial,across,rest,42,34,0.00275,0.0005187029077928,0.0032805652351551,40,0.5044930555555556,0.3334072222222222,,
spatial,across,rest,42,35,0.0039166666666666,0.0005047847980156,0.0031925393799149,40,0.509398888888889,0.3424752777777777,,
spatial,across,rest,42,36,0.0034166666666666,0.0004697016692749,0.0029706541913838,40,0.51184,0.3297069444444444,,
spatial,across,rest,42,37,0.0026666666666666,0.0003811812499312,0.0024108019022652,40,0.5061738888888889,0.3360797222222221,,
spatial,across,rest,42,38,0.0031666666666666,0.0005840959605818,0.0036941472150854,40,0.5128061111111111,0.3359094444444445,,
spatial,across,rest,42,39,0.0025,0.0004583818933094,0.0028990616420763,40,0.5260441666666665,0.3298613888888889,,
spatial,across,rest,42,40,0.0043333333333333,0.0005991446895152,0.0037893237337253,40,0.5335422222222223,0.3287066666666667,,
spatial,across,rest,42,41,0.0038333333333333,0.0005277215444626,0.0033376041016874,40,0.5036858333333333,0.3307536111111111,,
spatial,across,rest,44,0,0.0049166666666666,0.0006084343084444,0.0038480764425479,40,0.5507927777777779,0.3250772222222222,,
spatial,across,rest,44,1,0.0031666666666666,0.0005840959605818,0.0036941472150854,40,0.5256727777777778,0.3411997222222222,,
spatial,across,rest,44,2,0.0046666666666666,0.0006178724639975,0.0039077685794651,40,0.5083255555555556,0.3299313888888889,,
spatial,across,rest,44,3,0.0026666666666666,0.0004168802871199,0.0026365824378477,40,0.5230130555555554,0.3263855555555556,,
spatial,across,rest,44,4,0.0044166666666666,0.0004366979828269,0.0027619205506685,40,0.5292294444444444,0.3406380555555555,,
spatial,across,rest,44,5,0.0031666666666666,0.0004766633793443,0.003014683911842,40,0.5219605555555555,0.3432441666666667,,
spatial,across,rest,44,6,0.0029166666666666,0.0004495566033339,0.0028432456074081,40,0.4964830555555556,0.3315577777777777,,
spatial,across,rest,44,7,0.004,0.0004497546022879,0.0028444978627462,40,0.5418947222222222,0.3639547222222222,,
spatial,across,rest,44,8,0.0030833333333333,0.0004200715581423,0.0026567658079711,40,0.4938022222222222,0.3444208333333333,,
spatial,across,rest,44,9,0.0055,0.0005140476770154,0.003251122970575,40,0.5215502777777778,0.371633611111111,,
spatial,across,rest,44,10,0.00375,0.0004495566033339,0.0028432456074081,40,0.5018219444444444,0.3617847222222222,,
spatial,across,rest,44,11,0.0055,0.0006596856715021,0.0041722185234485,40,0.5368608333333333,0.315635,,
spatial,across,rest,44,12,0.00375,0.0005869849078564,0.003712418521941,40,0.5214538888888888,0.3384597222222222,,
spatial,across,rest,44,13,0.0038333333333333,0.0004855460696524,0.0030708629780892,40,0.5003702777777779,0.3132244444444444,,
spatial,across,rest,44,14,0.0033333333333333,0.0004774099160262,0.0030194054243855,40,0.513643888888889,0.3407916666666667,,
spatial,across,rest,44,15,0.0039166666666666,0.0005047847980156,0.0031925393799149,40,0.544516388888889,0.3375091666666666,,
spatial,across,rest,44,16,0.0035,0.0005195604102922,0.00328598855715,40,0.5142347222222223,0.33235,,
spatial,across,rest,44,17,0.0036666666666666,0.0004891995904702,0.003093969872615,40,0.5203044444444445,0.3343036111111111,,
spatial,across,rest,44,18,0.0015833333333333,0.0002920479802909,0.0018470736075427,40,0.4822152777777777,0.3453638888888888,,
spatial,across,rest,44,19,0.0035833333333333,0.0005255237517707,0.003323704040225,40,0.5043105555555555,0.3322916666666666,,
spatial,across,rest,44,20,0.0036666666666666,0.0005035486605694,0.0031847213602527,40,0.519621388888889,0.33087,,
spatial,across,rest,44,21,0.00375,0.0004651302547095,0.0029417420270727,40,0.4893413888888888,0.3353766666666667,,
spatial,across,rest,44,22,0.00475,0.0005954181656808,0.0037657551275822,40,0.519525,0.3316238888888889,,
spatial,across,rest,44,23,0.00275,0.0004447781866589,0.0028130242468036,40,0.50085,0.3359883333333332,,
spatial,across,rest,44,24,0.0033333333333333,0.0004774099160262,0.0030194054243855,40,0.5282508333333334,0.3324758333333332,,
spatial,across,rest,44,25,0.0036666666666666,0.0005822639771026,0.0036825607342247,40,0.4938563888888888,0.3329355555555556,,
spatial,across,rest,44,26,0.0040833333333333,0.0006142595663193,0.0038849186082326,40,0.5132475,0.3263824999999999,,
spatial,across,rest,44,27,0.0025833333333333,0.0005784287095915,0.0036583043726829,40,0.5048180555555556,0.3348172222222222,,
spatial,across,rest,44,28,0.0031666666666666,0.0004295031251026,0.0027164162749691,40,0.4709827777777777,0.3353661111111111,,
spatial,across,rest,44,29,0.0035833333333333,0.0005771960417875,0.003650508296965,40,0.5014888888888889,0.3492063888888889,,
spatial,across,rest,44,30,0.0029166666666666,0.0004495566033339,0.0028432456074081,40,0.5059030555555555,0.341353611111111,,
spatial,across,rest,44,31,0.0038333333333333,0.0006487990219938,0.0041033653063804,40,0.498733888888889,0.3289269444444444,,
spatial,across,rest,44,32,0.0033333333333333,0.0004303314829119,0.002721655269759,40,0.5101363888888889,0.3269494444444444,,
spatial,across,rest,44,33,0.0046666666666666,0.000557262335477,0.0035244364686645,40,0.5353202777777778,0.3277486111111111,,
spatial,across,rest,44,34,0.00475,0.0005709927876363,0.0036112754729195,40,0.5412302777777777,0.3208933333333332,,
spatial,across,rest,44,35,0.0033333333333333,0.0004774099160262,0.0030194054243855,40,0.4998688888888887,0.3388291666666666,,
spatial,across,rest,44,36,0.0029166666666666,0.0004166666666666,0.0026352313834736,40,0.4992233333333333,0.3346697222222222,,
spatial,across,rest,44,37,0.00325,0.0004846283858428,0.0030650590360687,40,0.505246388888889,0.3494966666666667,,
spatial,across,rest,44,38,0.0039166666666666,0.0005709927876363,0.0036112754729195,40,0.5038569444444444,0.3314647222222223,,
spatial,across,rest,44,39,0.0030833333333333,0.0004366979828269,0.0027619205506685,40,0.49965,0.331595,,
spatial,across,rest,44,40,0.0045833333333333,0.0005019548679499,0.003174641330662,40,0.5100044444444445,0.3325783333333333,,
spatial,across,rest,44,41,0.0023333333333333,0.0004168802871199,0.0026365824378477,40,0.5193083333333333,0.3294630555555556,,
spatial,across,rest,44,42,0.0025,0.0004091196858853,0.0025875000860206,40,0.5281927777777777,0.3351811111111111,,
spatial,across,rest,44,43,0.0024999999999999,0.0004261735932972,0.0026953584668754,40,0.5074944444444445,0.33135,,
spatial,across,rest,46,0,0.00275,0.0004904718932443,0.003102016621894,40,0.5214508333333333,0.3259744444444444,,
spatial,across,rest,46,1,0.00425,0.0004772233913401,0.0030182257386893,40,0.493923611111111,0.3321099999999999,,
spatial,across,rest,46,2,0.0034166666666666,0.0005906139063083,0.0037353703234072,40,0.5265925000000001,0.3230888888888888,,
spatial,across,rest,46,3,0.0030833333333333,0.0004527141951056,0.0028632159712473,40,0.4981372222222222,0.3398116666666667,,
spatial,across,rest,46,4,0.0039166666666666,0.0005833333333333,0.0036893239368631,40,0.5302522222222222,0.3438380555555554,,
spatial,across,rest,46,5,0.0038333333333333,0.0004552636129375,0.0028793399053599,40,0.5143266666666667,0.3584152777777777,,
spatial,across,rest,46,6,0.0039166666666666,0.0005709927876363,0.0036112754729195,40,0.5334875,0.3446036111111111,,
spatial,across,rest,46,7,0.003,0.0004591581544807,0.0029039711487975,40,0.4971602777777779,0.3337763888888888,,
spatial,across,rest,46,8,0.0048333333333333,0.0005840959605818,0.0036941472150854,40,0.5459469444444445,0.3116947222222221,,
spatial,across,rest,46,9,0.0048333333333333,0.0004295031251026,0.0027164162749691,40,0.5127016666666666,0.3764905555555556,,
spatial,across,rest,46,10,0.004,0.0003417734875749,0.0021615653291919,40,0.5013913888888889,0.3659499999999999,,
spatial,across,rest,46,11,0.00375,0.0005090001931052,0.0032191998793563,40,0.5350302777777778,0.34527,,
spatial,across,rest,46,12,0.0038333333333333,0.0004393403498655,0.0027786323471804,40,0.4999811111111111,0.3392791666666666,,
spatial,across,rest,46,13,0.00375,0.000480199092139,0.0030370457230089,40,0.5011516666666667,0.3153372222222222,,
spatial,across,rest,46,14,0.0033333333333333,0.0005063696835418,0.0032025630761017,40,0.5146005555555555,0.3391858333333333,,
spatial,across,rest,46,15,0.0051666666666666,0.0005717718748968,0.0036162028533978,40,0.5582158333333334,0.3345872222222222,,
spatial,across,rest,46,16,0.0044166666666666,0.0006998931542388,0.0044265129723086,40,0.5083994444444444,0.3325722222222221,,
spatial,across,rest,46,17,0.0036666666666666,0.0005175000172041,0.0032729574870827,40,0.5139780555555555,0.3385802777777778,,
spatial,across,rest,46,18,0.002,0.0003922322702763,0.0024806946917841,40,0.4917636111111111,0.350181111111111,,
spatial,across,rest,46,19,0.0036666666666666,0.0005943705521611,0.0037591294379223,40,0.5043705555555557,0.3375352777777777,,
spatial,across,rest,46,20,0.0041666666666666,0.0005168113941217,0.003268602252303,40,0.5228797222222223,0.3382188888888889,,
spatial,across,rest,46,21,0.0028333333333333,0.0005,0.0031622776601683,40,0.4947875,0.3358244444444444,,
spatial,across,rest,46,22,0.0044166666666666,0.0006470126398497,0.0040920672336869,40,0.4885197222222222,0.3411513888888889,,
spatial,across,rest,46,23,0.0038333333333333,0.0005277215444626,0.0033376041016874,40,0.5213952777777778,0.3375238888888889,,
spatial,across,rest,46,24,0.00325,0.000526877324526,0.0033322647859959,40,0.4951922222222221,0.3394702777777777,,
spatial,across,rest,46,25,0.005,0.0005967623950328,0.0037742567804819,40,0.5258444444444444,0.3333441666666666,,
spatial,across,rest,46,26,0.00325,0.0005131809630673,0.0032456413902629,40,0.4991819444444444,0.3341483333333334,,
spatial,across,rest,46,27,0.0034166666666666,0.0005784287095915,0.0036583043726829,40,0.5145047222222222,0.3286733333333332,,
spatial,across,rest,46,28,0.00175,0.0003771897132373,0.0023855572076316,40,0.4973086111111112,0.3372786111111111,,
spatial,across,rest,46,29,0.0019166666666666,0.0004115065088642,0.0026025956799903,40,0.4734938888888889,0.3374241666666667,,
spatial,across,rest,46,30,0.0039166666666666,0.0004757285610699,0.0030087716019509,40,0.4933994444444444,0.3442408333333333,,
spatial,across,rest,46,31,0.0019166666666666,0.0003752966537921,0.0023735844484456,40,0.5058241666666667,0.3428680555555555,,
spatial,across,rest,46,32,0.00275,0.0005047847980156,0.0031925393799149,40,0.4851372222222222,0.3317699999999999,,
spatial,across,rest,46,33,0.0030833333333333,0.0004976798018658,0.0031476034387145,40,0.4854877777777778,0.3312005555555555,,
spatial,across,rest,46,34,0.0033333333333333,0.0004465760847047,0.0028243951524544,40,0.5192566666666666,0.324956111111111,,
spatial,across,rest,46,35,0.0039166666666666,0.0005454747794744,0.0034498854186348,40,0.5353838888888889,0.3295383333333332,,
spatial,across,rest,46,36,0.0044166666666666,0.0004681828240069,0.0029610481704636,40,0.5365777777777778,0.3234041666666666,,
spatial,across,rest,46,37,0.0029166666666666,0.0004334237249576,0.0027412123256407,40,0.5057255555555555,0.3370661111111112,,
spatial,across,rest,46,38,0.0038333333333333,0.0005,0.0031622776601683,40,0.5079158333333333,0.3375505555555556,,
spatial,across,rest,46,39,0.0045833333333333,0.0006165742596507,0.0038995580142565,40,0.5051347222222221,0.3470422222222223,,
spatial,across,rest,46,40,0.0036666666666666,0.000557262335477,0.0035244364686645,40,0.498048611111111,0.3287716666666666,,
spatial,across,rest,46,41,0.0029166666666666,0.0004948092383294,0.0031294484008283,40,0.506228888888889,0.3362175,,
spatial,across,rest,46,42,0.0048333333333333,0.0005591762357951,0.0035365410371042,40,0.5139897222222223,0.3375713888888889,,
spatial,across,rest,46,43,0.0031666666666666,0.0004457779141208,0.0028193470784417,40,0.5143419444444446,0.3310011111111112,,
spatial,across,rest,46,44,0.00375,0.0004651302547095,0.0029417420270727,40,0.5378502777777777,0.3309694444444444,,
spatial,across,rest,46,45,0.0025,0.0004583818933094,0.0028990616420763,40,0.5036102777777778,0.3302008333333333,,
spatial,across,rest,48,0,0.0030833333333333,0.0004527141951056,0.0028632159712473,40,0.5109147222222222,0.3255441666666667,,
spatial,across,rest,48,1,0.004,0.0005091750772173,0.0032203059435976,40,0.4828613888888888,0.3303588888888889,,
spatial,across,rest,48,2,0.0031666666666666,0.0004766633793443,0.003014683911842,40,0.5277711111111112,0.32602,,
spatial,across,rest,48,3,0.0035,0.0005330928945203,0.0033715755022721,40,0.4914647222222222,0.3389519444444445,,
spatial,across,rest,48,4,0.0038333333333333,0.0006149838438569,0.0038894993415869,40,0.5318630555555555,0.3462002777777777,,
spatial,across,rest,48,5,0.0035833333333333,0.0004200715581423,0.0026567658079711,40,0.5118625,0.3594863888888888,,
spatial,across,rest,48,6,0.0040833333333333,0.0004697016692749,0.0029706541913838,40,0.5319752777777778,0.3406975,,
spatial,across,rest,48,7,0.0025,0.0003726779962499,0.0023570226039551,40,0.4991169444444445,0.3318422222222222,,
spatial,across,rest,48,8,0.00525,0.0005709927876363,0.0036112754729195,40,0.54003,0.3131430555555555,,
spatial,across,rest,48,9,0.0055833333333333,0.0005894067228156,0.0037277354246259,40,0.5121855555555557,0.3705672222222222,,
spatial,across,rest,48,10,0.0041666666666666,0.0004091196858853,0.0025875000860206,40,0.4984955555555556,0.3642894444444444,,
spatial,across,rest,48,11,0.0036666666666666,0.0004591581544807,0.0029039711487975,40,0.5373413888888889,0.3448208333333333,,
spatial,across,rest,48,12,0.0035,0.0004457779141208,0.0028193470784417,40,0.4997294444444444,0.3352141666666666,,
spatial,across,rest,48,13,0.0029166666666666,0.0004651302547095,0.0029417420270727,40,0.5040791666666667,0.3139880555555555,,
spatial,across,rest,48,14,0.00375,0.0005228060929505,0.0033065160566748,40,0.4975891666666666,0.3236894444444444,,
spatial,across,rest,48,15,0.004,0.0005364226763936,0.0033926348919345,40,0.5190316666666667,0.3380305555555555,,
spatial,across,rest,48,16,0.0048333333333333,0.0005462902602399,0.0034550429718488,40,0.5589775000000001,0.3328683333333333,,
spatial,across,rest,48,17,0.0045833333333333,0.0006611685674953,0.0041815971811922,40,0.5008594444444444,0.334253611111111,,
spatial,across,rest,48,18,0.0035,0.0004913786640188,0.0031077515438206,40,0.5115611111111111,0.3387802777777778,,
spatial,across,rest,48,19,0.0015,0.0003570614477829,0.0022582548792629,40,0.4851591666666667,0.3494630555555555,,
spatial,across,rest,48,20,0.00425,0.0005845530593558,0.0036970381615681,40,0.5088083333333333,0.3377458333333333,,
spatial,across,rest,48,21,0.0040833333333333,0.0005402265537205,0.0034166927245201,40,0.5221005555555556,0.3338736111111111,,
spatial,across,rest,48,22,0.0023333333333333,0.0004168802871199,0.0026365824378477,40,0.4900669444444444,0.3336180555555555,,
spatial,across,rest,48,23,0.0045833333333333,0.0005428570089754,0.0034333291842975,40,0.4853733333333333,0.3409563888888888,,
spatial,across,rest,48,24,0.0030833333333333,0.0004200715581423,0.0026567658079711,40,0.5219625,0.3341216666666667,,
spatial,across,rest,48,25,0.0030833333333333,0.0005117911677922,0.0032368515531621,40,0.4961963888888888,0.3411497222222222,,
spatial,across,rest,48,26,0.0048333333333333,0.0005961653339578,0.0037704806346836,40,0.5248425,0.3348113888888888,,
spatial,across,rest,48,27,0.0036666666666666,0.0005443310539518,0.0034426518632954,40,0.496796111111111,0.3306466666666667,,
spatial,across,rest,48,28,0.0036666666666666,0.0004744167209018,0.0030004747962362,40,0.5099525,0.3310244444444443,,
spatial,across,rest,48,29,0.0025833333333333,0.000438325939946,0.0027722166555277,40,0.5067030555555556,0.3333333333333333,,
spatial,across,rest,48,30,0.00225,0.0004027593570795,0.0025472738346326,40,0.4579747222222223,0.33855,,
spatial,across,rest,48,31,0.00275,0.0003938179688543,0.0024907235301622,40,0.4928100000000001,0.3481766666666666,,
spatial,across,rest,48,32,0.0020833333333333,0.000425127766952,0.0026887440802993,40,0.5073838888888889,0.3430466666666666,,
spatial,across,rest,48,33,0.003,0.0004891995904702,0.003093969872615,40,0.4846741666666666,0.3329833333333332,,
spatial,across,rest,48,34,0.0025833333333333,0.0004217636961434,0.0026674678283691,40,0.4886199999999999,0.3341597222222222,,
spatial,across,rest,48,35,0.0033333333333333,0.0004921028776234,0.0031123318728261,40,0.509431388888889,0.3267541666666665,,
spatial,across,rest,48,36,0.004,0.000465321626968,0.0029429523715086,40,0.5358816666666668,0.3307024999999999,,
spatial,across,rest,48,37,0.0056666666666666,0.0005748776656683,0.0036358455989457,40,0.5393074999999999,0.3233794444444444,,
spatial,across,rest,48,38,0.0035,0.0004913786640188,0.0031077515438206,40,0.5085238888888888,0.3394477777777778,,
spatial,across,rest,48,39,0.0046666666666666,0.0006178724639975,0.0039077685794651,40,0.5050119444444444,0.3351219444444444,,
spatial,across,rest,48,40,0.0035,0.0004614791034954,0.0029186501192363,40,0.5051508333333334,0.3465597222222222,,
spatial,across,rest,48,41,0.0039166666666666,0.0005454747794744,0.0034498854186348,40,0.5016713888888888,0.3276372222222222,,
spatial,across,rest,48,42,0.0034166666666666,0.0004991088925371,0.0031566418017233,40,0.5082202777777778,0.3356919444444444,,
spatial,across,rest,48,43,0.0042499999999999,0.0004919219241781,0.0031111874227515,40,0.5150530555555555,0.3366938888888889,,
spatial,across,rest,48,44,0.0029166666666666,0.0003617679758851,0.0022880215766121,40,0.5211147222222222,0.3326180555555555,,
spatial,across,rest,48,45,0.00325,0.0004697016692749,0.0029706541913838,40,0.5131355555555556,0.3318452777777778,,
spatial,across,rest,48,46,0.0033333333333333,0.0004303314829119,0.002721655269759,40,0.5351461111111111,0.3300944444444443,,
spatial,across,rest,48,47,0.0024166666666666,0.0003771897132373,0.0023855572076316,40,0.4985633333333334,0.3307566666666666,,
spatial,across,rest,50,0,0.0039166666666666,0.0005583795745617,0.0035315025090618,40,0.4967438888888889,0.3393697222222222,msaa_flexible_outputs_npz/spatialAA_across_acrossCond_K50.npz,spatialAA_across_acrossCond_K50.npz
spatial,across,rest,50,1,0.0025,0.0003530493940568,0.0022328804235236,40,0.517753888888889,0.3260161111111111,msaa_flexible_outputs_npz/spatialAA_across_acrossCond_K50.npz,spatialAA_across_acrossCond_K50.npz
spatial,across,rest,50,2,0.0040833333333333,0.000602552736754,0.0038108781170213,40,0.4832341666666666,0.3312655555555556,msaa_flexible_outputs_npz/spatialAA_across_acrossCond_K50.npz,spatialAA_across_acrossCond_K50.npz
spatial,across,rest,50,3,0.0039166666666666,0.0005187029077928,0.0032805652351551,40,0.5316066666666668,0.32647,msaa_flexible_outputs_npz/spatialAA_across_acrossCond_K50.npz,spatialAA_across_acrossCond_K50.npz
spatial,across,rest,50,4,0.00375,0.0005228060929505,0.0033065160566748,40,0.5347347222222222,0.3469152777777777,msaa_flexible_outputs_npz/spatialAA_across_acrossCond_K50.npz,spatialAA_across_acrossCond_K50.npz
spatial,across,rest,50,5,0.003,0.0004744167209018,0.0030004747962362,40,0.5115452777777778,0.3591966666666666,msaa_flexible_outputs_npz/spatialAA_across_acrossCond_K50.npz,spatialAA_across_acrossCond_K50.npz
spatial,across,rest,50,6,0.0035833333333333,0.0004527141951056,0.0028632159712473,40,0.5293347222222222,0.3405672222222221,msaa_flexible_outputs_npz/spatialAA_across_acrossCond_K50.npz,spatialAA_across_acrossCond_K50.npz
spatial,across,rest,50,7,0.0025,0.0003726779962499,0.0023570226039551,40,0.4978933333333333,0.3302855555555555,msaa_flexible_outputs_npz/spatialAA_across_acrossCond_K50.npz,spatialAA_across_acrossCond_K50.npz
spatial,across,rest,50,8,0.0053333333333333,0.0004744167209018,0.0030004747962362,40,0.5405997222222223,0.3111133333333333,msaa_flexible_outputs_npz/spatialAA_across_acrossCond_K50.npz,spatialAA_across_acrossCond_K50.npz
spatial,across,rest,50,9,0.0061666666666666,0.0006032910690206,0.0038155477402863,40,0.5129397222222222,0.3690691666666666,msaa_flexible_outputs_npz/spatialAA_across_acrossCond_K50.npz,spatialAA_across_acrossCond_K50.npz
spatial,across,rest,50,10,0.0039166666666666,0.0004447781866589,0.0028130242468036,40,0.5370605555555554,0.3405799999999999,msaa_flexible_outputs_npz/spatialAA_across_acrossCond_K50.npz,spatialAA_across_acrossCond_K50.npz
spatial,across,rest,50,11,0.0036666666666666,0.0004433747811741,0.0028041483311779,40,0.4957341666666666,0.336543611111111,msaa_flexible_outputs_npz/spatialAA_across_acrossCond_K50.npz,spatialAA_across_acrossCond_K50.npz
spatial,across,rest,50,12,0.0034999999999999,0.000336523198677,0.0021283595866099,40,0.4975983333333333,0.3665886111111111,msaa_flexible_outputs_npz/spatialAA_across_acrossCond_K50.npz,spatialAA_across_acrossCond_K50.npz
spatial,across,rest,50,13,0.0035833333333333,0.0004527141951056,0.0028632159712473,40,0.5043422222222222,0.3149386111111111,msaa_flexible_outputs_npz/spatialAA_across_acrossCond_K50.npz,spatialAA_across_acrossCond_K50.npz
spatial,across,rest,50,14,0.0034166666666666,0.0005402265537205,0.0034166927245201,40,0.5035408333333333,0.3278799999999999,msaa_flexible_outputs_npz/spatialAA_across_acrossCond_K50.npz,spatialAA_across_acrossCond_K50.npz
spatial,across,rest,50,15,0.0039166666666666,0.0005322571942188,0.0033662900694843,40,0.519586388888889,0.337591111111111,msaa_flexible_outputs_npz/spatialAA_across_acrossCond_K50.npz,spatialAA_across_acrossCond_K50.npz
spatial,across,rest,50,16,0.00475,0.0005187029077928,0.0032805652351551,40,0.5598094444444444,0.3335352777777777,msaa_flexible_outputs_npz/spatialAA_across_acrossCond_K50.npz,spatialAA_across_acrossCond_K50.npz
spatial,across,rest,50,17,0.004,0.0005229763603684,0.0033075929223788,40,0.5072283333333333,0.3357638888888888,msaa_flexible_outputs_npz/spatialAA_across_acrossCond_K50.npz,spatialAA_across_acrossCond_K50.npz
spatial,across,rest,50,18,0.0029166666666666,0.0004334237249576,0.0027412123256407,40,0.5074027777777778,0.338625,msaa_flexible_outputs_npz/spatialAA_across_acrossCond_K50.npz,spatialAA_across_acrossCond_K50.npz
spatial,across,rest,50,19,0.0019166666666666,0.0004904718932443,0.003102016621894,40,0.4804769444444444,0.3427847222222221,msaa_flexible_outputs_npz/spatialAA_across_acrossCond_K50.npz,spatialAA_across_acrossCond_K50.npz
spatial,across,rest,50,20,0.0045833333333333,0.0005019548679499,0.003174641330662,40,0.5060547222222224,0.337955,msaa_flexible_outputs_npz/spatialAA_across_acrossCond_K50.npz,spatialAA_across_acrossCond_K50.npz
spatial,across,rest,50,21,0.005,0.0005469417694282,0.0034591634777518,40,0.5222830555555557,0.3331425,msaa_flexible_outputs_npz/spatialAA_across_acrossCond_K50.npz,spatialAA_across_acrossCond_K50.npz
spatial,across,rest,50,22,0.006,0.0006224663745652,0.0039368230209872,40,0.5007075000000001,0.3641608333333334,msaa_flexible_outputs_npz/spatialAA_across_acrossCond_K50.npz,spatialAA_across_acrossCond_K50.npz
spatial,across,rest,50,23,0.0018333333333333,0.0004125868638576,0.0026094284449121,40,0.4924013888888889,0.3359149999999999,msaa_flexible_outputs_npz/spatialAA_across_acrossCond_K50.npz,spatialAA_across_acrossCond_K50.npz
spatial,across,rest,50,24,0.0044166666666666,0.0006246081392643,0.0039503687303102,40,0.4881136111111111,0.3438544444444444,msaa_flexible_outputs_npz/spatialAA_across_acrossCond_K50.npz,spatialAA_across_acrossCond_K50.npz
spatial,across,rest,50,25,0.0030833333333333,0.0004976798018658,0.0031476034387145,40,0.5212125000000001,0.3372583333333334,msaa_flexible_outputs_npz/spatialAA_across_acrossCond_K50.npz,spatialAA_across_acrossCond_K50.npz
spatial,across,rest,50,26,0.0035,0.0005591762357951,0.0035365410371042,40,0.4990991666666666,0.3382377777777777,msaa_flexible_outputs_npz/spatialAA_across_acrossCond_K50.npz,spatialAA_across_acrossCond_K50.npz
spatial,across,rest,50,27,0.0035,0.0005195604102922,0.00328598855715,40,0.5126986111111111,0.3335638888888889,msaa_flexible_outputs_npz/spatialAA_across_acrossCond_K50.npz,spatialAA_across_acrossCond_K50.npz
spatial,across,rest,50,28,0.005,0.0006645264792282,0.0042028344797074,40,0.5221447222222222,0.3308091666666666,msaa_flexible_outputs_npz/spatialAA_across_acrossCond_K50.npz,spatialAA_across_acrossCond_K50.npz
spatial,across,rest,50,29,0.0048333333333333,0.0006079951641733,0.0038452990503112,40,0.4949252777777778,0.3305675,msaa_flexible_outputs_npz/spatialAA_across_acrossCond_K50.npz,spatialAA_across_acrossCond_K50.npz
spatial,across,rest,50,30,0.0044166666666666,0.0005647213971599,0.0035716117169158,40,0.5051533333333333,0.3330566666666665,msaa_flexible_outputs_npz/spatialAA_across_acrossCond_K50.npz,spatialAA_across_acrossCond_K50.npz
spatial,across,rest,50,31,0.0018333333333333,0.0003146471817811,0.0019900035075632,40,0.5045069444444444,0.3325755555555555,msaa_flexible_outputs_npz/spatialAA_across_acrossCond_K50.npz,spatialAA_across_acrossCond_K50.npz
spatial,across,rest,50,32,0.0025833333333333,0.0003865159594306,0.0024445415676121,40,0.4621791666666667,0.3403255555555556,msaa_flexible_outputs_npz/spatialAA_across_acrossCond_K50.npz,spatialAA_across_acrossCond_K50.npz
spatial,across,rest,50,33,0.0028333333333333,0.0003688358524328,0.0023327227528352,40,0.4922711111111111,0.3472052777777777,msaa_flexible_outputs_npz/spatialAA_across_acrossCond_K50.npz,spatialAA_across_acrossCond_K50.npz
spatial,across,rest,50,34,0.0019166666666666,0.0003752966537921,0.0023735844484456,40,0.5049313888888889,0.3412138888888888,msaa_flexible_outputs_npz/spatialAA_across_acrossCond_K50.npz,spatialAA_across_acrossCond_K50.npz
spatial,across,rest,50,35,0.0034166666666666,0.0005906139063083,0.0037353703234072,40,0.4819772222222221,0.3384813888888888,msaa_flexible_outputs_npz/spatialAA_across_acrossCond_K50.npz,spatialAA_across_acrossCond_K50.npz
spatial,across,rest,50,36,0.0029166666666666,0.0004166666666666,0.0026352313834736,40,0.4942038888888888,0.3349855555555555,msaa_flexible_outputs_npz/spatialAA_across_acrossCond_K50.npz,spatialAA_across_acrossCond_K50.npz
spatial,across,rest,50,37,0.0034166666666666,0.0004217636961434,0.0026674678283691,40,0.5062141666666665,0.3280697222222222,msaa_flexible_outputs_npz/spatialAA_across_acrossCond_K50.npz,spatialAA_across_acrossCond_K50.npz
spatial,across,rest,50,38,0.00375,0.0004651302547095,0.0029417420270727,40,0.5303216666666666,0.3331661111111111,msaa_flexible_outputs_npz/spatialAA_across_acrossCond_K50.npz,spatialAA_across_acrossCond_K50.npz
spatial,across,rest,50,39,0.005,0.0005063696835418,0.0032025630761017,40,0.5398025000000001,0.3257738888888888,msaa_flexible_outputs_npz/spatialAA_across_acrossCond_K50.npz,spatialAA_across_acrossCond_K50.npz
spatial,across,rest,50,40,0.0043333333333333,0.0006877023141843,0.0043494113299823,40,0.5178836111111111,0.3375961111111111,msaa_flexible_outputs_npz/spatialAA_across_acrossCond_K50.npz,spatialAA_across_acrossCond_K50.npz
spatial,across,rest,50,41,0.0040833333333333,0.000526877324526,0.0033322647859959,40,0.5072352777777778,0.3354163888888889,msaa_flexible_outputs_npz/spatialAA_across_acrossCond_K50.npz,spatialAA_across_acrossCond_K50.npz
spatial,across,rest,50,42,0.0042499999999999,0.0005467789649092,0.003458133811565,40,0.5081030555555556,0.3450416666666666,msaa_flexible_outputs_npz/spatialAA_across_acrossCond_K50.npz,spatialAA_across_acrossCond_K50.npz
spatial,across,rest,50,43,0.0038333333333333,0.0004855460696524,0.0030708629780892,40,0.5039205555555556,0.3260275,msaa_flexible_outputs_npz/spatialAA_across_acrossCond_K50.npz,spatialAA_across_acrossCond_K50.npz
spatial,across,rest,50,44,0.0033333333333333,0.0005063696835418,0.0032025630761017,40,0.5055211111111111,0.3369880555555555,msaa_flexible_outputs_npz/spatialAA_across_acrossCond_K50.npz,spatialAA_across_acrossCond_K50.npz
spatial,across,rest,50,45,0.0039166666666666,0.0004904718932443,0.003102016621894,40,0.5165955555555556,0.3367722222222222,msaa_flexible_outputs_npz/spatialAA_across_acrossCond_K50.npz,spatialAA_across_acrossCond_K50.npz
spatial,across,rest,50,46,0.0026666666666666,0.0003994297930101,0.0025262158224835,40,0.5165230555555557,0.3313727777777777,msaa_flexible_outputs_npz/spatialAA_across_acrossCond_K50.npz,spatialAA_across_acrossCond_K50.npz
spatial,across,rest,50,47,0.0031666666666666,0.0004457779141208,0.0028193470784417,40,0.5115605555555555,0.3315261111111111,msaa_flexible_outputs_npz/spatialAA_across_acrossCond_K50.npz,spatialAA_across_acrossCond_K50.npz
spatial,across,rest,50,48,0.0041666666666666,0.00058165203371,0.0036786904643858,40,0.5354602777777778,0.3303555555555555,msaa_flexible_outputs_npz/spatialAA_across_acrossCond_K50.npz,spatialAA_across_acrossCond_K50.npz
spatial,across,rest,50,49,0.0034166666666666,0.0005402265537205,0.0034166927245201,40,0.5013408333333335,0.3282358333333333,msaa_flexible_outputs_npz/spatialAA_across_acrossCond_K50.npz,spatialAA_across_acrossCond_K50.npz
spatial,across,rest,52,0,0.0040833333333333,0.0006257474163429,0.0039575741512185,40,0.5265494444444444,0.3267524999999999,,
spatial,across,rest,52,1,0.0030833333333333,0.0004527141951056,0.0028632159712473,40,0.5240538888888888,0.3272594444444444,,
spatial,across,rest,52,2,0.0033333333333333,0.0005063696835418,0.0032025630761017,40,0.4787633333333334,0.3310227777777777,,
spatial,across,rest,52,3,0.0031666666666666,0.0004913786640188,0.0031077515438206,40,0.4987113888888889,0.3404813888888888,,
spatial,across,rest,52,4,0.0044166666666666,0.0006246081392643,0.0039503687303102,40,0.5208841666666666,0.3448966666666667,,
spatial,across,rest,52,5,0.0028333333333333,0.0004393403498655,0.0027786323471804,40,0.5122941666666667,0.3526777777777777,,
spatial,across,rest,52,6,0.0043333333333333,0.0005871365639519,0.0037133776793067,40,0.526451111111111,0.3365875,,
spatial,across,rest,52,7,0.00225,0.0004366979828269,0.0027619205506685,40,0.4993580555555555,0.3320974999999999,,
spatial,across,rest,52,8,0.00575,0.0005596536881967,0.0035395607112309,40,0.521326111111111,0.3757127777777777,,
spatial,across,rest,52,9,0.006,0.0005364226763936,0.0033926348919345,40,0.5474380555555556,0.3104016666666667,,
spatial,across,rest,52,10,0.0020833333333333,0.0004080301508327,0.0025806092613071,40,0.4922205555555555,0.340781111111111,,
spatial,across,rest,52,11,0.0040833333333333,0.000526877324526,0.0033322647859959,40,0.54184,0.3392402777777777,,
spatial,across,rest,52,12,0.0064166666666666,0.0006246081392643,0.0039503687303102,40,0.5431311111111111,0.3534574999999999,,
spatial,across,rest,52,13,0.0046666666666666,0.0005175000172041,0.0032729574870827,40,0.5095538888888889,0.3229083333333333,,
spatial,across,rest,52,14,0.0046666666666666,0.0006178724639975,0.0039077685794651,40,0.5002013888888889,0.3299144444444444,,
spatial,across,rest,52,15,0.0026666666666666,0.0004336290903919,0.0027425111706914,40,0.4857630555555555,0.3281774999999999,,
spatial,across,rest,52,16,0.0035833333333333,0.0006013695196343,0.003803394794892,40,0.5169422222222222,0.3412447222222222,,
spatial,across,rest,52,17,0.0045,0.0004393403498655,0.0027786323471804,40,0.5536794444444444,0.3346999999999999,,
spatial,across,rest,52,18,0.0043333333333333,0.000465321626968,0.0029429523715086,40,0.5219341666666667,0.3392888888888888,,
spatial,across,rest,52,19,0.0023333333333333,0.0004168802871199,0.0026365824378477,40,0.5097825,0.3429625,,
spatial,across,rest,52,20,0.0021666666666666,0.0003876659648265,0.0024518148403572,40,0.4832172222222223,0.3433869444444445,,
spatial,across,rest,52,21,0.0038333333333333,0.0006703955544528,0.0042399537706451,40,0.4963202777777777,0.3333158333333333,,
spatial,across,rest,52,22,0.0053333333333333,0.0005443310539518,0.0034426518632954,40,0.5247061111111113,0.3346613888888888,,
spatial,across,rest,52,23,0.0055833333333333,0.0004681828240069,0.0029610481704636,40,0.5004013888888889,0.3674775,,
spatial,across,rest,52,24,0.0018333333333333,0.0003764809314399,0.0023810744779438,40,0.4858002777777778,0.3349180555555556,,
spatial,across,rest,52,25,0.0036666666666666,0.0004891995904702,0.003093969872615,40,0.4847063888888889,0.3406502777777777,,
spatial,across,rest,52,26,0.0036666666666666,0.0005310850045437,0.0033588764910385,40,0.5316511111111112,0.3336219444444444,,
spatial,across,rest,52,27,0.0035833333333333,0.0005389065112987,0.0034083440431988,40,0.4955302777777778,0.3418799999999999,,
spatial,across,rest,52,28,0.0042499999999999,0.000620030097606,0.003921414652583,40,0.514111111111111,0.3311397222222222,,
spatial,across,rest,52,29,0.0048333333333333,0.0006746319034319,0.0042667467941194,40,0.5257350000000001,0.3301780555555555,,
spatial,across,rest,52,30,0.0048333333333333,0.0007448780469602,0.0047110224149044,40,0.4943002777777778,0.3261733333333333,,
spatial,across,rest,52,31,0.00225,0.0005117911677922,0.0032368515531621,40,0.469128888888889,0.33038,,
spatial,across,rest,52,32,0.0031666666666666,0.0006079951641733,0.0038452990503112,40,0.5051588888888888,0.3342222222222221,,
spatial,across,rest,52,33,0.0015833333333333,0.0004301245430187,0.0027203464669569,40,0.4963305555555555,0.3395869444444444,,
spatial,across,rest,52,34,0.0023333333333333,0.0005091750772173,0.0032203059435976,40,0.4642941666666666,0.3407055555555555,,
spatial,across,rest,52,35,0.0031666666666666,0.0004766633793443,0.003014683911842,40,0.4891666666666667,0.3442527777777777,,
spatial,across,rest,52,36,0.0024999999999999,0.0004425708371198,0.0027990637425321,40,0.5029024999999999,0.3437047222222221,,
spatial,across,rest,52,37,0.0031666666666666,0.0005591762357951,0.0035365410371042,40,0.4866808333333333,0.3362225,,
spatial,across,rest,52,38,0.00325,0.0004991088925371,0.0031566418017233,40,0.4936180555555555,0.3343708333333333,,
spatial,across,rest,52,39,0.0035833333333333,0.0004366979828269,0.0027619205506685,40,0.5026583333333334,0.3268991666666666,,
spatial,across,rest,52,40,0.0039166666666666,0.0005187029077928,0.0032805652351551,40,0.5305797222222223,0.3308222222222222,,
spatial,across,rest,52,41,0.0048333333333333,0.0006195991719677,0.0039186892395449,40,0.5390030555555556,0.3303072222222222,,
spatial,across,rest,52,42,0.0034166666666666,0.0005402265537205,0.0034166927245201,40,0.5164847222222222,0.3370702777777777,,
spatial,across,rest,52,43,0.0048333333333333,0.0005462902602399,0.0034550429718488,40,0.502347777777778,0.3331974999999999,,
spatial,across,rest,52,44,0.004,0.0005364226763936,0.0033926348919345,40,0.5115808333333334,0.3338333333333333,,
spatial,across,rest,52,45,0.00325,0.0004991088925371,0.0031566418017233,40,0.5015175,0.3272719444444444,,
spatial,across,rest,52,46,0.00375,0.0004651302547095,0.0029417420270727,40,0.5088463888888889,0.3341825,,
spatial,across,rest,52,47,0.0039166666666666,0.0005322571942188,0.0033662900694843,40,0.5231763888888888,0.3388947222222221,,
spatial,across,rest,52,48,0.00325,0.000526877324526,0.0033322647859959,40,0.5144397222222222,0.3335541666666666,,
spatial,across,rest,52,49,0.003,0.0005035486605694,0.0031847213602527,40,0.5097077777777779,0.3312527777777777,,
spatial,across,rest,52,50,0.0041666666666666,0.0004884710724331,0.0030893623199876,40,0.5327652777777778,0.3342549999999999,,
spatial,across,rest,52,51,0.0038333333333333,0.0003876659648265,0.0024518148403572,40,0.5045250000000001,0.3313633333333333,,
spatial,across,rest,54,0,0.0033333333333333,0.0004921028776234,0.0031123318728261,40,0.5228969444444445,0.3258927777777777,,
spatial,across,rest,54,1,0.0028333333333333,0.0005410499447694,0.0034219003067596,40,0.4806841666666667,0.3306597222222222,,
spatial,across,rest,54,2,0.005,0.0006537204504606,0.0041344911529736,40,0.5491544444444445,0.3390063888888888,,
spatial,across,rest,54,3,0.0030833333333333,0.0004831564663131,0.0030557497995756,40,0.4975297222222222,0.3404266666666666,,
spatial,across,rest,54,4,0.0036666666666666,0.0004891995904702,0.003093969872615,40,0.5296474999999999,0.3247494444444444,,
spatial,across,rest,54,5,0.0048333333333333,0.0006421784505829,0.0040614931362402,40,0.5185130555555556,0.3454597222222222,,
spatial,across,rest,54,6,0.0024166666666666,0.0004132337211096,0.0026135195293864,40,0.513917777777778,0.3501591666666666,,
spatial,across,rest,54,7,0.0036666666666666,0.0004591581544807,0.0029039711487975,40,0.5338227777777778,0.3380366666666666,,
spatial,across,rest,54,8,0.00425,0.0005722388181146,0.0036191560616103,40,0.4994319444444444,0.3309261111111111,,
spatial,across,rest,54,9,0.005,0.0004303314829119,0.002721655269759,40,0.5494394444444445,0.3131677777777777,,
spatial,across,rest,54,10,0.0054166666666666,0.0005558225853982,0.0035153306896435,40,0.5209902777777777,0.3811827777777777,,
spatial,across,rest,54,11,0.0024166666666666,0.0004301245430187,0.0027203464669569,40,0.4914458333333334,0.3375902777777776,,
spatial,across,rest,54,12,0.0034999999999999,0.0005330928945203,0.0033715755022721,40,0.5426933333333335,0.3455725,,
spatial,across,rest,54,13,0.00625,0.0005621932528599,0.0035556223284328,40,0.5388027777777777,0.3524447222222222,,
spatial,across,rest,54,14,0.0043333333333333,0.0005091750772173,0.0032203059435976,40,0.5089719444444445,0.3201724999999999,,
spatial,across,rest,54,15,0.0039166666666666,0.0005322571942188,0.0033662900694843,40,0.4996375,0.3242555555555556,,
spatial,across,rest,54,16,0.0029166666666666,0.0004948092383294,0.0031294484008283,40,0.4913238888888888,0.3281475,,
spatial,across,rest,54,17,0.004,0.0005091750772173,0.0032203059435976,40,0.5083202777777778,0.3387311111111111,,
spatial,across,rest,54,18,0.0038333333333333,0.0004393403498655,0.0027786323471804,40,0.5498222222222221,0.3353641666666666,,
spatial,across,rest,54,19,0.0039166666666666,0.0005322571942188,0.0033662900694843,40,0.51151,0.3412188888888888,,
spatial,across,rest,54,20,0.0024999999999999,0.0003726779962499,0.0023570226039551,40,0.5050641666666665,0.3423319444444445,,
spatial,across,rest,54,21,0.00225,0.0004200715581423,0.0026567658079711,40,0.4855541666666666,0.3424272222222222,,
spatial,across,rest,54,22,0.00375,0.0005090001931052,0.0032191998793563,40,0.4939883333333332,0.3300711111111111,,
spatial,across,rest,54,23,0.0045,0.0005,0.0031622776601683,40,0.5258508333333334,0.3344533333333334,,
spatial,across,rest,54,24,0.00575,0.0005966131857806,0.0037733130983118,40,0.4987452777777778,0.3671388888888889,,
spatial,across,rest,54,25,0.0020833333333333,0.000425127766952,0.0026887440802993,40,0.4869427777777778,0.3359838888888889,,
spatial,across,rest,54,26,0.0034166666666666,0.0005659812345252,0.0035795796280276,40,0.4755911111111111,0.3401416666666666,,
spatial,across,rest,54,27,0.0045,0.0005667672107885,0.0035845505783853,40,0.5336077777777778,0.3321199999999999,,
spatial,across,rest,54,28,0.0033333333333333,0.0004774099160262,0.0030194054243855,40,0.4890308333333332,0.3410366666666665,,
spatial,across,rest,54,29,0.00375,0.0006448072217929,0.0040781189451822,40,0.5218108333333333,0.3271713888888888,,
spatial,across,rest,54,30,0.0041666666666666,0.0005436764162477,0.0034385115709216,40,0.5254411111111111,0.3280908333333333,,
spatial,across,rest,54,31,0.00525,0.0007049630731271,0.0044585779547875,40,0.4970849999999999,0.3298091666666666,,
spatial,across,rest,54,32,0.0013333333333333,0.0003112331872826,0.0019684115104936,40,0.4671850000000001,0.3330022222222222,,
spatial,across,rest,54,33,0.0030833333333333,0.0004527141951056,0.0028632159712473,40,0.5035569444444444,0.3343016666666666,,
spatial,across,rest,54,34,0.0018333333333333,0.0003764809314399,0.0023810744779438,40,0.4940122222222222,0.3392288888888889,,
spatial,across,rest,54,35,0.0055833333333333,0.0005389065112987,0.0034083440431988,40,0.5203,0.3420344444444445,,
spatial,across,rest,54,36,0.00325,0.000438325939946,0.0027722166555277,40,0.4689616666666666,0.3408633333333333,,
spatial,across,rest,54,37,0.0033333333333333,0.0005598127485064,0.0035405666969586,40,0.4908372222222223,0.3427652777777777,,
spatial,across,rest,54,38,0.0021666666666666,0.0003876659648265,0.0024518148403572,40,0.5026225,0.3379755555555555,,
spatial,across,rest,54,39,0.0034166666666666,0.0005402265537205,0.0034166927245201,40,0.4958,0.3309286111111111,,
spatial,across,rest,54,40,0.0045833333333333,0.0006392603899459,0.0040430377003132,40,0.4950774999999999,0.3276891666666666,,
spatial,across,rest,54,41,0.00175,0.0004301245430187,0.0027203464669569,40,0.4834002777777778,0.3409244444444444,,
spatial,across,rest,54,42,0.0035833333333333,0.0005519648921491,0.0034909324952811,40,0.5385522222222223,0.3331822222222222,,
spatial,across,rest,54,43,0.0052499999999999,0.0005709927876363,0.0036112754729195,40,0.545415,0.3322511111111111,,
spatial,across,rest,54,44,0.0029166666666666,0.0005090001931052,0.0032191998793563,40,0.5152052777777778,0.3362822222222222,,
spatial,across,rest,54,45,0.0042499999999999,0.000520074233141,0.003289238258182,40,0.5068761111111112,0.3353863888888888,,
spatial,across,rest,54,46,0.0046666666666666,0.0006062354060275,0.0038341693625679,40,0.5091266666666666,0.3400208333333332,,
spatial,across,rest,54,47,0.0034166666666666,0.0004542847607774,0.002873149100723,40,0.5038908333333333,0.3265986111111111,,
spatial,across,rest,54,48,0.0031666666666666,0.0004913786640188,0.0031077515438206,40,0.5023361111111111,0.3387427777777777,,
spatial,across,rest,54,49,0.0029166666666666,0.0004495566033339,0.0028432456074081,40,0.5201802777777778,0.3335216666666666,,
spatial,across,rest,54,50,0.00225,0.0004527141951056,0.0028632159712473,40,0.5098547222222223,0.3315352777777777,,
spatial,across,rest,54,51,0.00275,0.0004115065088642,0.0026025956799903,40,0.5160488888888889,0.3287713888888889,,
spatial,across,rest,54,52,0.00325,0.000438325939946,0.0027722166555276,40,0.5288538888888888,0.336261111111111,,
spatial,across,rest,54,53,0.0038333333333333,0.0005540578101426,0.0035041692709117,40,0.5025166666666667,0.3376966666666666,,
spatial,across,rest,56,0,0.0029166666666666,0.000480199092139,0.0030370457230089,40,0.4948552777777778,0.3395783333333333,,
spatial,across,rest,56,1,0.0048333333333333,0.0004766633793443,0.003014683911842,40,0.5330227777777778,0.3264861111111111,,
spatial,across,rest,56,2,0.0035833333333333,0.0006013695196343,0.003803394794892,40,0.5347394444444443,0.3451041666666666,,
spatial,across,rest,56,3,0.0038333333333333,0.0005410499447694,0.0034219003067596,40,0.4814811111111111,0.3336763888888888,,
spatial,across,rest,56,4,0.0035833333333333,0.0005894067228156,0.0037277354246259,40,0.5264430555555555,0.3267338888888889,,
spatial,across,rest,56,5,0.0051666666666666,0.0006639903545106,0.0041994437292726,40,0.5507552777777779,0.3393061111111111,,
spatial,across,rest,56,6,0.00475,0.0006844581111966,0.0043288931887165,40,0.5198516666666666,0.3476763888888888,,
spatial,across,rest,56,7,0.0033333333333333,0.0005202453946507,0.0032903207786188,40,0.5144022222222222,0.3512011111111111,,
spatial,across,rest,56,8,0.0034166666666666,0.0004697016692749,0.0029706541913838,40,0.5248980555555556,0.3358958333333334,,
spatial,across,rest,56,9,0.0039999999999999,0.0005091750772173,0.0032203059435976,40,0.4953680555555556,0.3338272222222221,,
spatial,across,rest,56,10,0.0065,0.0005961653339578,0.0037704806346836,40,0.5222566666666666,0.3766327777777777,,
spatial,across,rest,56,11,0.0033333333333333,0.0004465760847047,0.0028243951524544,40,0.4904386111111111,0.3397430555555555,,
spatial,across,rest,56,12,0.004,0.0005495400822454,0.0034755966509035,40,0.5419233333333333,0.3450147222222222,,
spatial,across,rest,56,13,0.0055833333333333,0.0005389065112987,0.0034083440431988,40,0.5354277777777778,0.3171566666666667,,
spatial,across,rest,56,14,0.00525,0.0005583795745617,0.0035315025090618,40,0.5368852777777777,0.3550066666666666,,
spatial,across,rest,56,15,0.0038333333333333,0.0004855460696524,0.0030708629780892,40,0.508093888888889,0.3222205555555555,,
spatial,across,rest,56,16,0.0048333333333333,0.0006954266558151,0.0043982643559396,40,0.52437,0.3369074999999999,,
spatial,across,rest,56,17,0.0035,0.0004295031251026,0.0027164162749691,40,0.4937216666666666,0.3286408333333333,,
spatial,across,rest,56,18,0.0028333333333333,0.0004552636129375,0.0028793399053599,40,0.4806275,0.3290036111111111,,
spatial,across,rest,56,19,0.0026666666666666,0.000465321626968,0.0029429523715086,40,0.5088800000000001,0.3412736111111111,,
spatial,across,rest,56,20,0.0041666666666666,0.00058165203371,0.0036786904643858,40,0.5448069444444446,0.3307619444444444,,
spatial,across,rest,56,21,0.00575,0.0006314129680188,0.003993406246213,40,0.5223327777777778,0.3399694444444444,,
spatial,across,rest,56,22,0.0026666666666666,0.000465321626968,0.0029429523715086,40,0.5071286111111111,0.3437088888888889,,
spatial,across,rest,56,23,0.003,0.000557262335477,0.0035244364686645,40,0.4833758333333333,0.3421225,,
spatial,across,rest,56,24,0.00325,0.0004991088925371,0.0031566418017233,40,0.4962116666666666,0.3308994444444444,,
spatial,across,rest,56,25,0.00475,0.0005454747794744,0.0034498854186348,40,0.5311561111111113,0.3362866666666667,,
spatial,across,rest,56,26,0.00575,0.0005467789649092,0.003458133811565,40,0.4966877777777777,0.3652786111111111,,
spatial,across,rest,56,27,0.0018333333333333,0.0004913786640188,0.0031077515438206,40,0.479775,0.3387502777777778,,
spatial,across,rest,56,28,0.0029166666666666,0.0005362566783465,0.0033915850281024,40,0.4777688888888889,0.3406727777777777,,
spatial,across,rest,56,29,0.0041666666666666,0.0006172958213483,0.0039041215711303,40,0.533955,0.3354113888888889,,
spatial,across,rest,56,30,0.0038333333333333,0.0005540578101426,0.0035041692709117,40,0.4974813888888888,0.3381333333333333,,
spatial,across,rest,56,31,0.0043333333333333,0.0006772661653216,0.0042834073291689,40,0.526426111111111,0.3263652777777778,,
spatial,across,rest,56,32,0.0044166666666666,0.0005771960417875,0.003650508296965,40,0.5270247222222222,0.3293402777777777,,
spatial,across,rest,56,33,0.0041666666666666,0.0005168113941217,0.003268602252303,40,0.4942463888888889,0.3263041666666667,,
spatial,across,rest,56,34,0.0019166666666666,0.0003938179688543,0.0024907235301622,40,0.4645738888888889,0.3348722222222222,,
spatial,across,rest,56,35,0.0028333333333333,0.0004552636129375,0.0028793399053599,40,0.5022150000000001,0.3338522222222221,,
spatial,across,rest,56,36,0.0016666666666666,0.0003958473906635,0.0025035587206627,40,0.4967252777777777,0.3334094444444445,,
spatial,across,rest,56,37,0.0045,0.0005667672107885,0.0035845505783853,40,0.5195050000000001,0.3399877777777777,,
spatial,across,rest,56,38,0.00275,0.0003752966537921,0.0023735844484456,40,0.478885,0.3382463888888888,,
spatial,across,rest,56,39,0.0020833333333333,0.0003517862436957,0.0022248915591872,40,0.4863616666666667,0.3439658333333333,,
spatial,across,rest,56,40,0.0020833333333333,0.0004080301508327,0.0025806092613071,40,0.5155933333333333,0.3396622222222222,,
spatial,across,rest,56,41,0.0031666666666666,0.0005330928945203,0.0033715755022721,40,0.4860844444444445,0.3354583333333333,,
spatial,across,rest,56,42,0.0047499999999999,0.0006188802957865,0.0039141426673682,40,0.4961372222222222,0.324593611111111,,
spatial,across,rest,56,43,0.0016666666666666,0.0004465760847047,0.0028243951524544,40,0.4865305555555556,0.3362136111111111,,
spatial,across,rest,56,44,0.0034166666666666,0.0004846283858428,0.0030650590360687,40,0.5393933333333333,0.3313038888888888,,
spatial,across,rest,56,45,0.0039166666666666,0.0005709927876363,0.0036112754729195,40,0.5470844444444445,0.3285411111111111,,
spatial,across,rest,56,46,0.0034166666666666,0.0004217636961434,0.0026674678283691,40,0.5142591666666666,0.336445,,
spatial,across,rest,56,47,0.004,0.0006224663745652,0.0039368230209872,40,0.502858888888889,0.3355649999999999,,
spatial,across,rest,56,48,0.0041666666666666,0.0006399563731569,0.004047439484633,40,0.4968688888888889,0.3389088888888888,,
spatial,across,rest,56,49,0.004,0.0005991446895152,0.0037893237337253,40,0.5050305555555555,0.3244161111111111,,
spatial,across,rest,56,50,0.0030833333333333,0.0005117911677922,0.0032368515531621,40,0.4963816666666666,0.3334883333333333,,
spatial,across,rest,56,51,0.0038333333333333,0.0004855460696524,0.0030708629780892,40,0.5205494444444444,0.3325377777777777,,
spatial,across,rest,56,52,0.0025833333333333,0.0004991088925371,0.0031566418017233,40,0.5158769444444444,0.3327988888888888,,
spatial,across,rest,56,53,0.0036666666666666,0.0004744167209018,0.0030004747962362,40,0.5160052777777778,0.3314697222222222,,
spatial,across,rest,56,54,0.0046666666666666,0.0006730463973541,0.0042567191732199,40,0.5295891666666667,0.3310486111111111,,
spatial,across,rest,56,55,0.0044166666666666,0.0005255237517707,0.003323704040225,40,0.5065505555555557,0.3311891666666666,,
spatial,across,rest,58,0,0.0055,0.0006487990219938,0.0041033653063804,40,0.5429905555555556,0.3358408333333333,,
spatial,across,rest,58,1,0.0031666666666666,0.0004614791034954,0.0029186501192363,40,0.4957566666666667,0.3382686111111111,,
spatial,across,rest,58,2,0.0033333333333333,0.0004921028776234,0.0031123318728261,40,0.5022458333333333,0.3380052777777778,,
spatial,across,rest,58,3,0.0045,0.0005791977947731,0.0036631684944598,40,0.4761977777777778,0.3350619444444444,,
spatial,across,rest,58,4,0.0036666666666666,0.0005822639771026,0.0036825607342247,40,0.5297641666666666,0.3246763888888888,,
spatial,across,rest,58,5,0.0048333333333333,0.0005462902602399,0.0034550429718488,40,0.5315469444444444,0.3243280555555555,,
spatial,across,rest,58,6,0.0052499999999999,0.0007906820237478,0.0050007121999893,40,0.5251283333333333,0.3481838888888889,,
spatial,across,rest,58,7,0.0034166666666666,0.0005402265537205,0.0034166927245201,40,0.5156186111111112,0.3566813888888888,,
spatial,across,rest,58,8,0.00325,0.000526877324526,0.0033322647859959,40,0.53063,0.3372291666666666,,
spatial,across,rest,58,9,0.0031666666666666,0.0004295031251026,0.0027164162749691,40,0.4975275,0.3376838888888888,,
spatial,across,rest,58,10,0.0020833333333333,0.0003517862436957,0.0022248915591872,40,0.4837658333333333,0.3405391666666666,,
spatial,across,rest,58,11,0.0065,0.0005961653339578,0.0037704806346836,40,0.5226594444444442,0.3670025,,
spatial,across,rest,58,12,0.00575,0.0006535842445105,0.0041336297109071,40,0.538375,0.3124447222222222,,
spatial,across,rest,58,13,0.00375,0.0005621932528599,0.0035556223284328,40,0.5355161111111111,0.3405305555555555,,
spatial,across,rest,58,14,0.0063333333333333,0.0004891995904702,0.003093969872615,40,0.4774697222222221,0.3652155555555555,,
spatial,across,rest,58,15,0.0046666666666666,0.0006515377383555,0.0041206864695165,40,0.5129833333333333,0.3257455555555555,,
spatial,across,rest,58,16,0.0039166666666666,0.0006072625513464,0.0038406655999594,40,0.5253991666666666,0.3409494444444444,,
spatial,across,rest,58,17,0.0046666666666666,0.000557262335477,0.0035244364686645,40,0.5427811111111112,0.3474069444444444,,
spatial,across,rest,58,18,0.0035833333333333,0.0004976798018658,0.0031476034387145,40,0.4950980555555554,0.3301416666666666,,
spatial,across,rest,58,19,0.0034166666666666,0.0005532537786493,0.0034990841292529,40,0.4884841666666666,0.3256536111111111,,
spatial,across,rest,58,20,0.003,0.000557262335477,0.0035244364686645,40,0.498228888888889,0.3369763888888888,,
spatial,across,rest,58,21,0.00475,0.0005833333333333,0.0036893239368631,40,0.5405749999999999,0.329988611111111,,
spatial,across,rest,58,22,0.0034166666666666,0.0005402265537205,0.0034166927245201,40,0.5202347222222222,0.3325188888888888,,
spatial,across,rest,58,23,0.004,0.0005871365639519,0.0037133776793067,40,0.5145308333333333,0.3381938888888888,,
spatial,across,rest,58,24,0.0019166666666666,0.0003132292061933,0.0019810354425152,40,0.50801,0.3421272222222222,,
spatial,across,rest,58,25,0.0025,0.0004583818933094,0.0028990616420763,40,0.4881122222222222,0.3412063888888889,,
spatial,across,rest,58,26,0.0029166666666666,0.0005493780477196,0.0034745718545814,40,0.4855513888888888,0.3308336111111111,,
spatial,across,rest,58,27,0.00525,0.0004605134629656,0.0029125428722863,40,0.5344141666666667,0.3356730555555555,,
spatial,across,rest,58,28,0.0051666666666666,0.0005840959605818,0.0036941472150854,40,0.5061619444444444,0.3629161111111111,,
spatial,across,rest,58,29,0.00175,0.0003956224134412,0.0025021358397744,40,0.48247,0.3377155555555555,,
spatial,across,rest,58,30,0.00325,0.0005784287095915,0.0036583043726829,40,0.4811022222222222,0.3388399999999999,,
spatial,across,rest,58,31,0.0049166666666666,0.0005596536881967,0.0035395607112309,40,0.5461075,0.3339666666666666,,
spatial,across,rest,58,32,0.00275,0.0004757285610699,0.0030087716019509,40,0.4869044444444445,0.3345480555555554,,
spatial,across,rest,58,33,0.0035,0.0005330928945203,0.0033715755022721,40,0.5132783333333334,0.3273005555555556,,
spatial,across,rest,58,34,0.0049166666666666,0.0005845530593558,0.0036970381615681,40,0.5180488888888889,0.3300061111111111,,
spatial,across,rest,58,35,0.00375,0.000480199092139,0.0030370457230089,40,0.4973927777777777,0.3323263888888889,,
spatial,across,rest,58,36,0.0016666666666666,0.0003375797890278,0.0021350420507344,40,0.4710661111111111,0.3335175,,
spatial,across,rest,58,37,0.0025833333333333,0.0004697016692749,0.0029706541913838,40,0.4950383333333333,0.3361116666666666,,
spatial,across,rest,58,38,0.002,0.0003736323588785,0.0023630585231952,40,0.4932344444444444,0.3362936111111111,,
spatial,across,rest,58,39,0.0064166666666666,0.0006998931542388,0.0044265129723086,40,0.5209397222222223,0.3379491666666666,,
spatial,across,rest,58,40,0.0026666666666666,0.0003811812499312,0.0024108019022652,40,0.4804502777777777,0.3375136111111111,,
spatial,across,rest,58,41,0.00325,0.0003865159594306,0.0024445415676121,40,0.4800494444444444,0.3444405555555555,,
spatial,across,rest,58,42,0.0018333333333333,0.000336523198677,0.0021283595866099,40,0.5074822222222222,0.3394299999999999,,
spatial,across,rest,58,43,0.0024166666666666,0.0004463766758603,0.0028231339801868,40,0.4782188888888889,0.3374447222222222,,
spatial,across,rest,58,44,0.0046666666666666,0.0006178724639975,0.0039077685794651,40,0.5015883333333333,0.3245647222222221,,
spatial,across,rest,58,45,0.00175,0.0004132337211096,0.0026135195293864,40,0.4945227777777777,0.3365016666666666,,
spatial,across,rest,58,46,0.0046666666666666,0.0006405126152203,0.0040509574683346,40,0.5365852777777779,0.3284594444444444,,
spatial,across,rest,58,47,0.00525,0.0006072625513464,0.0038406655999594,40,0.5455516666666667,0.3240983333333333,,
spatial,across,rest,58,48,0.00325,0.0005659812345252,0.0035795796280276,40,0.5158125,0.3339083333333333,,
spatial,across,rest,58,49,0.0048333333333333,0.0006079951641733,0.0038452990503112,40,0.5025388888888889,0.3349858333333333,,
spatial,across,rest,58,50,0.0043333333333333,0.0006666666666666,0.0042163702135578,40,0.498855,0.3408094444444444,,
spatial,across,rest,58,51,0.00325,0.0004542847607774,0.002873149100723,40,0.5086130555555556,0.3272733333333333,,
spatial,across,rest,58,52,0.00275,0.0004605134629656,0.0029125428722863,40,0.49803,0.3350972222222221,,
spatial,across,rest,58,53,0.0031666666666666,0.0004457779141208,0.0028193470784417,40,0.5165541666666666,0.3348672222222222,,
spatial,across,rest,58,54,0.0033333333333333,0.0004774099160262,0.0030194054243855,40,0.5162666666666667,0.3303097222222221,,
spatial,across,rest,58,55,0.0033333333333333,0.0005723943812052,0.0036201399289824,40,0.5141913888888888,0.3345180555555556,,
spatial,across,rest,58,56,0.0046666666666666,0.0007240279857964,0.0045791550496419,40,0.5213613888888888,0.3316302777777777,,
spatial,across,rest,58,57,0.0036666666666666,0.0004891995904702,0.003093969872615,40,0.5020261111111111,0.3308994444444444,,
spatial,across,rest,60,0,0.0025833333333333,0.0003676269476651,0.0023250769677545,40,0.5224719444444444,0.3198408333333333,,
spatial,across,rest,60,1,0.0045,0.0005140476770154,0.003251122970575,40,0.4901583333333333,0.3352961111111111,,
spatial,across,rest,60,2,0.0028333333333333,0.0005140476770154,0.003251122970575,40,0.4922366666666667,0.3370525,,
spatial,across,rest,60,3,0.00575,0.0007159905377464,0.004528321764815,40,0.5538577777777778,0.3346786111111111,,
spatial,across,rest,60,4,0.00425,0.000620030097606,0.003921414652583,40,0.5352241666666667,0.3228922222222222,,
spatial,across,rest,60,5,0.0042499999999999,0.000754733401356,0.0047733531489824,40,0.5224683333333334,0.3456777777777778,,
spatial,across,rest,60,6,0.00325,0.000438325939946,0.0027722166555276,40,0.5171216666666666,0.3539216666666666,,
spatial,across,rest,60,7,0.00475,0.0005833333333333,0.0036893239368631,40,0.5268727777777777,0.332705,,
spatial,across,rest,60,8,0.00325,0.000438325939946,0.0027722166555277,40,0.4935550000000001,0.336078611111111,,
spatial,across,rest,60,9,0.0065,0.0005195604102922,0.00328598855715,40,0.5193588888888888,0.37283,,
spatial,across,rest,60,10,0.0026666666666666,0.0004336290903919,0.0027425111706914,40,0.488675,0.3372849999999999,,
spatial,across,rest,60,11,0.0055,0.0005791977947731,0.0036631684944598,40,0.5336538888888889,0.3102541666666666,,
spatial,across,rest,60,12,0.0036666666666666,0.0004744167209018,0.0030004747962362,40,0.5380094444444443,0.3373097222222222,,
spatial,across,rest,60,13,0.0054166666666666,0.0006049122278635,0.0038258008490709,40,0.4806716666666666,0.3589888888888889,,
spatial,across,rest,60,14,0.0035833333333333,0.0005519648921491,0.0034909324952811,40,0.5295522222222223,0.3426477777777778,,
spatial,across,rest,60,15,0.0038333333333333,0.0004056228722963,0.0025653842950319,40,0.5018888888888888,0.3261883333333332,,
spatial,across,rest,60,16,0.0035,0.0004295031251026,0.0027164162749691,40,0.5360516666666667,0.3452024999999999,,
spatial,across,rest,60,17,0.0035833333333333,0.0005389065112987,0.0034083440431988,40,0.49992,0.3271608333333333,,
spatial,across,rest,60,18,0.0031666666666666,0.0004457779141208,0.0028193470784417,40,0.4881002777777778,0.3251983333333333,,
spatial,across,rest,60,19,0.0039166666666666,0.0004447781866589,0.0028130242468036,40,0.5098955555555555,0.3358041666666667,,
spatial,across,rest,60,20,0.0030833333333333,0.0004831564663131,0.0030557497995756,40,0.4854780555555556,0.3389422222222221,,
spatial,across,rest,60,21,0.0039166666666666,0.0004605134629656,0.0029125428722863,40,0.5458661111111112,0.327888611111111,,
spatial,across,rest,60,22,0.0040833333333333,0.0005906139063083,0.0037353703234072,40,0.5254863888888888,0.3293491666666666,,
spatial,across,rest,60,23,0.00525,0.0007248882417055,0.0045845957857283,40,0.5115136111111112,0.3429058333333333,,
spatial,across,rest,60,24,0.0021666666666666,0.0004552636129375,0.0028793399053599,40,0.5058111111111111,0.3397333333333333,,
spatial,across,rest,60,25,0.00325,0.0005131809630673,0.0032456413902629,40,0.4901297222222222,0.3432408333333333,,
spatial,across,rest,60,26,0.0028333333333333,0.0004855460696524,0.0030708629780892,40,0.4915252777777777,0.3299388888888889,,
spatial,across,rest,60,27,0.00525,0.0006188802957865,0.0039141426673682,40,0.5359491666666668,0.3340058333333334,,
spatial,across,rest,60,28,0.0056666666666666,0.0006877023141843,0.0043494113299823,40,0.5053805555555556,0.3640325,,
spatial,across,rest,60,29,0.0019999999999999,0.0003540566696958,0.0022392509940256,40,0.474,0.3329166666666666,,
spatial,across,rest,60,30,0.00375,0.0004948092383294,0.0031294484008283,40,0.4911327777777778,0.3395758333333333,,
spatial,across,rest,60,31,0.00475,0.0007248882417055,0.0045845957857283,40,0.5306983333333333,0.3298227777777778,,
spatial,across,rest,60,32,0.003,0.0004744167209018,0.0030004747962362,40,0.4945155555555556,0.3380441666666666,,
spatial,across,rest,60,33,0.0040833333333333,0.0006370281338409,0.0040289196730877,40,0.5157088888888889,0.3295608333333333,,
spatial,across,rest,60,34,0.0045833333333333,0.0005159493228057,0.0032631500345752,40,0.5280636111111112,0.3294344444444445,,
spatial,across,rest,60,35,0.0045833333333333,0.0006503067433133,0.0041129009732735,40,0.4947216666666666,0.3283505555555555,,
spatial,across,rest,60,36,0.0015833333333333,0.0003771897132373,0.0023855572076316,40,0.46113,0.3326991666666666,,
spatial,across,rest,60,37,0.003,0.0005943705521611,0.0037591294379223,40,0.4951116666666667,0.3322733333333333,,
spatial,across,rest,60,38,0.0016666666666666,0.0002923526731023,0.001849000654084,40,0.4975411111111111,0.3345869444444445,,
spatial,across,rest,60,39,0.004,0.0005495400822454,0.0034755966509035,40,0.5234797222222222,0.3396580555555555,,
spatial,across,rest,60,40,0.00475,0.0006302839318575,0.0039862655945525,40,0.5118405555555554,0.3383844444444444,,
spatial,across,rest,60,41,0.0030833333333333,0.0004527141951056,0.0028632159712473,40,0.4814108333333334,0.3365458333333332,,
spatial,across,rest,60,42,0.0035,0.0005195604102922,0.00328598855715,40,0.4858027777777777,0.3458913888888889,,
spatial,across,rest,60,43,0.0020833333333333,0.0004415638486998,0.002792694988563,40,0.5110349999999999,0.3399011111111111,,
spatial,across,rest,60,44,0.0044166666666666,0.0005894067228156,0.0037277354246259,40,0.483416388888889,0.3366741666666666,,
spatial,across,rest,60,45,0.00275,0.0004115065088642,0.0026025956799903,40,0.4784013888888888,0.3325386111111111,,
spatial,across,rest,60,46,0.0048333333333333,0.0006531754562429,0.0041310443068946,40,0.498653611111111,0.3288880555555554,,
spatial,across,rest,60,47,0.0014166666666666,0.0003351977772264,0.0021199768853225,40,0.4859155555555555,0.3403002777777777,,
spatial,across,rest,60,48,0.0029166666666666,0.000480199092139,0.0030370457230089,40,0.5350969444444444,0.3342627777777777,,
spatial,across,rest,60,49,0.0046666666666666,0.0006178724639975,0.0039077685794651,40,0.5403569444444445,0.325686111111111,,
spatial,across,rest,60,50,0.0020833333333333,0.000425127766952,0.0026887440802993,40,0.5020674999999999,0.3394669444444444,,
spatial,across,rest,60,51,0.004,0.0005748776656683,0.0036358455989457,40,0.5168827777777777,0.3366374999999999,,
spatial,across,rest,60,52,0.0031666666666666,0.0004614791034954,0.0029186501192363,40,0.5059916666666666,0.3398916666666666,,
spatial,across,rest,60,53,0.00325,0.0006257474163429,0.0039575741512185,40,0.5003616666666667,0.328506111111111,,
spatial,across,rest,60,54,0.0038333333333333,0.0005140476770154,0.003251122970575,40,0.4976522222222222,0.3318433333333333,,
spatial,across,rest,60,55,0.0028333333333333,0.0004393403498655,0.0027786323471804,40,0.5133397222222222,0.3343866666666666,,
spatial,across,rest,60,56,0.0042499999999999,0.0005845530593558,0.0036970381615681,40,0.5054969444444444,0.3361969444444444,,
spatial,across,rest,60,57,0.0034166666666666,0.0005402265537205,0.0034166927245201,40,0.513373611111111,0.3324255555555555,,
spatial,across,rest,60,58,0.0045833333333333,0.0006503067433133,0.0041129009732735,40,0.5251505555555556,0.3296888888888888,,
spatial,across,rest,60,59,0.0040833333333333,0.0005906139063083,0.0037353703234072,40,0.5000272222222222,0.3353627777777778,,
spatial,across,rest,75,0,0.00525,0.0006633195892576,0.0041952014373227,40,0.541293888888889,0.3359947222222222,msaa_flexible_outputs_npz/spatialAA_across_acrossCond_K75.npz,spatialAA_across_acrossCond_K75.npz
spatial,across,rest,75,1,0.0025833333333333,0.0004217636961434,0.0026674678283691,40,0.5100361111111111,0.3260638888888889,msaa_flexible_outputs_npz/spatialAA_across_acrossCond_K75.npz,spatialAA_across_acrossCond_K75.npz
spatial,across,rest,75,2,0.0048333333333333,0.0005840959605818,0.0036941472150854,40,0.4976497222222223,0.3294027777777778,msaa_flexible_outputs_npz/spatialAA_across_acrossCond_K75.npz,spatialAA_across_acrossCond_K75.npz
spatial,across,rest,75,3,0.003,0.0004891995904702,0.003093969872615,40,0.4969194444444443,0.3376480555555555,msaa_flexible_outputs_npz/spatialAA_across_acrossCond_K75.npz,spatialAA_across_acrossCond_K75.npz
spatial,across,rest,75,4,0.0039166666666666,0.0005322571942188,0.0033662900694843,40,0.5386172222222222,0.3239325,msaa_flexible_outputs_npz/spatialAA_across_acrossCond_K75.npz,spatialAA_across_acrossCond_K75.npz
spatial,across,rest,75,5,0.00325,0.0004846283858428,0.0030650590360687,40,0.5028841666666667,0.3412508333333333,msaa_flexible_outputs_npz/spatialAA_across_acrossCond_K75.npz,spatialAA_across_acrossCond_K75.npz
spatial,across,rest,75,6,0.006,0.0006666666666666,0.0042163702135578,40,0.5312430555555556,0.3405652777777777,msaa_flexible_outputs_npz/spatialAA_across_acrossCond_K75.npz,spatialAA_across_acrossCond_K75.npz
spatial,across,rest,75,7,0.0042499999999999,0.0005467789649092,0.003458133811565,40,0.5068199999999999,0.3323397222222222,msaa_flexible_outputs_npz/spatialAA_across_acrossCond_K75.npz,spatialAA_across_acrossCond_K75.npz
spatial,across,rest,75,8,0.0034166666666666,0.0005131809630673,0.0032456413902629,40,0.5194072222222222,0.3589349999999999,msaa_flexible_outputs_npz/spatialAA_across_acrossCond_K75.npz,spatialAA_across_acrossCond_K75.npz
spatial,across,rest,75,9,0.00525,0.0005583795745617,0.0035315025090618,40,0.5106244444444444,0.3454061111111111,msaa_flexible_outputs_npz/spatialAA_across_acrossCond_K75.npz,spatialAA_across_acrossCond_K75.npz
spatial,across,rest,75,10,0.0039166666666666,0.0004605134629656,0.0029125428722863,40,0.5002875,0.3371430555555555,msaa_flexible_outputs_npz/spatialAA_across_acrossCond_K75.npz,spatialAA_across_acrossCond_K75.npz
spatial,across,rest,75,11,0.0046666666666666,0.0005310850045437,0.0033588764910385,40,0.5421988888888889,0.3245316666666666,msaa_flexible_outputs_npz/spatialAA_across_acrossCond_K75.npz,spatialAA_across_acrossCond_K75.npz
spatial,across,rest,75,12,0.0060833333333333,0.0005187029077928,0.0032805652351551,40,0.5220169444444445,0.3697880555555555,msaa_flexible_outputs_npz/spatialAA_across_acrossCond_K75.npz,spatialAA_across_acrossCond_K75.npz
spatial,across,rest,75,13,0.0050833333333333,0.0005335936864527,0.0033747427885527,40,0.5261747222222223,0.3237291666666667,msaa_flexible_outputs_npz/spatialAA_across_acrossCond_K75.npz,spatialAA_across_acrossCond_K75.npz
spatial,across,rest,75,14,0.0031666666666666,0.0005195604102922,0.00328598855715,40,0.4941627777777778,0.3399041666666666,msaa_flexible_outputs_npz/spatialAA_across_acrossCond_K75.npz,spatialAA_across_acrossCond_K75.npz
spatial,across,rest,75,15,0.0041666666666666,0.0006172958213483,0.0039041215711303,40,0.530388888888889,0.3400538888888889,msaa_flexible_outputs_npz/spatialAA_across_acrossCond_K75.npz,spatialAA_across_acrossCond_K75.npz
spatial,across,rest,75,16,0.0042499999999999,0.0005061938301996,0.0032014508819108,40,0.5196558333333334,0.3444974999999999,msaa_flexible_outputs_npz/spatialAA_across_acrossCond_K75.npz,spatialAA_across_acrossCond_K75.npz
spatial,across,rest,75,17,0.00375,0.000480199092139,0.0030370457230089,40,0.5265825,0.3468813888888888,msaa_flexible_outputs_npz/spatialAA_across_acrossCond_K75.npz,spatialAA_across_acrossCond_K75.npz
spatial,across,rest,75,18,0.0030833333333333,0.0004976798018658,0.0031476034387145,40,0.5062338888888889,0.3296530555555556,msaa_flexible_outputs_npz/spatialAA_across_acrossCond_K75.npz,spatialAA_across_acrossCond_K75.npz
spatial,across,rest,75,19,0.0039166666666666,0.0005833333333333,0.0036893239368631,40,0.4995769444444445,0.3409841666666667,msaa_flexible_outputs_npz/spatialAA_across_acrossCond_K75.npz,spatialAA_across_acrossCond_K75.npz
spatial,across,rest,75,20,0.0025,0.0005692750425533,0.0036004114991154,40,0.4953388888888889,0.3307522222222222,msaa_flexible_outputs_npz/spatialAA_across_acrossCond_K75.npz,spatialAA_across_acrossCond_K75.npz
spatial,across,rest,75,21,0.0019999999999999,0.0003540566696958,0.0022392509940256,40,0.4809063888888888,0.3540055555555555,msaa_flexible_outputs_npz/spatialAA_across_acrossCond_K75.npz,spatialAA_across_acrossCond_K75.npz
spatial,across,rest,75,22,0.0034166666666666,0.0005532537786493,0.0034990841292529,40,0.4939133333333334,0.3300961111111111,msaa_flexible_outputs_npz/spatialAA_across_acrossCond_K75.npz,spatialAA_across_acrossCond_K75.npz
spatial,across,rest,75,23,0.0036666666666666,0.0004891995904702,0.003093969872615,40,0.5016819444444444,0.3402402777777777,msaa_flexible_outputs_npz/spatialAA_across_acrossCond_K75.npz,spatialAA_across_acrossCond_K75.npz
spatial,across,rest,75,24,0.00325,0.0004542847607774,0.002873149100723,40,0.4970336111111111,0.3358063888888888,msaa_flexible_outputs_npz/spatialAA_across_acrossCond_K75.npz,spatialAA_across_acrossCond_K75.npz
spatial,across,rest,75,25,0.0045,0.0005410499447694,0.0034219003067596,40,0.5325183333333333,0.3209208333333334,msaa_flexible_outputs_npz/spatialAA_across_acrossCond_K75.npz,spatialAA_across_acrossCond_K75.npz
spatial,across,rest,75,26,0.00275,0.0004447781866589,0.0028130242468036,40,0.5191272222222223,0.3388069444444443,msaa_flexible_outputs_npz/spatialAA_across_acrossCond_K75.npz,spatialAA_across_acrossCond_K75.npz
spatial,across,rest,75,27,0.0025,0.0003322632396141,0.0021014172398537,40,0.4944233333333333,0.3408583333333333,msaa_flexible_outputs_npz/spatialAA_across_acrossCond_K75.npz,spatialAA_across_acrossCond_K75.npz
spatial,across,rest,75,28,0.0023333333333333,0.0003417734875749,0.0021615653291919,40,0.4799586111111111,0.3289858333333333,msaa_flexible_outputs_npz/spatialAA_across_acrossCond_K75.npz,spatialAA_across_acrossCond_K75.npz
spatial,across,rest,75,29,0.00525,0.0005954181656808,0.0037657551275822,40,0.5426688888888889,0.3306069444444444,msaa_flexible_outputs_npz/spatialAA_across_acrossCond_K75.npz,spatialAA_across_acrossCond_K75.npz
spatial,across,rest,75,30,0.0036666666666666,0.0004591581544807,0.0029039711487975,40,0.5308691666666666,0.3418933333333333,msaa_flexible_outputs_npz/spatialAA_across_acrossCond_K75.npz,spatialAA_across_acrossCond_K75.npz
spatial,across,rest,75,31,0.0031666666666666,0.0004295031251026,0.0027164162749691,40,0.5005683333333334,0.3352438888888889,msaa_flexible_outputs_npz/spatialAA_across_acrossCond_K75.npz,spatialAA_across_acrossCond_K75.npz
spatial,across,rest,75,32,0.0038333333333333,0.0005410499447694,0.0034219003067596,40,0.5262891666666667,0.3358472222222222,msaa_flexible_outputs_npz/spatialAA_across_acrossCond_K75.npz,spatialAA_across_acrossCond_K75.npz
spatial,across,rest,75,33,0.00275,0.0005322571942188,0.0033662900694843,40,0.5140866666666668,0.3427424999999999,msaa_flexible_outputs_npz/spatialAA_across_acrossCond_K75.npz,spatialAA_across_acrossCond_K75.npz
spatial,across,rest,75,34,0.006,0.0005748776656683,0.0036358455989457,40,0.5320430555555556,0.3086958333333333,msaa_flexible_outputs_npz/spatialAA_across_acrossCond_K75.npz,spatialAA_across_acrossCond_K75.npz
spatial,across,rest,75,35,0.0030833333333333,0.0004366979828269,0.0027619205506685,40,0.4931374999999999,0.3417605555555555,msaa_flexible_outputs_npz/spatialAA_across_acrossCond_K75.npz,spatialAA_across_acrossCond_K75.npz
spatial,across,rest,75,36,0.0035,0.0004913786640188,0.0031077515438206,40,0.4957016666666666,0.3350483333333333,msaa_flexible_outputs_npz/spatialAA_across_acrossCond_K75.npz,spatialAA_across_acrossCond_K75.npz
spatial,across,rest,75,37,0.0039999999999999,0.0005991446895152,0.0037893237337253,40,0.5322152777777778,0.3374691666666666,msaa_flexible_outputs_npz/spatialAA_across_acrossCond_K75.npz,spatialAA_across_acrossCond_K75.npz
spatial,across,rest,75,38,0.006,0.000465321626968,0.0029429523715086,40,0.4921975,0.3699447222222222,msaa_flexible_outputs_npz/spatialAA_across_acrossCond_K75.npz,spatialAA_across_acrossCond_K75.npz
spatial,across,rest,75,39,0.0021666666666666,0.0004056228722963,0.0025653842950319,40,0.4801227777777777,0.3375855555555555,msaa_flexible_outputs_npz/spatialAA_across_acrossCond_K75.npz,spatialAA_across_acrossCond_K75.npz
spatial,across,rest,75,40,0.0026666666666666,0.0004803844614152,0.003038218101251,40,0.4748169444444444,0.3429919444444443,msaa_flexible_outputs_npz/spatialAA_across_acrossCond_K75.npz,spatialAA_across_acrossCond_K75.npz
spatial,across,rest,75,41,0.0033333333333333,0.0004134491152973,0.0026148818018424,40,0.5198327777777777,0.3275666666666667,msaa_flexible_outputs_npz/spatialAA_across_acrossCond_K75.npz,spatialAA_across_acrossCond_K75.npz
spatial,across,rest,75,42,0.0046666666666666,0.000557262335477,0.0035244364686645,40,0.5011697222222221,0.3391747222222222,msaa_flexible_outputs_npz/spatialAA_across_acrossCond_K75.npz,spatialAA_across_acrossCond_K75.npz
spatial,across,rest,75,43,0.0038333333333333,0.0004393403498655,0.0027786323471804,40,0.5124341666666667,0.3244016666666666,msaa_flexible_outputs_npz/spatialAA_across_acrossCond_K75.npz,spatialAA_across_acrossCond_K75.npz
spatial,across,rest,75,44,0.00375,0.0006336650053706,0.0040076493810279,40,0.5142375,0.3255233333333333,msaa_flexible_outputs_npz/spatialAA_across_acrossCond_K75.npz,spatialAA_across_acrossCond_K75.npz
spatial,across,rest,75,45,0.0042499999999999,0.0004919219241781,0.0031111874227515,40,0.5195177777777777,0.3339130555555555,msaa_flexible_outputs_npz/spatialAA_across_acrossCond_K75.npz,spatialAA_across_acrossCond_K75.npz
spatial,across,rest,75,46,0.0039166666666666,0.0004447781866589,0.0028130242468036,40,0.4894066666666667,0.3276175,msaa_flexible_outputs_npz/spatialAA_across_acrossCond_K75.npz,spatialAA_across_acrossCond_K75.npz
spatial,across,rest,75,47,0.0015833333333333,0.0003373159517159,0.0021333733970597,40,0.4781897222222221,0.3347622222222222,msaa_flexible_outputs_npz/spatialAA_across_acrossCond_K75.npz,spatialAA_across_acrossCond_K75.npz
spatial,across,rest,75,48,0.00375,0.0006665331062793,0.0042155255034995,40,0.5037138888888888,0.3333566666666667,msaa_flexible_outputs_npz/spatialAA_across_acrossCond_K75.npz,spatialAA_across_acrossCond_K75.npz
spatial,across,rest,75,49,0.0021666666666666,0.0003876659648265,0.0024518148403572,40,0.4920041666666666,0.3351544444444444,msaa_flexible_outputs_npz/spatialAA_across_acrossCond_K75.npz,spatialAA_across_acrossCond_K75.npz
spatial,across,rest,75,50,0.0036666666666666,0.0005175000172041,0.0032729574870827,40,0.5195036111111111,0.3391880555555556,msaa_flexible_outputs_npz/spatialAA_across_acrossCond_K75.npz,spatialAA_across_acrossCond_K75.npz
spatial,across,rest,75,51,0.0020833333333333,0.000425127766952,0.0026887440802993,40,0.4925816666666667,0.3394697222222221,msaa_flexible_outputs_npz/spatialAA_across_acrossCond_K75.npz,spatialAA_across_acrossCond_K75.npz
spatial,across,rest,75,52,0.0036666666666666,0.0005175000172041,0.0032729574870827,40,0.513218611111111,0.3167019444444444,msaa_flexible_outputs_npz/spatialAA_across_acrossCond_K75.npz,spatialAA_across_acrossCond_K75.npz
spatial,across,rest,75,53,0.0038333333333333,0.0006149838438569,0.0038894993415869,40,0.4602858333333334,0.3373519444444444,msaa_flexible_outputs_npz/spatialAA_across_acrossCond_K75.npz,spatialAA_across_acrossCond_K75.npz
spatial,across,rest,75,54,0.0026666666666666,0.0004497546022879,0.0028444978627462,40,0.4913627777777778,0.3441922222222222,msaa_flexible_outputs_npz/spatialAA_across_acrossCond_K75.npz,spatialAA_across_acrossCond_K75.npz
spatial,across,rest,75,55,0.0028333333333333,0.0005,0.0031622776601683,40,0.511101111111111,0.3343791666666666,msaa_flexible_outputs_npz/spatialAA_across_acrossCond_K75.npz,spatialAA_across_acrossCond_K75.npz
spatial,across,rest,75,56,0.0033333333333333,0.000462250163521,0.0029235267310234,40,0.4799605555555555,0.3334563888888888,msaa_flexible_outputs_npz/spatialAA_across_acrossCond_K75.npz,spatialAA_across_acrossCond_K75.npz
spatial,across,rest,75,57,0.0036666666666666,0.0005699002761767,0.0036043658237549,40,0.5108663888888889,0.3293172222222221,msaa_flexible_outputs_npz/spatialAA_across_acrossCond_K75.npz,spatialAA_across_acrossCond_K75.npz
spatial,across,rest,75,58,0.0039999999999999,0.0005495400822454,0.0034755966509035,40,0.5099586111111112,0.3255522222222221,msaa_flexible_outputs_npz/spatialAA_across_acrossCond_K75.npz,spatialAA_across_acrossCond_K75.npz
spatial,across,rest,75,59,0.0064166666666666,0.0006470126398497,0.0040920672336869,40,0.5014463888888889,0.3348547222222222,msaa_flexible_outputs_npz/spatialAA_across_acrossCond_K75.npz,spatialAA_across_acrossCond_K75.npz
spatial,across,rest,75,60,0.0028333333333333,0.0005,0.0031622776601683,40,0.5031222222222222,0.3321386111111111,msaa_flexible_outputs_npz/spatialAA_across_acrossCond_K75.npz,spatialAA_across_acrossCond_K75.npz
spatial,across,rest,75,61,0.0045833333333333,0.0005019548679499,0.003174641330662,40,0.5163399999999999,0.3275291666666666,msaa_flexible_outputs_npz/spatialAA_across_acrossCond_K75.npz,spatialAA_across_acrossCond_K75.npz
spatial,across,rest,75,62,0.0035,0.0005591762357951,0.0035365410371042,40,0.5312752777777778,0.3286230555555555,msaa_flexible_outputs_npz/spatialAA_across_acrossCond_K75.npz,spatialAA_across_acrossCond_K75.npz
spatial,across,rest,75,63,0.00625,0.0005869849078564,0.003712418521941,40,0.5476316666666666,0.3266152777777777,msaa_flexible_outputs_npz/spatialAA_across_acrossCond_K75.npz,spatialAA_across_acrossCond_K75.npz
spatial,across,rest,75,64,0.0028333333333333,0.0005140476770154,0.003251122970575,40,0.511161388888889,0.3389597222222222,msaa_flexible_outputs_npz/spatialAA_across_acrossCond_K75.npz,spatialAA_across_acrossCond_K75.npz
spatial,across,rest,75,65,0.00325,0.0006142595663193,0.0038849186082326,40,0.5116683333333334,0.3388338888888889,msaa_flexible_outputs_npz/spatialAA_across_acrossCond_K75.npz,spatialAA_across_acrossCond_K75.npz
spatial,across,rest,75,66,0.0035833333333333,0.0005255237517707,0.003323704040225,40,0.5043624999999999,0.3442613888888889,msaa_flexible_outputs_npz/spatialAA_across_acrossCond_K75.npz,spatialAA_across_acrossCond_K75.npz
spatial,across,rest,75,67,0.0033333333333333,0.0004774099160262,0.0030194054243855,40,0.4952119444444444,0.3338572222222222,msaa_flexible_outputs_npz/spatialAA_across_acrossCond_K75.npz,spatialAA_across_acrossCond_K75.npz
spatial,across,rest,75,68,0.0023333333333333,0.000465321626968,0.0029429523715086,40,0.4965977777777778,0.3314983333333333,msaa_flexible_outputs_npz/spatialAA_across_acrossCond_K75.npz,spatialAA_across_acrossCond_K75.npz
spatial,across,rest,75,69,0.0035833333333333,0.0005519648921491,0.0034909324952811,40,0.4968080555555555,0.3327763888888889,msaa_flexible_outputs_npz/spatialAA_across_acrossCond_K75.npz,spatialAA_across_acrossCond_K75.npz
spatial,across,rest,75,70,0.0025,0.0004425708371198,0.0027990637425321,40,0.50555,0.3330836111111111,msaa_flexible_outputs_npz/spatialAA_across_acrossCond_K75.npz,spatialAA_across_acrossCond_K75.npz
spatial,across,rest,75,71,0.0025,0.0004261735932972,0.0026953584668754,40,0.5045661111111112,0.3342380555555556,msaa_flexible_outputs_npz/spatialAA_across_acrossCond_K75.npz,spatialAA_across_acrossCond_K75.npz
spatial,across,rest,75,72,0.0036666666666666,0.0004433747811741,0.0028041483311779,40,0.5138380555555555,0.3311375,msaa_flexible_outputs_npz/spatialAA_across_acrossCond_K75.npz,spatialAA_across_acrossCond_K75.npz
spatial,across,rest,75,73,0.00425,0.0006084343084444,0.0038480764425479,40,0.5227236111111111,0.3301127777777777,msaa_flexible_outputs_npz/spatialAA_across_acrossCond_K75.npz,spatialAA_across_acrossCond_K75.npz
spatial,across,rest,75,74,0.0035,0.0005717718748968,0.0036162028533978,40,0.5041347222222223,0.3307475,msaa_flexible_outputs_npz/spatialAA_across_acrossCond_K75.npz,spatialAA_across_acrossCond_K75.npz
spatial,across,rest,100,0,0.0026666666666666,0.0004497546022879,0.0028444978627462,40,0.515451388888889,0.3321722222222222,msaa_flexible_outputs_npz/spatialAA_across_acrossCond_K100.npz,spatialAA_across_acrossCond_K100.npz
spatial,across,rest,100,1,0.0033333333333333,0.0005337605126836,0.0033757978902788,40,0.4984183333333334,0.3389127777777777,msaa_flexible_outputs_npz/spatialAA_across_acrossCond_K100.npz,spatialAA_across_acrossCond_K100.npz
spatial,across,rest,100,2,0.00325,0.0005659812345252,0.0035795796280276,40,0.5398286111111111,0.3299158333333333,msaa_flexible_outputs_npz/spatialAA_across_acrossCond_K100.npz,spatialAA_across_acrossCond_K100.npz
spatial,across,rest,100,3,0.00275,0.0004904718932443,0.003102016621894,40,0.4849527777777778,0.3260147222222222,msaa_flexible_outputs_npz/spatialAA_across_acrossCond_K100.npz,spatialAA_across_acrossCond_K100.npz
spatial,across,rest,100,4,0.0048333333333333,0.0006079951641733,0.0038452990503112,40,0.5401336111111112,0.34124,msaa_flexible_outputs_npz/spatialAA_across_acrossCond_K100.npz,spatialAA_across_acrossCond_K100.npz
spatial,across,rest,100,5,0.0024166666666666,0.0003771897132373,0.0023855572076316,40,0.4789141666666666,0.3414402777777778,msaa_flexible_outputs_npz/spatialAA_across_acrossCond_K100.npz,spatialAA_across_acrossCond_K100.npz
spatial,across,rest,100,6,0.0028333333333333,0.0004056228722963,0.0025653842950319,40,0.5287980555555555,0.3159738888888889,msaa_flexible_outputs_npz/spatialAA_across_acrossCond_K100.npz,spatialAA_across_acrossCond_K100.npz
spatial,across,rest,100,7,0.0040833333333333,0.0005906139063083,0.0037353703234072,40,0.4859188888888889,0.3358830555555555,msaa_flexible_outputs_npz/spatialAA_across_acrossCond_K100.npz,spatialAA_across_acrossCond_K100.npz
spatial,across,rest,100,8,0.0058333333333333,0.000672517064675,0.0042533713794081,40,0.5365936111111111,0.3377641666666666,msaa_flexible_outputs_npz/spatialAA_across_acrossCond_K100.npz,spatialAA_across_acrossCond_K100.npz
spatial,across,rest,100,9,0.0034166666666666,0.0004542847607774,0.002873149100723,40,0.5119322222222221,0.3471080555555555,msaa_flexible_outputs_npz/spatialAA_across_acrossCond_K100.npz,spatialAA_across_acrossCond_K100.npz
spatial,across,rest,100,10,0.00325,0.0005784287095915,0.0036583043726829,40,0.5123763888888889,0.3489438888888888,msaa_flexible_outputs_npz/spatialAA_across_acrossCond_K100.npz,spatialAA_across_acrossCond_K100.npz
spatial,across,rest,100,11,0.0036666666666666,0.0004891995904702,0.003093969872615,40,0.5011155555555555,0.3325297222222221,msaa_flexible_outputs_npz/spatialAA_across_acrossCond_K100.npz,spatialAA_across_acrossCond_K100.npz
spatial,across,rest,100,12,0.0051666666666666,0.0005462902602399,0.0034550429718488,40,0.5297133333333333,0.3255208333333333,msaa_flexible_outputs_npz/spatialAA_across_acrossCond_K100.npz,spatialAA_across_acrossCond_K100.npz
spatial,across,rest,100,13,0.0018333333333333,0.0004125868638576,0.0026094284449121,40,0.4990791666666666,0.3413511111111111,msaa_flexible_outputs_npz/spatialAA_across_acrossCond_K100.npz,spatialAA_across_acrossCond_K100.npz
spatial,across,rest,100,14,0.003,0.0005035486605694,0.0031847213602527,40,0.4867672222222222,0.3374244444444444,msaa_flexible_outputs_npz/spatialAA_across_acrossCond_K100.npz,spatialAA_across_acrossCond_K100.npz
spatial,across,rest,100,15,0.0055833333333333,0.0004831564663131,0.0030557497995756,40,0.5230152777777779,0.3189052777777778,msaa_flexible_outputs_npz/spatialAA_across_acrossCond_K100.npz,spatialAA_across_acrossCond_K100.npz
spatial,across,rest,100,16,0.0045,0.0006149838438569,0.0038894993415869,40,0.5543663888888888,0.3481402777777777,msaa_flexible_outputs_npz/spatialAA_across_acrossCond_K100.npz,spatialAA_across_acrossCond_K100.npz
spatial,across,rest,100,17,0.0060833333333333,0.0005322571942188,0.0033662900694843,40,0.5244613888888889,0.3657883333333332,msaa_flexible_outputs_npz/spatialAA_across_acrossCond_K100.npz,spatialAA_across_acrossCond_K100.npz
spatial,across,rest,100,18,0.0045,0.0005,0.0031622776601683,40,0.5142611111111112,0.3583038888888888,msaa_flexible_outputs_npz/spatialAA_across_acrossCond_K100.npz,spatialAA_across_acrossCond_K100.npz
spatial,across,rest,100,19,0.003,0.0004270084101468,0.0027006383122231,40,0.5317480555555557,0.3360763888888888,msaa_flexible_outputs_npz/spatialAA_across_acrossCond_K100.npz,spatialAA_across_acrossCond_K100.npz
spatial,across,rest,100,20,0.0030833333333333,0.0004831564663131,0.0030557497995756,40,0.5133397222222223,0.3293266666666666,msaa_flexible_outputs_npz/spatialAA_across_acrossCond_K100.npz,spatialAA_across_acrossCond_K100.npz
spatial,across,rest,100,21,0.0046666666666666,0.0007529618628798,0.0047621489558877,40,0.5211263888888888,0.3309069444444444,msaa_flexible_outputs_npz/spatialAA_across_acrossCond_K100.npz,spatialAA_across_acrossCond_K100.npz
spatial,across,rest,100,22,0.0046666666666666,0.0005310850045437,0.0033588764910385,40,0.532936111111111,0.3484405555555555,msaa_flexible_outputs_npz/spatialAA_across_acrossCond_K100.npz,spatialAA_across_acrossCond_K100.npz
spatial,across,rest,100,23,0.0053333333333333,0.0006515377383555,0.0041206864695165,40,0.5206880555555555,0.3307655555555556,msaa_flexible_outputs_npz/spatialAA_across_acrossCond_K100.npz,spatialAA_across_acrossCond_K100.npz
spatial,across,rest,100,24,0.0045833333333333,0.0005159493228057,0.0032631500345752,40,0.5138480555555557,0.3252433333333333,msaa_flexible_outputs_npz/spatialAA_across_acrossCond_K100.npz,spatialAA_across_acrossCond_K100.npz
spatial,across,rest,100,25,0.0038333333333333,0.0005,0.0031622776601683,40,0.5295613888888889,0.341036111111111,msaa_flexible_outputs_npz/spatialAA_across_acrossCond_K100.npz,spatialAA_across_acrossCond_K100.npz
spatial,across,rest,100,26,0.0051666666666666,0.0004295031251026,0.0027164162749691,40,0.49527,0.3372908333333334,msaa_flexible_outputs_npz/spatialAA_across_acrossCond_K100.npz,spatialAA_across_acrossCond_K100.npz
spatial,across,rest,100,27,0.0033333333333333,0.0005337605126836,0.0033757978902788,40,0.5148011111111112,0.3353455555555555,msaa_flexible_outputs_npz/spatialAA_across_acrossCond_K100.npz,spatialAA_across_acrossCond_K100.npz
spatial,across,rest,100,28,0.0015,0.000336523198677,0.0021283595866099,40,0.4762352777777778,0.3386683333333333,msaa_flexible_outputs_npz/spatialAA_across_acrossCond_K100.npz,spatialAA_across_acrossCond_K100.npz
spatial,across,rest,100,29,0.0026666666666666,0.0005091750772173,0.0032203059435976,40,0.5000961111111112,0.3244133333333333,msaa_flexible_outputs_npz/spatialAA_across_acrossCond_K100.npz,spatialAA_across_acrossCond_K100.npz
spatial,across,rest,100,30,0.0025833333333333,0.0004045239191192,0.0025584339048691,40,0.4923358333333333,0.3273072222222222,msaa_flexible_outputs_npz/spatialAA_across_acrossCond_K100.npz,spatialAA_across_acrossCond_K100.npz
spatial,across,rest,100,31,0.0020833333333333,0.000390184045988,0.0024677405839641,40,0.4928902777777777,0.3500802777777777,msaa_flexible_outputs_npz/spatialAA_across_acrossCond_K100.npz,spatialAA_across_acrossCond_K100.npz
spatial,across,rest,100,32,0.0023333333333333,0.0004497546022879,0.0028444978627462,40,0.4952341666666667,0.332186111111111,msaa_flexible_outputs_npz/spatialAA_across_acrossCond_K100.npz,spatialAA_across_acrossCond_K100.npz
spatial,across,rest,100,33,0.0035,0.0004614791034954,0.0029186501192363,40,0.499791388888889,0.3444297222222222,msaa_flexible_outputs_npz/spatialAA_across_acrossCond_K100.npz,spatialAA_across_acrossCond_K100.npz
spatial,across,rest,100,34,0.003,0.0004891995904702,0.003093969872615,40,0.4967174999999999,0.3337538888888889,msaa_flexible_outputs_npz/spatialAA_across_acrossCond_K100.npz,spatialAA_across_acrossCond_K100.npz
spatial,across,rest,100,35,0.0031666666666666,0.0004614791034954,0.0029186501192363,40,0.4978211111111111,0.32027,msaa_flexible_outputs_npz/spatialAA_across_acrossCond_K100.npz,spatialAA_across_acrossCond_K100.npz
spatial,across,rest,100,36,0.0033333333333333,0.0005723943812052,0.0036201399289824,40,0.4990808333333333,0.3417752777777777,msaa_flexible_outputs_npz/spatialAA_across_acrossCond_K100.npz,spatialAA_across_acrossCond_K100.npz
spatial,across,rest,100,37,0.00275,0.0004115065088642,0.0026025956799903,40,0.5318094444444446,0.3300847222222222,msaa_flexible_outputs_npz/spatialAA_across_acrossCond_K100.npz,spatialAA_across_acrossCond_K100.npz
spatial,across,rest,100,38,0.003,0.0005443310539518,0.0034426518632954,40,0.5165749999999999,0.3422988888888888,msaa_flexible_outputs_npz/spatialAA_across_acrossCond_K100.npz,spatialAA_across_acrossCond_K100.npz
spatial,across,rest,100,39,0.0036666666666666,0.0005035486605694,0.0031847213602527,40,0.5240866666666666,0.3274186111111111,msaa_flexible_outputs_npz/spatialAA_across_acrossCond_K100.npz,spatialAA_across_acrossCond_K100.npz
spatial,across,rest,100,40,0.0023333333333333,0.0002971852760805,0.0018795647189611,40,0.494201111111111,0.3339741666666667,msaa_flexible_outputs_npz/spatialAA_across_acrossCond_K100.npz,spatialAA_across_acrossCond_K100.npz
spatial,across,rest,100,41,0.0039166666666666,0.0006188802957865,0.0039141426673682,40,0.5118744444444443,0.3432427777777778,msaa_flexible_outputs_npz/spatialAA_across_acrossCond_K100.npz,spatialAA_across_acrossCond_K100.npz
spatial,across,rest,100,42,0.003,0.0005035486605694,0.0031847213602527,40,0.4844561111111111,0.3316797222222221,msaa_flexible_outputs_npz/spatialAA_across_acrossCond_K100.npz,spatialAA_across_acrossCond_K100.npz
spatial,across,rest,100,43,0.00375,0.0005362566783465,0.0033915850281024,40,0.5429913888888891,0.335133611111111,msaa_flexible_outputs_npz/spatialAA_across_acrossCond_K100.npz,spatialAA_across_acrossCond_K100.npz
spatial,across,rest,100,44,0.0056666666666666,0.0006224663745652,0.0039368230209872,40,0.5209752777777779,0.3342899999999999,msaa_flexible_outputs_npz/spatialAA_across_acrossCond_K100.npz,spatialAA_across_acrossCond_K100.npz
spatial,across,rest,100,45,0.0044166666666666,0.0006013695196343,0.003803394794892,40,0.5059605555555555,0.3354158333333333,msaa_flexible_outputs_npz/spatialAA_across_acrossCond_K100.npz,spatialAA_across_acrossCond_K100.npz
spatial,across,rest,100,46,0.003,0.0004099892292379,0.0025929995610579,40,0.5136769444444444,0.3480055555555555,msaa_flexible_outputs_npz/spatialAA_across_acrossCond_K100.npz,spatialAA_across_acrossCond_K100.npz
spatial,across,rest,100,47,0.00375,0.0006107710786713,0.0038628554751184,40,0.5170372222222221,0.3442824999999999,msaa_flexible_outputs_npz/spatialAA_across_acrossCond_K100.npz,spatialAA_across_acrossCond_K100.npz
spatial,across,rest,100,48,0.0049166666666666,0.000642594234667,0.0040641227856813,40,0.5205194444444444,0.3303894444444444,msaa_flexible_outputs_npz/spatialAA_across_acrossCond_K100.npz,spatialAA_across_acrossCond_K100.npz
spatial,across,rest,100,49,0.00475,0.0004605134629656,0.0029125428722863,40,0.5160297222222223,0.3239688888888888,msaa_flexible_outputs_npz/spatialAA_across_acrossCond_K100.npz,spatialAA_across_acrossCond_K100.npz
spatial,across,rest,100,50,0.0025,0.0004583818933094,0.0028990616420763,40,0.5000583333333333,0.3328966666666667,msaa_flexible_outputs_npz/spatialAA_across_acrossCond_K100.npz,spatialAA_across_acrossCond_K100.npz
spatial,across,rest,100,51,0.00375,0.0006223233281713,0.003935918316156,40,0.4925288888888888,0.3455872222222221,msaa_flexible_outputs_npz/spatialAA_across_acrossCond_K100.npz,spatialAA_across_acrossCond_K100.npz
spatial,across,rest,100,52,0.0033333333333333,0.0005967623950328,0.0037742567804819,40,0.5227080555555557,0.3201608333333333,msaa_flexible_outputs_npz/spatialAA_across_acrossCond_K100.npz,spatialAA_across_acrossCond_K100.npz
spatial,across,rest,100,53,0.003,0.0004744167209018,0.0030004747962362,40,0.5099180555555556,0.3440741666666666,msaa_flexible_outputs_npz/spatialAA_across_acrossCond_K100.npz,spatialAA_across_acrossCond_K100.npz
spatial,across,rest,100,54,0.0025833333333333,0.0004846283858428,0.0030650590360687,40,0.4975444444444444,0.3285174999999999,msaa_flexible_outputs_npz/spatialAA_across_acrossCond_K100.npz,spatialAA_across_acrossCond_K100.npz
spatial,across,rest,100,55,0.0034166666666666,0.000438325939946,0.0027722166555276,40,0.5280927777777779,0.3333327777777777,msaa_flexible_outputs_npz/spatialAA_across_acrossCond_K100.npz,spatialAA_across_acrossCond_K100.npz
spatial,across,rest,100,56,0.0049166666666666,0.000520074233141,0.003289238258182,40,0.4994958333333333,0.3630897222222222,msaa_flexible_outputs_npz/spatialAA_across_acrossCond_K100.npz,spatialAA_across_acrossCond_K100.npz
spatial,across,rest,100,57,0.0015,0.0003570614477829,0.0022582548792629,40,0.4720738888888888,0.3310197222222222,msaa_flexible_outputs_npz/spatialAA_across_acrossCond_K100.npz,spatialAA_across_acrossCond_K100.npz
spatial,across,rest,100,58,0.0038333333333333,0.0005410499447694,0.0034219003067596,40,0.4940041666666667,0.3494716666666667,msaa_flexible_outputs_npz/spatialAA_across_acrossCond_K100.npz,spatialAA_across_acrossCond_K100.npz
spatial,across,rest,100,59,0.0041666666666666,0.0005028409319546,0.0031802452914767,40,0.4793922222222222,0.3355333333333332,msaa_flexible_outputs_npz/spatialAA_across_acrossCond_K100.npz,spatialAA_across_acrossCond_K100.npz
spatial,across,rest,100,60,0.0039166666666666,0.0004447781866589,0.0028130242468036,40,0.5277825,0.3396780555555556,msaa_flexible_outputs_npz/spatialAA_across_acrossCond_K100.npz,spatialAA_across_acrossCond_K100.npz
spatial,across,rest,100,61,0.0020833333333333,0.0004080301508327,0.0025806092613071,40,0.4826913888888889,0.3389341666666666,msaa_flexible_outputs_npz/spatialAA_across_acrossCond_K100.npz,spatialAA_across_acrossCond_K100.npz
spatial,across,rest,100,62,0.00325,0.0004542847607774,0.002873149100723,40,0.5015049999999999,0.3309419444444444,msaa_flexible_outputs_npz/spatialAA_across_acrossCond_K100.npz,spatialAA_across_acrossCond_K100.npz
spatial,across,rest,100,63,0.0045,0.0007116250813527,0.0045007121943543,40,0.5279880555555556,0.3263644444444444,msaa_flexible_outputs_npz/spatialAA_across_acrossCond_K100.npz,spatialAA_across_acrossCond_K100.npz
spatial,across,rest,100,64,0.003,0.0005310850045437,0.0033588764910385,40,0.5085922222222223,0.3399133333333333,msaa_flexible_outputs_npz/spatialAA_across_acrossCond_K100.npz,spatialAA_across_acrossCond_K100.npz
spatial,across,rest,100,65,0.0035833333333333,0.0006013695196343,0.003803394794892,40,0.5078344444444445,0.3181894444444444,msaa_flexible_outputs_npz/spatialAA_across_acrossCond_K100.npz,spatialAA_across_acrossCond_K100.npz
spatial,across,rest,100,66,0.00275,0.0004115065088642,0.0026025956799903,40,0.5075177777777778,0.3250011111111111,msaa_flexible_outputs_npz/spatialAA_across_acrossCond_K100.npz,spatialAA_across_acrossCond_K100.npz
spatial,across,rest,100,67,0.0029166666666666,0.0004495566033339,0.0028432456074081,40,0.5021577777777779,0.3352916666666666,msaa_flexible_outputs_npz/spatialAA_across_acrossCond_K100.npz,spatialAA_across_acrossCond_K100.npz
spatial,across,rest,100,68,0.0042499999999999,0.0005335936864527,0.0033747427885527,40,0.4941066666666666,0.3302797222222222,msaa_flexible_outputs_npz/spatialAA_across_acrossCond_K100.npz,spatialAA_across_acrossCond_K100.npz
spatial,across,rest,100,69,0.00275,0.0004605134629656,0.0029125428722863,40,0.4675252777777777,0.3321977777777777,msaa_flexible_outputs_npz/spatialAA_across_acrossCond_K100.npz,spatialAA_across_acrossCond_K100.npz
spatial,across,rest,100,70,0.0033333333333333,0.0005202453946507,0.0032903207786188,40,0.522335,0.3330844444444444,msaa_flexible_outputs_npz/spatialAA_across_acrossCond_K100.npz,spatialAA_across_acrossCond_K100.npz
spatial,across,rest,100,71,0.0020833333333333,0.000425127766952,0.0026887440802993,40,0.5009355555555555,0.3285186111111111,msaa_flexible_outputs_npz/spatialAA_across_acrossCond_K100.npz,spatialAA_across_acrossCond_K100.npz
spatial,across,rest,100,72,0.0048333333333333,0.0005961653339578,0.0037704806346836,40,0.5124080555555556,0.3378894444444444,msaa_flexible_outputs_npz/spatialAA_across_acrossCond_K100.npz,spatialAA_across_acrossCond_K100.npz
spatial,across,rest,100,73,0.001,0.0002971852760805,0.0018795647189611,40,0.4912902777777778,0.3429233333333333,msaa_flexible_outputs_npz/spatialAA_across_acrossCond_K100.npz,spatialAA_across_acrossCond_K100.npz
spatial,across,rest,100,74,0.00275,0.0005187029077928,0.0032805652351551,40,0.5191541666666667,0.3331897222222222,msaa_flexible_outputs_npz/spatialAA_across_acrossCond_K100.npz,spatialAA_across_acrossCond_K100.npz
spatial,across,rest,100,75,0.0039166666666666,0.0004904718932443,0.003102016621894,40,0.5087705555555556,0.3456613888888888,msaa_flexible_outputs_npz/spatialAA_across_acrossCond_K100.npz,spatialAA_across_acrossCond_K100.npz
spatial,across,rest,100,76,0.0026666666666666,0.0005495400822454,0.0034755966509035,40,0.5068019444444444,0.3254188888888888,msaa_flexible_outputs_npz/spatialAA_across_acrossCond_K100.npz,spatialAA_across_acrossCond_K100.npz
spatial,across,rest,100,77,0.003,0.0004270084101468,0.0027006383122231,40,0.4594049999999999,0.3385997222222222,msaa_flexible_outputs_npz/spatialAA_across_acrossCond_K100.npz,spatialAA_across_acrossCond_K100.npz
spatial,across,rest,100,78,0.0025833333333333,0.0004217636961434,0.0026674678283691,40,0.5024758333333332,0.3406330555555555,msaa_flexible_outputs_npz/spatialAA_across_acrossCond_K100.npz,spatialAA_across_acrossCond_K100.npz
spatial,across,rest,100,79,0.0028333333333333,0.0004855460696524,0.0030708629780892,40,0.5091650000000001,0.3319572222222221,msaa_flexible_outputs_npz/spatialAA_across_acrossCond_K100.npz,spatialAA_across_acrossCond_K100.npz
spatial,across,rest,100,80,0.0029166666666666,0.0005989960736902,0.0037883838047182,40,0.5006625,0.3306277777777778,msaa_flexible_outputs_npz/spatialAA_across_acrossCond_K100.npz,spatialAA_across_acrossCond_K100.npz
spatial,across,rest,100,81,0.0046666666666666,0.0005035486605694,0.0031847213602527,40,0.4956022222222221,0.3323925,msaa_flexible_outputs_npz/spatialAA_across_acrossCond_K100.npz,spatialAA_across_acrossCond_K100.npz
spatial,across,rest,100,82,0.0035833333333333,0.0004681828240069,0.0029610481704636,40,0.4973577777777777,0.3267427777777777,msaa_flexible_outputs_npz/spatialAA_across_acrossCond_K100.npz,spatialAA_across_acrossCond_K100.npz
spatial,across,rest,100,83,0.00225,0.0004027593570795,0.0025472738346326,40,0.4991738888888888,0.3375880555555555,msaa_flexible_outputs_npz/spatialAA_across_acrossCond_K100.npz,spatialAA_across_acrossCond_K100.npz
spatial,across,rest,100,84,0.0040833333333333,0.0004542847607774,0.002873149100723,40,0.5235058333333333,0.3321991666666667,msaa_flexible_outputs_npz/spatialAA_across_acrossCond_K100.npz,spatialAA_across_acrossCond_K100.npz
spatial,across,rest,100,85,0.0034166666666666,0.000526877324526,0.0033322647859959,40,0.5358313888888888,0.3302727777777776,msaa_flexible_outputs_npz/spatialAA_across_acrossCond_K100.npz,spatialAA_across_acrossCond_K100.npz
spatial,across,rest,100,86,0.005,0.0006537204504606,0.0041344911529736,40,0.534636388888889,0.3202911111111111,msaa_flexible_outputs_npz/spatialAA_across_acrossCond_K100.npz,spatialAA_across_acrossCond_K100.npz
spatial,across,rest,100,87,0.003,0.0004099892292379,0.0025929995610579,40,0.5119952777777778,0.3418391666666666,msaa_flexible_outputs_npz/spatialAA_across_acrossCond_K100.npz,spatialAA_across_acrossCond_K100.npz
spatial,across,rest,100,88,0.00525,0.0007537890989514,0.0047673808561851,40,0.5113255555555556,0.3362538888888888,msaa_flexible_outputs_npz/spatialAA_across_acrossCond_K100.npz,spatialAA_across_acrossCond_K100.npz
spatial,across,rest,100,89,0.0030833333333333,0.0005255237517707,0.003323704040225,40,0.5136572222222221,0.3368069444444445,msaa_flexible_outputs_npz/spatialAA_across_acrossCond_K100.npz,spatialAA_across_acrossCond_K100.npz
spatial,across,rest,100,90,0.002,0.0004099892292379,0.0025929995610579,40,0.4944202777777777,0.3315233333333333,msaa_flexible_outputs_npz/spatialAA_across_acrossCond_K100.npz,spatialAA_across_acrossCond_K100.npz
spatial,across,rest,100,91,0.0029166666666666,0.000480199092139,0.0030370457230089,40,0.4914647222222222,0.3279694444444443,msaa_flexible_outputs_npz/spatialAA_across_acrossCond_K100.npz,spatialAA_across_acrossCond_K100.npz
spatial,across,rest,100,92,0.0026666666666666,0.0004803844614152,0.003038218101251,40,0.4976080555555556,0.3346299999999999,msaa_flexible_outputs_npz/spatialAA_across_acrossCond_K100.npz,spatialAA_across_acrossCond_K100.npz
spatial,across,rest,100,93,0.002,0.0003333333333333,0.0021081851067789,40,0.5012661111111111,0.3310472222222221,msaa_flexible_outputs_npz/spatialAA_across_acrossCond_K100.npz,spatialAA_across_acrossCond_K100.npz
spatial,across,rest,100,94,0.00325,0.0005131809630673,0.0032456413902629,40,0.5099355555555556,0.3360466666666667,msaa_flexible_outputs_npz/spatialAA_across_acrossCond_K100.npz,spatialAA_across_acrossCond_K100.npz
spatial,across,rest,100,95,0.00325,0.0004217636961434,0.0026674678283691,40,0.5116552777777776,0.3331916666666666,msaa_flexible_outputs_npz/spatialAA_across_acrossCond_K100.npz,spatialAA_across_acrossCond_K100.npz
spatial,across,rest,100,96,0.003,0.0004433747811741,0.0028041483311779,40,0.5293069444444445,0.3322369444444444,msaa_flexible_outputs_npz/spatialAA_across_acrossCond_K100.npz,spatialAA_across_acrossCond_K100.npz
spatial,across,rest,100,97,0.0046666666666666,0.0005822639771026,0.0036825607342247,40,0.5093375,0.3269224999999999,msaa_flexible_outputs_npz/spatialAA_across_acrossCond_K100.npz,spatialAA_across_acrossCond_K100.npz
spatial,across,rest,100,98,0.0029166666666666,0.0004166666666666,0.0026352313834736,40,0.5022719444444445,0.3387963888888888,msaa_flexible_outputs_npz/spatialAA_across_acrossCond_K100.npz,spatialAA_across_acrossCond_K100.npz
spatial,across,rest,100,99,0.0042499999999999,0.0005845530593558,0.0036970381615681,40,0.5140877777777778,0.3342038888888888,msaa_flexible_outputs_npz/spatialAA_across_acrossCond_K100.npz,spatialAA_across_acrossCond_K100.npz
spatial,across,rest,300,0,0.004083333333333333,0.0006370281338409186,0.004028919673087779,40,0.5155925,0.338201111111111,,
spatial,across,rest,300,1,0.003333333333333333,0.0004303314829119352,0.002721655269759087,40,0.5307758333333334,0.33860444444444443,,
spatial,across,rest,300,2,0.0030833333333333333,0.0004831564663131095,0.0030557497995756847,40,0.5148355555555556,0.3443502777777777,,
spatial,across,rest,300,3,0.005083333333333334,0.0006750276980705259,0.00426925001920662,40,0.5027808333333332,0.34672583333333334,,
spatial,across,rest,300,4,0.004333333333333333,0.00048038446141526145,0.0030382181012510003,40,0.543258888888889,0.3361755555555555,,
spatial,across,rest,300,5,0.004833333333333334,0.0006954266558151432,0.004398264355939664,40,0.5095480555555556,0.3311322222222222,,
spatial,across,rest,300,6,0.002916666666666667,0.00046513025470953175,0.002941742027072761,40,0.49522722222222226,0.3375691666666666,,
spatial,across,rest,300,7,0.0030833333333333333,0.0004366979828269512,0.002761920550668525,40,0.5015883333333333,0.33118027777777775,,
spatial,across,rest,300,8,0.004333333333333333,0.0006109168300344762,0.0038637772876778144,40,0.5148141666666668,0.3378727777777778,,
spatial,across,rest,300,9,0.003,0.0004744167209018092,0.0030004747962362566,40,0.4952497222222222,0.3331544444444445,,
spatial,across,rest,300,10,0.004916666666666666,0.0005467789649092551,0.0034581338115650556,40,0.5217816666666666,0.3251705555555555,,
spatial,across,rest,300,11,0.005083333333333334,0.0006535842445105027,0.004133629710907181,40,0.5528261111111112,0.30133111111111105,,
spatial,across,rest,300,12,0.004166666666666667,0.0005937710859953544,0.003755338080994054,40,0.4967069444444444,0.3397647222222222,,
spatial,across,rest,300,13,0.0030833333333333333,0.0004527141951056344,0.0028632159712473136,40,0.4971374999999999,0.3314097222222222,,
spatial,across,rest,300,14,0.003083333333333333,0.0004527141951056344,0.0028632159712473136,40,0.5131697222222222,0.3315969444444444,,
spatial,across,rest,300,15,0.0010833333333333333,0.00030164553451033965,0.001907773870143194,40,0.4823022222222223,0.339226111111111,,
spatial,across,rest,300,16,0.0034166666666666664,0.00043832593994609713,0.0027722166555276995,40,0.485405,0.3357652777777778,,
spatial,across,rest,300,17,0.00475,0.0006072625513464554,0.0038406655999594984,40,0.5056097222222222,0.33951833333333326,,
spatial,across,rest,300,18,0.003916666666666667,0.0005833333333333333,0.0036893239368631092,40,0.5221455555555556,0.33181638888888887,,
spatial,across,rest,300,19,0.004916666666666667,0.000596613185780614,0.0037733130983118456,40,0.5153405555555555,0.3328802777777778,,
spatial,across,rest,300,20,0.004666666666666667,0.0006515377383555189,0.004120686469516576,40,0.5343297222222222,0.32657055555555553,,
spatial,across,rest,300,21,0.00225,0.00034565887371808783,0.0021861386687953444,40,0.5259136111111111,0.3366258333333333,,
spatial,across,rest,300,22,0.002916666666666667,0.0004334237249576047,0.002741212325640795,40,0.49827166666666667,0.32198722222222226,,
spatial,across,rest,300,23,0.004416666666666668,0.0005647213971599238,0.003571611716915804,40,0.5278111111111112,0.3143091666666667,,
spatial,across,rest,300,24,0.0055,0.0005913671446023186,0.0037401342206669517,40,0.5410725000000001,0.3447055555555555,,
spatial,across,rest,300,25,0.0027500000000000003,0.0005187029077928006,0.003280565235155104,40,0.4967777777777778,0.35526027777777774,,
spatial,across,rest,300,26,0.0045,0.0005,0.0031622776601683794,40,0.49370972222222226,0.3335466666666666,,
spatial,across,rest,300,27,0.004,0.0005871365639519861,0.0037133776793067774,40,0.5075622222222221,0.35190666666666665,,
spatial,across,rest,300,28,0.005583333333333333,0.0006792351572617534,0.0042958603276195976,40,0.5224830555555556,0.33048888888888894,,
spatial,across,rest,300,29,0.003333333333333333,0.0005723943812052382,0.0036201399289824566,40,0.5111458333333333,0.3342641666666667,,
spatial,across,rest,300,30,0.004083333333333333,0.0005532537786493135,0.0034990841292529317,40,0.5018908333333332,0.3223258333333333,,
spatial,across,rest,300,31,0.004333333333333333,0.0005623515948579823,0.0035566237711589137,40,0.5483122222222222,0.3308697222222222,,
spatial,across,rest,300,32,0.006166666666666667,0.0006377265532304238,0.0040333368651535,40,0.5556505555555556,0.3373913888888888,,
spatial,across,rest,300,33,0.00425,0.000584553059355846,0.0036970381615681453,40,0.5320325,0.3338505555555555,,
spatial,across,rest,300,34,0.0035000000000000005,0.0005330928945203023,0.0033715755022721006,40,0.5408944444444443,0.35171777777777774,,
spatial,across,rest,300,35,0.0036666666666666666,0.0005572623354770269,0.0035244364686645184,40,0.4995094444444444,0.32856611111111106,,
spatial,across,rest,300,36,0.0032500000000000003,0.000540226553720501,0.0034166927245201867,40,0.5247350000000001,0.32513611111111107,,
spatial,across,rest,300,37,0.005333333333333333,0.0006938886664887108,0.004388537257362555,40,0.5231961111111111,0.3385269444444444,,
spatial,across,rest,300,38,0.004,0.0005364226763936138,0.0033926348919345135,40,0.5019763888888888,0.35441555555555554,,
spatial,across,rest,300,39,0.00125,0.0002846375212766555,0.001800205749557739,40,0.4928983333333333,0.3400977777777778,,
spatial,across,rest,300,40,0.004583333333333333,0.0004727247200735973,0.002989773643396175,40,0.5056780555555556,0.35037166666666664,,
spatial,across,rest,300,41,0.0037500000000000007,0.0005493780477196366,0.0034745718545814495,40,0.5443200000000001,0.35376166666666664,,
spatial,across,rest,300,42,0.004583333333333333,0.0005930209011272613,0.00375059349529532,40,0.5095244444444444,0.32737499999999997,,
spatial,across,rest,300,43,0.0035000000000000005,0.00051956041029222,0.003285988557150009,40,0.4854516666666667,0.3403591666666667,,
spatial,across,rest,300,44,0.004416666666666667,0.0005647213971599238,0.003571611716915804,40,0.5265458333333333,0.32966916666666657,,
spatial,across,rest,300,45,0.0035000000000000005,0.0004614791034954486,0.0029186501192363773,40,0.5040297222222222,0.33736888888888883,,
spatial,across,rest,300,46,0.0035000000000000005,0.0006079951641733012,0.0038452990503112737,40,0.5252986111111111,0.3309111111111111,,
spatial,across,rest,300,47,0.00275,0.000411506508864206,0.0026025956799903198,40,0.5183741666666666,0.34058583333333325,,
spatial,across,rest,300,48,0.002,0.00047441672090180913,0.003000474796236256,40,0.4989663888888888,0.33244999999999997,,
spatial,across,rest,300,49,0.004333333333333333,0.0005991446895152781,0.0037893237337253676,40,0.5128069444444445,0.3314805555555555,,
spatial,across,rest,300,50,0.005166666666666667,0.0006195991719677601,0.003918689239544948,40,0.5024027777777778,0.32573805555555546,,
spatial,across,rest,300,51,0.003,0.0005035486605694166,0.0031847213602527527,40,0.5194019444444444,0.31744249999999996,,
spatial,across,rest,300,52,0.0025,0.0004583818933094545,0.002899061642076347,40,0.5024969444444445,0.3311541666666667,,
spatial,across,rest,300,53,0.003916666666666667,0.0005833333333333334,0.0036893239368631097,40,0.5157452777777779,0.32810944444444445,,
spatial,across,rest,300,54,0.0032500000000000003,0.00043832593994609724,0.0027722166555277,40,0.5159580555555555,0.3500333333333333,,
spatial,across,rest,300,55,0.0041666666666666675,0.000502840931954632,0.003180245291476762,40,0.5081866666666667,0.3489822222222222,,
spatial,across,rest,300,56,0.0041666666666666675,0.0005566229063100618,0.003520392363524611,40,0.5431800000000001,0.3194125,,
spatial,across,rest,300,57,0.0029166666666666664,0.000494809238329462,0.0031294484008283783,40,0.5187969444444445,0.33576944444444445,,
spatial,across,rest,300,58,0.004166666666666667,0.0005304140187994953,0.0033546328045795494,40,0.5383741666666667,0.34890583333333336,,
spatial,across,rest,300,59,0.004416666666666667,0.0005647213971599238,0.003571611716915804,40,0.5002091666666667,0.35424694444444443,,
spatial,across,rest,300,60,0.0015833333333333335,0.0003154949081000152,0.001995364999563108,40,0.45947444444444435,0.32905388888888887,,
spatial,across,rest,300,61,0.004833333333333334,0.0007448780469602423,0.004711022414904454,40,0.5073972222222223,0.3442475,,
spatial,across,rest,300,62,0.0025,0.0004091196858853377,0.0025875000860206164,40,0.4737841666666666,0.34091277777777773,,
spatial,across,rest,300,63,0.0032500000000000003,0.0004991088925371763,0.003156641801723386,40,0.5163730555555557,0.33549444444444443,,
spatial,across,rest,300,64,0.006166666666666667,0.0006596856715021064,0.0041722185234485745,40,0.5390866666666667,0.3182113888888889,,
spatial,across,rest,300,65,0.0034166666666666664,0.000540226553720501,0.0034166927245201863,40,0.5192669444444444,0.3437338888888889,,
spatial,across,rest,300,66,0.0032500000000000003,0.0004697016692749325,0.002970654191383831,40,0.5157072222222222,0.34143277777777775,,
spatial,across,rest,300,67,0.003583333333333333,0.0005519648921491675,0.003490932495281123,40,0.48545999999999995,0.33670222222222224,,
spatial,across,rest,300,68,0.005416666666666667,0.0005295740910852022,0.0033493206352854187,40,0.5173144444444444,0.34412666666666664,,
spatial,across,rest,300,69,0.002916666666666667,0.00044955660333392903,0.002843245607408123,40,0.5233575,0.33599861111111107,,
spatial,across,rest,300,70,0.002916666666666667,0.0004948092383294621,0.0031294484008283787,40,0.5138030555555556,0.3276680555555556,,
spatial,across,rest,300,71,0.003333333333333333,0.00046225016352102424,0.0029235267310234307,40,0.5359508333333334,0.34189027777777775,,
spatial,across,rest,300,72,0.0030833333333333333,0.0004527141951056344,0.0028632159712473136,40,0.5044308333333334,0.33537138888888884,,
spatial,across,rest,300,73,0.0025833333333333333,0.0004217636961434866,0.0026674678283691846,40,0.4813777777777776,0.3445366666666667,,
spatial,across,rest,300,74,0.006083333333333334,0.0005454747794744822,0.003449885418634857,40,0.5198691666666666,0.3457811111111111,,
spatial,across,rest,300,75,0.005083333333333334,0.0006200300976060129,0.003921414652583029,40,0.5222219444444445,0.3273947222222222,,
spatial,across,rest,300,76,0.0025,0.00044257083711982863,0.0027990637425321053,40,0.500258611111111,0.3430841666666667,,
spatial,across,rest,300,77,0.0024999999999999996,0.0004736654667156709,0.0029957234475763905,40,0.4789983333333333,0.3284769444444445,,
spatial,across,rest,300,78,0.005833333333333334,0.0006509909168253992,0.004117228066498983,40,0.5205030555555555,0.3510074999999999,,
spatial,across,rest,300,79,0.004916666666666666,0.0006750276980705259,0.00426925001920662,40,0.517583888888889,0.33208333333333334,,
spatial,across,rest,300,80,0.003916666666666667,0.0005187029077928006,0.003280565235155104,40,0.520653888888889,0.3342894444444444,,
spatial,across,rest,300,81,0.004583333333333333,0.0005019548679499876,0.003174641330662029,40,0.5007994444444444,0.32816472222222215,,
spatial,across,rest,300,82,0.0035000000000000005,0.0004913786640188923,0.0031077515438206536,40,0.5198716666666667,0.34289638888888885,,
spatial,across,rest,300,83,0.0036666666666666666,0.0005822639771026016,0.0036825607342247,40,0.5275280555555555,0.34276944444444446,,
spatial,across,rest,300,84,0.003083333333333333,0.0005255237517707583,0.003323704040225084,40,0.501886111111111,0.35301333333333335,,
spatial,across,rest,300,85,0.004083333333333333,0.0006370281338409186,0.004028919673087779,40,0.49593138888888894,0.3254794444444445,,
spatial,across,rest,300,86,0.004,0.0006449452813645634,0.0040789921105803375,40,0.5007247222222221,0.34074472222222224,,
spatial,across,rest,300,87,0.005083333333333334,0.0005467789649092551,0.0034581338115650556,40,0.5052308333333334,0.3455230555555555,,
spatial,across,rest,300,88,0.004666666666666667,0.0005443310539518173,0.0034426518632954817,40,0.5134130555555556,0.3224511111111111,,
spatial,across,rest,300,89,0.005666666666666667,0.0006558958989042623,0.004148249897002013,40,0.5301266666666667,0.33355777777777773,,
spatial,across,rest,300,90,0.003333333333333333,0.0005063696835418333,0.003202563076101743,40,0.5085872222222223,0.3364308333333333,,
spatial,across,rest,300,91,0.0041666666666666675,0.0005304140187994953,0.0033546328045795494,40,0.5240319444444446,0.33308694444444437,,
spatial,across,rest,300,92,0.0025,0.000391323271904321,0.0024749456812940616,40,0.4708363888888889,0.3353811111111112,,
spatial,across,rest,300,93,0.004583333333333333,0.0006049122278635169,0.0038258008490709675,40,0.5370997222222222,0.32312,,
spatial,across,rest,300,94,0.0032500000000000003,0.0003865159594306383,0.0024445415676121107,40,0.48271583333333334,0.3444963888888889,,
spatial,across,rest,300,95,0.003166666666666666,0.0004295031251026405,0.0027164162749691695,40,0.4984266666666666,0.3389941666666666,,
spatial,across,rest,300,96,0.002416666666666667,0.0005722388181146617,0.003619156061610303,40,0.4921697222222223,0.3339594444444444,,
spatial,across,rest,300,97,0.00475,0.00046051346296568745,0.0029125428722863436,40,0.5128541666666667,0.3359236111111111,,
spatial,across,rest,300,98,0.004333333333333333,0.0005871365639519861,0.0037133776793067774,40,0.4846816666666666,0.33613083333333327,,
spatial,across,rest,300,99,0.0032500000000000003,0.0006257474163429115,0.003957574151218542,40,0.5072763888888888,0.331275,,
spatial,across,rest,300,100,0.0032500000000000003,0.00043832593994609713,0.0027722166555276995,40,0.5028047222222222,0.3329997222222222,,
spatial,across,rest,300,101,0.003166666666666667,0.0006309898162000304,0.003990729999126216,40,0.5052827777777777,0.3460711111111111,,
spatial,across,rest,300,102,0.0028333333333333335,0.00045526361293755647,0.002879339905359958,40,0.5288669444444445,0.34203111111111106,,
spatial,across,rest,300,103,0.0025,0.0004583818933094545,0.002899061642076347,40,0.5093088888888889,0.34469638888888887,,
spatial,across,rest,300,104,0.0036666666666666666,0.0005822639771026016,0.0036825607342247,40,0.5289525,0.33291305555555556,,
spatial,across,rest,300,105,0.004416666666666668,0.0005519648921491675,0.003490932495281123,40,0.5274116666666666,0.34632861111111113,,
spatial,across,rest,300,106,0.004583333333333333,0.000568492533533872,0.0035954624775333737,40,0.5212874999999999,0.34685722222222226,,
spatial,across,rest,300,107,0.005833333333333334,0.0007235359517703826,0.0045760431532242945,40,0.5291525,0.33996222222222217,,
spatial,across,rest,300,108,0.004166666666666667,0.0005304140187994953,0.0033546328045795494,40,0.5202986111111112,0.3314669444444445,,
spatial,across,rest,300,109,0.002833333333333333,0.0005410499447694665,0.003421900306759639,40,0.5204047222222222,0.3251616666666667,,
spatial,across,rest,300,110,0.005,0.0006537204504606134,0.004134491152973615,40,0.5174308333333334,0.31949416666666663,,
spatial,across,rest,300,111,0.0042499999999999994,0.0005061938301996516,0.0032014508819108484,40,0.5308530555555555,0.34310861111111113,,
spatial,across,rest,300,112,0.003166666666666667,0.0004295031251026405,0.0027164162749691695,40,0.4852358333333333,0.33276999999999995,,
spatial,across,rest,300,113,0.0036666666666666666,0.0006062354060275328,0.0038341693625679476,40,0.5145269444444445,0.3472422222222222,,
spatial,across,rest,300,114,0.003833333333333333,0.00048554606965249525,0.0030708629780892916,40,0.4880833333333333,0.34726749999999995,,
spatial,across,rest,300,115,0.004833333333333334,0.0007255020856987775,0.004588478076021619,40,0.5168416666666668,0.3248763888888888,,
spatial,across,rest,300,116,0.0035000000000000005,0.00061959917196776,0.003918689239544947,40,0.49397805555555563,0.34434638888888885,,
spatial,across,rest,300,117,0.0021666666666666666,0.00032794794945213116,0.0020741249485010066,40,0.49025638888888884,0.3464358333333333,,
spatial,across,rest,300,118,0.00525,0.0006072625513464554,0.0038406655999594984,40,0.47794888888888887,0.3421038888888889,,
spatial,across,rest,300,119,0.002,0.000427008410146899,0.002700638312223111,40,0.47984388888888885,0.33735472222222224,,
spatial,across,rest,300,120,0.0037500000000000007,0.0004948092383294619,0.003129448400828378,40,0.53149,0.31629416666666665,,
spatial,across,rest,300,121,0.0035000000000000005,0.00051956041029222,0.003285988557150009,40,0.5088025,0.3403336111111111,,
spatial,across,rest,300,122,0.004833333333333334,0.0007821913843960196,0.004947012681703421,40,0.5235341666666666,0.3378202777777778,,
spatial,across,rest,300,123,0.0032500000000000003,0.00040452391911925456,0.002558433904869158,40,0.5161016666666667,0.33601277777777777,,
spatial,across,rest,300,124,0.00575,0.0006425942346670646,0.004064122785681311,40,0.5102344444444444,0.34140638888888886,,
spatial,across,rest,300,125,0.0045,0.0006264584123867621,0.003962070885030416,40,0.510466388888889,0.3329175,,
spatial,across,rest,300,126,0.002416666666666667,0.0004463766758603509,0.002823133980186819,40,0.4627386111111111,0.3386416666666666,,
spatial,across,rest,300,127,0.00275,0.00044477818665896303,0.0028130242468036807,40,0.5050127777777778,0.34295472222222223,,
spatial,across,rest,300,128,0.0026666666666666666,0.00048038446141526135,0.003038218101251,40,0.4882761111111111,0.33700027777777786,,
spatial,across,rest,300,129,0.005,0.0006959385636178557,0.004401501945156832,40,0.5137052777777777,0.336868611111111,,
spatial,across,rest,300,130,0.005833333333333334,0.0007524887482476508,0.004759156716223228,40,0.5344369444444445,0.3389363888888889,,
spatial,across,rest,300,131,0.003166666666666666,0.0004457779141208643,0.002819347078441735,40,0.4940980555555556,0.33872138888888886,,
spatial,across,rest,300,132,0.004,0.0007279522854655584,0.004603974499992501,40,0.5133619444444444,0.33180250000000006,,
spatial,across,rest,300,133,0.002416666666666667,0.00039562241344126857,0.002502135839774444,40,0.5051766666666667,0.3335094444444444,,
spatial,across,rest,300,134,0.0026666666666666666,0.0004653216269680751,0.002942952371508696,40,0.5049875,0.3364511111111111,,
spatial,across,rest,300,135,0.003083333333333333,0.0004976798018658033,0.00314760343871451,40,0.48438083333333326,0.3338,,
spatial,across,rest,300,136,0.004,0.0005091750772173155,0.003220305943597653,40,0.507015,0.3333505555555555,,
spatial,across,rest,300,137,0.00475,0.0004757285610699276,0.0030087716019509612,40,0.48706861111111116,0.33625000000000005,,
spatial,across,rest,300,138,0.0036666666666666666,0.000427008410146899,0.002700638312223111,40,0.5217475,0.3340255555555555,,
spatial,across,rest,300,139,0.0025,0.0004091196858853377,0.0025875000860206164,40,0.4895527777777778,0.32442916666666666,,
spatial,across,rest,300,140,0.004916666666666666,0.0005722388181146617,0.003619156061610303,40,0.5258627777777777,0.33273694444444446,,
spatial,across,rest,300,141,0.0025833333333333333,0.000540226553720501,0.0034166927245201863,40,0.5228427777777778,0.33891777777777776,,
spatial,across,rest,300,142,0.00275,0.00042846542577274665,0.0027098532881513794,40,0.4813908333333334,0.3452497222222222,,
spatial,across,rest,300,143,0.002833333333333333,0.0004228178434916492,0.002674134841588425,40,0.49304805555555564,0.3345597222222222,,
spatial,across,rest,300,144,0.0035000000000000005,0.00047666337934435156,0.0030146839118420175,40,0.5129247222222222,0.34014694444444443,,
spatial,across,rest,300,145,0.0020833333333333337,0.00039018404598803084,0.002467740583964123,40,0.48735,0.33776861111111106,,
spatial,across,rest,300,146,0.0035833333333333333,0.0007099967898486877,0.0044904139746595375,40,0.5073497222222223,0.33660000000000007,,
spatial,across,rest,300,147,0.00225,0.0004200715581423169,0.002656765807971143,40,0.4783752777777778,0.3392427777777777,,
spatial,across,rest,300,148,0.002833333333333333,0.000514047677015483,0.0032511229705750244,40,0.4889130555555556,0.34473027777777776,,
spatial,across,rest,300,149,0.0032500000000000003,0.00045428476077747075,0.0028731491007230646,40,0.5122513888888889,0.33485444444444445,,
spatial,across,rest,300,150,0.0034999999999999996,0.0006309898162000304,0.003990729999126216,40,0.5279822222222222,0.3404127777777778,,
spatial,across,rest,300,151,0.00425,0.0005061938301996516,0.0032014508819108484,40,0.5265694444444444,0.3382769444444444,,
spatial,across,rest,300,152,0.0041666666666666675,0.0005816520337100941,0.003678690464385871,40,0.5016349999999999,0.34025277777777774,,
spatial,across,rest,300,153,0.004083333333333333,0.0004991088925371763,0.003156641801723386,40,0.4854297222222222,0.3390988888888889,,
spatial,across,rest,300,154,0.004083333333333333,0.0005659812345252781,0.0035795796280276146,40,0.49198805555555547,0.33067277777777776,,
spatial,across,rest,300,155,0.004083333333333333,0.0006025527367540542,0.003810878117021328,40,0.5004077777777779,0.34049388888888893,,
spatial,across,rest,300,156,0.005416666666666667,0.0006823737268783896,0.004315710384786742,40,0.5234830555555556,0.3344383333333333,,
spatial,across,rest,300,157,0.0028333333333333335,0.0004706484585228889,0.0029766422123592316,40,0.5280569444444445,0.34951999999999994,,
spatial,across,rest,300,158,0.00475,0.0006414848782339682,0.0040571065995502215,40,0.5247666666666666,0.3310102777777777,,
spatial,across,rest,300,159,0.00375,0.0006448072217929582,0.0040781189451822185,40,0.5204863888888889,0.32723416666666666,,
spatial,across,rest,300,160,0.0015833333333333335,0.0003154949081000152,0.001995364999563108,40,0.5012505555555556,0.33744416666666666,,
spatial,across,rest,300,161,0.0020833333333333337,0.00040803015083275886,0.0025806092613071354,40,0.48325361111111126,0.33607361111111106,,
spatial,across,rest,300,162,0.004916666666666667,0.0005722388181146617,0.003619156061610303,40,0.5163344444444444,0.3328858333333333,,
spatial,across,rest,300,163,0.003333333333333333,0.00046225016352102424,0.0029235267310234307,40,0.5147527777777777,0.32985499999999995,,
spatial,across,rest,300,164,0.00375,0.0005869849078564814,0.0037124185219410922,40,0.5151869444444445,0.334655,,
spatial,across,rest,300,165,0.002666666666666667,0.0004336290903919939,0.0027425111706914744,40,0.47153722222222216,0.34061083333333336,,
spatial,across,rest,300,166,0.0059166666666666656,0.0006142595663193327,0.0038849186082326862,40,0.5456691666666666,0.32025999999999993,,
spatial,across,rest,300,167,0.004083333333333333,0.0006142595663193327,0.0038849186082326862,40,0.517835,0.3410938888888889,,
spatial,across,rest,300,168,0.00375,0.0004166666666666666,0.002635231383473649,40,0.49894833333333344,0.3330508333333333,,
spatial,across,rest,300,169,0.005,0.0005063696835418333,0.003202563076101743,40,0.5085283333333334,0.3060386111111111,,
spatial,across,rest,300,170,0.0035000000000000005,0.00044577791412086436,0.0028193470784417356,40,0.5005391666666666,0.3282886111111111,,
spatial,across,rest,300,171,0.0021666666666666666,0.0004228178434916492,0.002674134841588425,40,0.4845830555555555,0.3343980555555556,,
spatial,across,rest,300,172,0.003916666666666666,0.0005833333333333333,0.0036893239368631092,40,0.5238491666666667,0.3472655555555555,,
spatial,across,rest,300,173,0.005833333333333334,0.0005937710859953544,0.003755338080994054,40,0.5175063888888889,0.3252841666666666,,
spatial,across,rest,300,174,0.002,0.000427008410146899,0.002700638312223111,40,0.47964361111111103,0.3389616666666667,,
spatial,across,rest,300,175,0.005,0.0005723943812052382,0.003620139928982456,40,0.47456361111111106,0.33648222222222224,,
spatial,across,rest,300,176,0.0026666666666666666,0.0004653216269680752,0.0029429523715086966,40,0.49959277777777783,0.34794166666666665,,
spatial,across,rest,300,177,0.005666666666666667,0.0007181013268818794,0.004541671567471676,40,0.4892222222222222,0.3233425,,
spatial,across,rest,300,178,0.002666666666666667,0.0004336290903919939,0.0027425111706914744,40,0.4765494444444444,0.33756972222222226,,
spatial,across,rest,300,179,0.004833333333333334,0.0005591762357951763,0.003536541037104265,40,0.5440761111111112,0.3275311111111111,,
spatial,across,rest,300,180,0.0036666666666666666,0.0005443310539518173,0.0034426518632954817,40,0.5026527777777778,0.33306083333333325,,
spatial,across,rest,300,181,0.0041666666666666675,0.000661841512776426,0.004185853260849874,40,0.5155830555555555,0.33263,,
spatial,across,rest,300,182,0.003333333333333334,0.0005202453946507077,0.0032903207786188307,40,0.5108008333333334,0.33902444444444446,,
spatial,across,rest,300,183,0.004583333333333333,0.0004727247200735973,0.002989773643396175,40,0.49126222222222216,0.3262291666666667,,
spatial,across,rest,300,184,0.002666666666666667,0.0004653216269680751,0.002942952371508696,40,0.5144063888888889,0.3391025,,
spatial,across,rest,300,185,0.0032500000000000003,0.0004991088925371763,0.003156641801723386,40,0.4988638888888889,0.33455527777777777,,
spatial,across,rest,300,186,0.0016666666666666666,0.0003774256780481986,0.0023870495801314433,40,0.4916447222222223,0.33850972222222214,,
spatial,across,rest,300,187,0.00375,0.0005362566783465032,0.003391585028102495,40,0.5099461111111111,0.33285027777777765,,
spatial,across,rest,300,188,0.0036666666666666666,0.0004891995904702285,0.0030939698726150473,40,0.4890838888888888,0.3339147222222222,,
spatial,across,rest,300,189,0.004833333333333334,0.0005462902602399647,0.0034550429718488217,40,0.5158916666666666,0.33441527777777774,,
spatial,across,rest,300,190,0.003,0.0005035486605694167,0.003184721360252753,40,0.5074005555555555,0.3386524999999999,,
spatial,across,rest,300,191,0.0041666666666666675,0.0006287281966789348,0.003976426261351493,40,0.47927749999999997,0.32646388888888883,,
spatial,across,rest,300,192,0.004916666666666666,0.0004919219241781967,0.0031111874227515096,40,0.5067072222222222,0.3347986111111111,,
spatial,across,rest,300,193,0.002666666666666667,0.0005495400822454191,0.0034755966509035655,40,0.50939,0.32831666666666665,,
spatial,across,rest,300,194,0.0032500000000000003,0.0005532537786493135,0.0034990841292529317,40,0.5004702777777778,0.3478197222222222,,
spatial,across,rest,300,195,0.00525,0.0007537890989514279,0.004767380856185105,40,0.5119133333333334,0.33711222222222215,,
spatial,across,rest,300,196,0.0023333333333333335,0.0004336290903919939,0.0027425111706914744,40,0.5065419444444446,0.3288544444444444,,
spatial,across,rest,300,197,0.004666666666666666,0.0005699002761767401,0.0036043658237549904,40,0.5031452777777778,0.3464613888888889,,
spatial,across,rest,300,198,0.0032500000000000003,0.00038651595943063843,0.002444541567612111,40,0.5029488888888889,0.3429386111111111,,
spatial,across,rest,300,199,0.003166666666666666,0.0003949467128397273,0.0024978623339400115,40,0.5010658333333333,0.3441827777777777,,
spatial,across,rest,300,200,0.0037500000000000007,0.0005090001931052645,0.0032191998793563385,40,0.5139008333333333,0.33240972222222226,,
spatial,across,rest,300,201,0.0037500000000000007,0.0005621932528599516,0.003555622328432836,40,0.49874833333333335,0.33932972222222224,,
spatial,across,rest,300,202,0.003,0.00044337478117411754,0.0028041483311779113,40,0.5032486111111112,0.33272305555555554,,
spatial,across,rest,300,203,0.002416666666666667,0.0005335936864527374,0.0033747427885527648,40,0.5051819444444445,0.32831666666666665,,
spatial,across,rest,300,204,0.0035833333333333333,0.0005771960417875981,0.0036505082969650717,40,0.5212897222222221,0.33063305555555556,,
spatial,across,rest,300,205,0.004916666666666666,0.0006084343084444759,0.003848076442547927,40,0.5037688888888889,0.3364383333333333,,
spatial,across,rest,300,206,0.004916666666666666,0.0006958106219744146,0.004400692771155113,40,0.51058,0.3509433333333333,,
spatial,across,rest,300,207,0.001,0.0002971852760805762,0.001879564718961157,40,0.4818525,0.3389933333333333,,
spatial,across,rest,300,208,0.00425,0.0006200300976060129,0.003921414652583029,40,0.5166355555555555,0.33327249999999997,,
spatial,across,rest,300,209,0.0045,0.0006703955544528912,0.004239953770645144,40,0.5198963888888889,0.3396419444444444,,
spatial,across,rest,300,210,0.003,0.0003922322702763681,0.0024806946917841693,40,0.48503222222222214,0.34004666666666666,,
spatial,across,rest,300,211,0.005083333333333334,0.0004463766758603509,0.002823133980186819,40,0.5060747222222222,0.336685,,
spatial,across,rest,300,212,0.0034166666666666664,0.000540226553720501,0.0034166927245201863,40,0.5055602777777777,0.33841166666666667,,
spatial,across,rest,300,213,0.005083333333333334,0.0005200742331410084,0.0032892382581820247,40,0.5058038888888889,0.3547097222222222,,
spatial,across,rest,300,214,0.003333333333333333,0.0005337605126836238,0.003375797890278889,40,0.4948002777777778,0.3386208333333333,,
spatial,across,rest,300,215,0.0032500000000000003,0.0005532537786493135,0.0034990841292529317,40,0.4909102777777778,0.35371111111111103,,
spatial,across,rest,300,216,0.0055000000000000005,0.0005410499447694665,0.003421900306759639,40,0.5113758333333334,0.33544138888888886,,
spatial,across,rest,300,217,0.002416666666666667,0.0003154949081000152,0.001995364999563108,40,0.4659997222222222,0.3354177777777777,,
spatial,across,rest,300,218,0.003916666666666667,0.0004904718932443306,0.003102016621894074,40,0.5080052777777778,0.3286791666666667,,
spatial,across,rest,300,219,0.002,0.00044337478117411743,0.002804148331177911,40,0.4739688888888888,0.3407119444444444,,
spatial,across,rest,300,220,0.0021666666666666666,0.0004552636129375566,0.0028793399053599583,40,0.5072036111111111,0.32884611111111106,,
spatial,across,rest,300,221,0.0034166666666666664,0.0004217636961434866,0.0026674678283691846,40,0.48182999999999987,0.32979277777777777,,
spatial,across,rest,300,222,0.0052499999999999995,0.0005583795745617396,0.003531502509061826,40,0.5334736111111111,0.33336249999999995,,
spatial,across,rest,300,223,0.004,0.00044975460228796133,0.002844497862746269,40,0.5194025,0.3445372222222222,,
spatial,across,rest,300,224,0.004833333333333334,0.0006531754562429428,0.004131044306894694,40,0.5081950000000001,0.3212505555555555,,
spatial,across,rest,300,225,0.004416666666666667,0.0005519648921491675,0.003490932495281123,40,0.4893274999999999,0.34217,,
spatial,across,rest,300,226,0.004333333333333333,0.00048038446141526135,0.003038218101251,40,0.5077805555555556,0.3407777777777778,,
spatial,across,rest,300,227,0.0032500000000000003,0.00045428476077747075,0.0028731491007230646,40,0.496483888888889,0.3390508333333333,,
spatial,across,rest,300,228,0.0030833333333333333,0.0004200715581423169,0.002656765807971143,40,0.5029811111111111,0.32242805555555554,,
spatial,across,rest,300,229,0.0037500000000000007,0.00048019909213905024,0.003037045723008912,40,0.5080236111111112,0.32392972222222227,,
spatial,across,rest,300,230,0.0042499999999999994,0.000584553059355846,0.003697038161568145,40,0.5204508333333334,0.3314594444444445,,
spatial,across,rest,300,231,0.00375,0.00044955660333392903,0.002843245607408123,40,0.49224611111111105,0.3297258333333333,,
spatial,across,rest,300,232,0.005416666666666667,0.0005019548679499876,0.0031746413306620296,40,0.5263422222222223,0.3251058333333333,,
spatial,across,rest,300,233,0.0025833333333333333,0.00045428476077747075,0.0028731491007230646,40,0.5159694444444444,0.3351075,,
spatial,across,rest,300,234,0.005,0.0006645264792282106,0.004202834479707434,40,0.5236541666666666,0.3312722222222222,,
spatial,across,rest,300,235,0.0028333333333333335,0.0005277215444626347,0.0033376041016874875,40,0.5035313888888889,0.32693,,
spatial,across,rest,300,236,0.0021666666666666666,0.0003688358524328756,0.0023327227528352873,40,0.5012616666666666,0.3296430555555555,,
spatial,across,rest,300,237,0.00275,0.00039381796885438406,0.002490723530162211,40,0.4911394444444445,0.33704888888888884,,
spatial,across,rest,300,238,0.004083333333333333,0.0004846283858428769,0.0030650590360687827,40,0.520885,0.33714388888888885,,
spatial,across,rest,300,239,0.0036666666666666666,0.0005035486605694166,0.0031847213602527527,40,0.5162577777777778,0.3325336111111111,,
spatial,across,rest,300,240,0.004833333333333334,0.000674631903431942,0.004266746794119403,40,0.5285802777777778,0.32143888888888894,,
spatial,across,rest,300,241,0.0034166666666666664,0.000565981234525278,0.003579579628027614,40,0.4984686111111111,0.3280458333333333,,
spatial,across,rest,300,242,0.0025,0.0004425708371198287,0.0027990637425321058,40,0.5061644444444444,0.33051499999999995,,
spatial,across,rest,300,243,0.0026666666666666666,0.0004653216269680751,0.002942952371508696,40,0.47502805555555555,0.32922583333333333,,
spatial,across,rest,300,244,0.0037500000000000007,0.0005090001931052645,0.0032191998793563385,40,0.5272155555555555,0.3362597222222222,,
spatial,across,rest,300,245,0.0023333333333333335,0.0004168802871199042,0.0026365824378477057,40,0.5040836111111111,0.3267861111111111,,
spatial,across,rest,300,246,0.0035000000000000005,0.0005330928945203023,0.0033715755022721006,40,0.5007219444444445,0.34496527777777775,,
spatial,across,rest,300,247,0.004,0.0005364226763936138,0.0033926348919345135,40,0.5028038888888889,0.3267394444444444,,
spatial,across,rest,300,248,0.0037500000000000007,0.0005493780477196366,0.0034745718545814495,40,0.5137988888888889,0.3406619444444445,,
spatial,across,rest,300,249,0.003,0.0005175000172041232,0.003272957487082702,40,0.4873205555555556,0.3359791666666666,,
spatial,across,rest,300,250,0.0020833333333333337,0.0003517862436957438,0.0022248915591872,40,0.501265,0.3203986111111111,,
spatial,across,rest,300,251,0.0025,0.00035304939405680143,0.0022328804235236125,40,0.5149733333333333,0.33458111111111105,,
spatial,across,rest,300,252,0.0034166666666666664,0.0004991088925371763,0.003156641801723386,40,0.5101544444444445,0.3403997222222223,,
spatial,across,rest,300,253,0.0025,0.0004583818933094545,0.002899061642076347,40,0.5086130555555555,0.3313041666666666,,
spatial,across,rest,300,254,0.003083333333333333,0.00046818282400698627,0.0029610481704636735,40,0.5174547222222221,0.3417325000000001,,
spatial,across,rest,300,255,0.003333333333333333,0.0005847053462046862,0.0036980013081681943,40,0.48561861111111104,0.3236588888888889,,
spatial,across,rest,300,256,0.00525,0.0006633195892576047,0.004195201437322778,40,0.5081524999999999,0.3409455555555555,,
spatial,across,rest,300,257,0.004416666666666668,0.0005647213971599238,0.003571611716915804,40,0.5299758333333333,0.33400861111111113,,
spatial,across,rest,300,258,0.0045,0.000566767210788584,0.0035845505783853645,40,0.5437844444444445,0.3261361111111111,,
spatial,across,rest,300,259,0.002,0.000427008410146899,0.002700638312223111,40,0.47239111111111115,0.33494916666666663,,
spatial,across,rest,300,260,0.0018333333333333333,0.00031464718178119604,0.0019900035075632308,40,0.5153555555555556,0.33363,,
spatial,across,rest,300,261,0.0032500000000000003,0.00045428476077747075,0.0028731491007230646,40,0.4886791666666667,0.3285222222222222,,
spatial,across,rest,300,262,0.002416666666666667,0.0004463766758603509,0.002823133980186819,40,0.5022183333333332,0.3284363888888889,,
spatial,across,rest,300,263,0.002916666666666667,0.0005090001931052645,0.003219199879356339,40,0.45890861111111114,0.3358475,,
spatial,across,rest,300,264,0.006750000000000001,0.0006142595663193327,0.0038849186082326862,40,0.5363658333333333,0.3163922222222223,,
spatial,across,rest,300,265,0.0036666666666666666,0.0006178724639975321,0.0039077685794651745,40,0.5099647222222222,0.34427972222222225,,
spatial,across,rest,300,266,0.0036666666666666666,0.0005443310539518173,0.0034426518632954817,40,0.4982166666666667,0.33913138888888883,,
spatial,across,rest,300,267,0.0035833333333333333,0.0005389065112987853,0.003408344043198855,40,0.4903449999999999,0.3304230555555555,,
spatial,across,rest,300,268,0.0019166666666666666,0.00039381796885438406,0.002490723530162211,40,0.504373611111111,0.33025722222222215,,
spatial,across,rest,300,269,0.00475,0.0005583795745617396,0.0035315025090618263,40,0.5112997222222223,0.34441222222222223,,
spatial,across,rest,300,270,0.0041666666666666675,0.0005436764162477949,0.003438511570921614,40,0.5065333333333333,0.33811499999999994,,
spatial,across,rest,300,271,0.002916666666666667,0.00046513025470953175,0.002941742027072761,40,0.49622527777777775,0.32800444444444443,,
spatial,across,rest,300,272,0.004333333333333333,0.0006979824404521127,0.0044144285572630445,40,0.5181133333333333,0.3380541666666666,,
spatial,across,rest,300,273,0.003166666666666666,0.0004295031251026405,0.0027164162749691695,40,0.4985238888888889,0.3294977777777777,,
spatial,across,rest,300,274,0.002916666666666667,0.000399206834693617,0.0025248057102763123,40,0.49909944444444443,0.32706,,
spatial,across,rest,300,275,0.0030833333333333333,0.0005647213971599238,0.003571611716915804,40,0.4949969444444444,0.32711027777777774,,
spatial,across,rest,300,276,0.0032500000000000003,0.0004846283858428769,0.0030650590360687827,40,0.5156974999999999,0.3425066666666666,,
spatial,across,rest,300,277,0.0038333333333333336,0.000514047677015483,0.0032511229705750244,40,0.5114850000000001,0.3288319444444444,,
spatial,across,rest,300,278,0.0036666666666666666,0.00047441672090180913,0.003000474796236256,40,0.5185666666666667,0.3253474999999999,,
spatial,across,rest,300,279,0.003333333333333334,0.0004921028776234113,0.0031123318728261753,40,0.5089086111111112,0.34421388888888893,,
spatial,across,rest,300,280,0.00275,0.0005047847980156418,0.0031925393799149436,40,0.4964641666666667,0.34075388888888886,,
spatial,across,rest,300,281,0.0032500000000000003,0.0004697016692749325,0.002970654191383831,40,0.46252111111111116,0.3320397222222222,,
spatial,across,rest,300,282,0.005666666666666667,0.0006666666666666665,0.004216370213557839,40,0.542043888888889,0.31153611111111107,,
spatial,across,rest,300,283,0.004666666666666666,0.000557262335477027,0.003524436468664519,40,0.5128794444444444,0.3452563888888889,,
spatial,across,rest,300,284,0.003166666666666667,0.0004614791034954486,0.0029186501192363773,40,0.4977555555555554,0.32901111111111103,,
spatial,across,rest,300,285,0.0019166666666666666,0.0003752966537921413,0.00237358444844567,40,0.5086175000000001,0.33063583333333335,,
spatial,across,rest,300,286,0.0036666666666666666,0.0005822639771026016,0.0036825607342247,40,0.5090863888888889,0.3319572222222222,,
spatial,across,rest,300,287,0.0035000000000000005,0.0004913786640188923,0.0031077515438206536,40,0.5272908333333334,0.3309122222222222,,
spatial,across,rest,300,288,0.0035000000000000005,0.0004913786640188923,0.003107751543820654,40,0.5030030555555556,0.33690194444444443,,
spatial,across,rest,300,289,0.003166666666666666,0.0004457779141208643,0.002819347078441735,40,0.5043430555555556,0.3306755555555555,,
spatial,across,rest,300,290,0.0024999999999999996,0.00044257083711982863,0.0027990637425321053,40,0.4914833333333334,0.32547305555555556,,
spatial,across,rest,300,291,0.0025833333333333333,0.00043832593994609724,0.0027722166555277,40,0.5038136111111111,0.32812611111111106,,
spatial,across,rest,300,292,0.003916666666666667,0.0005709927876363795,0.003611275472919581,40,0.5251666666666667,0.3412297222222222,,
spatial,across,rest,300,293,0.00375,0.0005621932528599516,0.003555622328432836,40,0.4845283333333333,0.32809388888888885,,
spatial,across,rest,300,294,0.0036666666666666666,0.0005443310539518173,0.0034426518632954817,40,0.48451500000000003,0.33393833333333334,,
spatial,across,rest,300,295,0.0028333333333333335,0.00043934034986550346,0.002778632347180483,40,0.5079627777777778,0.3274336111111111,,
spatial,across,rest,300,296,0.003916666666666667,0.0006188802957865281,0.003914142667368273,40,0.5249858333333334,0.3271025,,
spatial,across,rest,300,297,0.0037500000000000007,0.0005869849078564814,0.0037124185219410922,40,0.5062916666666666,0.33276805555555555,,
spatial,across,rest,300,298,0.002916666666666667,0.00041666666666666675,0.00263523138347365,40,0.4913761111111111,0.3333775,,
spatial,across,rest,300,299,0.00375,0.0005362566783465032,0.003391585028102495,40,0.5075283333333334,0.33707027777777776,,
spatial,across,rest,500,0,0.0028333333333333335,0.0004056228722963173,0.002565384295031951,40,0.49502694444444445,0.3313325,,
spatial,across,rest,500,1,0.0045,0.0006149838438569978,0.0038894993415869257,40,0.4975741666666667,0.32765722222222227,,
spatial,across,rest,500,2,0.0036666666666666666,0.0006062354060275328,0.0038341693625679476,40,0.5205966666666668,0.3285986111111111,,
spatial,across,rest,500,3,0.004583333333333333,0.000568492533533872,0.0035954624775333737,40,0.49837694444444447,0.33236722222222215,,
spatial,across,rest,500,4,0.0034166666666666664,0.00045428476077747075,0.0028731491007230646,40,0.49054166666666654,0.33058722222222225,,
spatial,across,rest,500,5,0.0027500000000000003,0.0005047847980156418,0.0031925393799149436,40,0.5299730555555556,0.33062833333333336,,
spatial,across,rest,500,6,0.004999999999999999,0.0006751595780557777,0.00427008410146899,40,0.527461388888889,0.32501749999999996,,
spatial,across,rest,500,7,0.004000000000000001,0.000622466374565235,0.003936823020987291,40,0.5250511111111111,0.32849194444444435,,
spatial,across,rest,500,8,0.006666666666666666,0.0006537204504606134,0.004134491152973615,40,0.5711602777777778,0.3304833333333333,,
spatial,across,rest,500,9,0.0035000000000000005,0.0005330928945203023,0.0033715755022721006,40,0.5112427777777778,0.32353972222222216,,
spatial,across,rest,500,10,0.00475,0.0005709927876363795,0.003611275472919581,40,0.5126611111111111,0.34233555555555556,,
spatial,across,rest,500,11,0.0018333333333333333,0.0003764809314399492,0.0023810744779438693,40,0.4905150000000001,0.33401777777777775,,
spatial,across,rest,500,12,0.003,0.0004744167209018092,0.0030004747962362566,40,0.47688361111111116,0.35269333333333325,,
spatial,across,rest,500,13,0.004083333333333333,0.0006257474163429115,0.003957574151218542,40,0.5215408333333333,0.3247658333333333,,
spatial,across,rest,500,14,0.003,0.0004891995904702285,0.0030939698726150473,40,0.5268177777777778,0.3407538888888889,,
spatial,across,rest,500,15,0.002416666666666667,0.00039562241344126857,0.002502135839774444,40,0.5287508333333333,0.33203249999999995,,
spatial,across,rest,500,16,0.002916666666666667,0.0004334237249576047,0.002741212325640795,40,0.5341502777777778,0.32981916666666666,,
spatial,across,rest,500,17,0.005166666666666667,0.0006079951641733013,0.003845299050311274,40,0.5525488888888891,0.31923166666666664,,
spatial,across,rest,500,18,0.003333333333333333,0.0005337605126836238,0.003375797890278889,40,0.49613611111111117,0.31812527777777777,,
spatial,across,rest,500,19,0.0013333333333333335,0.0003112331872826175,0.0019684115104936454,40,0.4771472222222222,0.3323041666666666,,
spatial,across,rest,500,20,0.003,0.0005035486605694166,0.0031847213602527527,40,0.48884916666666667,0.32386222222222216,,
spatial,across,rest,500,21,0.003333333333333333,0.0005202453946507077,0.0032903207786188307,40,0.48875833333333335,0.3365636111111111,,
spatial,across,rest,500,22,0.004833333333333334,0.0005840959605818988,0.003694147215085458,40,0.5028777777777778,0.3458566666666667,,
spatial,across,rest,500,23,0.002416666666666667,0.0004620575191436138,0.0029223083410013467,40,0.5187611111111112,0.3341572222222222,,
spatial,across,rest,500,24,0.0025,0.00033226323961410537,0.0021014172398537176,40,0.4946958333333333,0.3412502777777777,,
spatial,across,rest,500,25,0.0020833333333333337,0.0003517862436957438,0.0022248915591872,40,0.5031994444444445,0.3335197222222222,,
spatial,across,rest,500,26,0.0036666666666666666,0.0005175000172041232,0.003272957487082702,40,0.5124086111111111,0.32025666666666663,,
spatial,across,rest,500,27,0.005083333333333334,0.0005467789649092551,0.0034581338115650556,40,0.5618905555555556,0.32789,,
spatial,across,rest,500,28,0.004,0.0005991446895152781,0.0037893237337253676,40,0.5019494444444444,0.33294,,
spatial,across,rest,500,29,0.003916666666666667,0.0005047847980156418,0.0031925393799149436,40,0.5154272222222221,0.3325477777777777,,
spatial,across,rest,500,30,0.0025,0.00044257083711982863,0.0027990637425321053,40,0.5151641666666668,0.34119861111111105,,
spatial,across,rest,500,31,0.004583333333333333,0.0005558225853982065,0.003515330689643559,40,0.5022077777777778,0.3280136111111111,,
spatial,across,rest,500,32,0.00375,0.000574722774741238,0.0036348659827084013,40,0.5042366666666667,0.33334166666666665,,
spatial,across,rest,500,33,0.0035000000000000005,0.0004913786640188923,0.0031077515438206536,40,0.4931438888888889,0.3411480555555556,,
spatial,across,rest,500,34,0.0025,0.00047366546671567095,0.002995723447576391,40,0.5083397222222221,0.32272944444444446,,
spatial,across,rest,500,35,0.0036666666666666666,0.000427008410146899,0.002700638312223111,40,0.5165777777777778,0.3443747222222222,,
spatial,across,rest,500,36,0.0032500000000000003,0.00045428476077747075,0.0028731491007230646,40,0.5121552777777778,0.34341749999999993,,
spatial,across,rest,500,37,0.003166666666666666,0.0004614791034954486,0.0029186501192363773,40,0.5228097222222222,0.32911999999999997,,
spatial,across,rest,500,38,0.005833333333333334,0.0007803680919760617,0.004935481167928246,40,0.4953291666666667,0.3340613888888889,,
spatial,across,rest,500,39,0.0035000000000000005,0.000715617399249251,0.0045259618297474056,40,0.49539138888888895,0.3428413888888889,,
spatial,across,rest,500,40,0.003166666666666667,0.0005330928945203023,0.0033715755022721006,40,0.5125322222222223,0.3510238888888889,,
spatial,across,rest,500,41,0.004583333333333333,0.0004875588940976005,0.0030835931976424856,40,0.5294758333333333,0.3491786111111111,,
spatial,across,rest,500,42,0.004416666666666667,0.0005647213971599238,0.003571611716915804,40,0.5359947222222223,0.33449222222222225,,
spatial,across,rest,500,43,0.003333333333333333,0.0004465760847047224,0.0028243951524544115,40,0.5300383333333333,0.3471647222222222,,
spatial,across,rest,500,44,0.003166666666666666,0.00041258686385768536,0.002609428444912182,40,0.4975508333333333,0.323695,,
spatial,across,rest,500,45,0.005166666666666667,0.0006309898162000304,0.003990729999126216,40,0.5202908333333334,0.3468091666666666,,
spatial,across,rest,500,46,0.0030833333333333333,0.0005389065112987853,0.003408344043198855,40,0.5429872222222223,0.3154430555555555,,
spatial,across,rest,500,47,0.0045,0.0006487990219938459,0.004103365306380464,40,0.49924194444444436,0.34627611111111106,,
spatial,across,rest,500,48,0.002666666666666667,0.0005091750772173156,0.0032203059435976533,40,0.5002,0.3267908333333333,,
spatial,across,rest,500,49,0.003583333333333333,0.0005894067228156503,0.003727735424625975,40,0.5045544444444443,0.33721638888888894,,
spatial,across,rest,500,50,0.006,0.0006772661653216249,0.004283407329168958,40,0.5148905555555556,0.3338969444444444,,
spatial,across,rest,500,51,0.00625,0.0006978548735241623,0.004413621753170177,40,0.5417469444444445,0.33579666666666663,,
spatial,across,rest,500,52,0.005,0.0006537204504606134,0.004134491152973615,40,0.5277988888888888,0.32921888888888884,,
spatial,across,rest,500,53,0.005916666666666666,0.0007209472638584303,0.004559670853318065,40,0.5275544444444445,0.3314363888888889,,
spatial,across,rest,500,54,0.004000000000000001,0.0007376717048657512,0.004665445505670575,40,0.5430622222222222,0.319515,,
spatial,across,rest,500,55,0.00225,0.0004976798018658033,0.00314760343871451,40,0.530533888888889,0.33311472222222227,,
spatial,across,rest,500,56,0.00275,0.000393817968854384,0.0024907235301622104,40,0.4661036111111111,0.3400141666666666,,
spatial,across,rest,500,57,0.004333333333333333,0.0005229763603684908,0.0033075929223788923,40,0.5180499999999999,0.3430844444444444,,
spatial,across,rest,500,58,0.0045,0.0005277215444626347,0.0033376041016874875,40,0.5243144444444443,0.3499413888888888,,
spatial,across,rest,500,59,0.0045,0.0005791977947731547,0.0036631684944598737,40,0.5244158333333333,0.33272916666666663,,
spatial,across,rest,500,60,0.002916666666666667,0.00044955660333392903,0.002843245607408123,40,0.5062094444444444,0.3306552777777777,,
spatial,across,rest,500,61,0.002,0.0003922322702763681,0.0024806946917841693,40,0.5271483333333334,0.31944055555555556,,
spatial,across,rest,500,62,0.0028333333333333335,0.00043934034986550346,0.002778632347180483,40,0.4731822222222222,0.34650333333333333,,
spatial,across,rest,500,63,0.004666666666666667,0.0005310850045437943,0.0033588764910385265,40,0.5086122222222222,0.35148305555555553,,
spatial,across,rest,500,64,0.003833333333333333,0.000566767210788584,0.0035845505783853645,40,0.5154325,0.3498336111111111,,
spatial,across,rest,500,65,0.0034166666666666664,0.00043832593994609713,0.0027722166555276995,40,0.5067991666666666,0.3445608333333333,,
spatial,across,rest,500,66,0.005083333333333334,0.0006750276980705259,0.00426925001920662,40,0.5344636111111112,0.3310075,,
spatial,across,rest,500,67,0.0034166666666666664,0.0004697016692749325,0.002970654191383831,40,0.5043608333333334,0.3276294444444444,,
spatial,across,rest,500,68,0.0036666666666666666,0.0005035486605694166,0.0031847213602527527,40,0.49300333333333335,0.32968944444444437,,
spatial,across,rest,500,69,0.004083333333333333,0.0006590105247982552,0.004167948520770725,40,0.5216952777777777,0.34451444444444446,,
spatial,across,rest,500,70,0.003833333333333333,0.0004228178434916492,0.002674134841588425,40,0.5056166666666666,0.3535397222222222,,
spatial,across,rest,500,71,0.0035833333333333333,0.0004976798018658033,0.00314760343871451,40,0.5369883333333333,0.34897305555555547,,
spatial,across,rest,500,72,0.005416666666666667,0.0005428570089754135,0.0034333291842975513,40,0.5266388888888889,0.3420375,,
spatial,across,rest,500,73,0.0055,0.0006032910690206792,0.0038155477402863876,40,0.5065261111111111,0.3293463888888889,,
spatial,across,rest,500,74,0.003166666666666666,0.0005330928945203023,0.0033715755022721006,40,0.4913541666666667,0.3288172222222222,,
spatial,across,rest,500,75,0.003333333333333333,0.0005063696835418333,0.003202563076101743,40,0.49151000000000006,0.3495341666666666,,
spatial,across,rest,500,76,0.0055000000000000005,0.0006032910690206792,0.003815547740286387,40,0.5269080555555554,0.3237658333333333,,
spatial,across,rest,500,77,0.00625,0.0006336650053706131,0.004007649381027932,40,0.5535816666666667,0.3323322222222222,,
spatial,across,rest,500,78,0.0028333333333333335,0.000566767210788584,0.0035845505783853645,40,0.5127122222222222,0.34534972222222227,,
spatial,across,rest,500,79,0.0036666666666666666,0.000427008410146899,0.002700638312223111,40,0.5079277777777778,0.31920194444444444,,
spatial,across,rest,500,80,0.003916666666666667,0.0006844581111966647,0.004328893188716515,40,0.52112,0.3303333333333333,,
spatial,across,rest,500,81,0.003333333333333333,0.0005337605126836238,0.003375797890278889,40,0.4827283333333333,0.33287555555555554,,
spatial,across,rest,500,82,0.003166666666666666,0.0004913786640188923,0.0031077515438206536,40,0.5215574999999999,0.3350930555555555,,
spatial,across,rest,500,83,0.003583333333333333,0.0005117911677922933,0.003236851553162112,40,0.4854902777777779,0.33993555555555555,,
spatial,across,rest,500,84,0.003333333333333333,0.000559812748506421,0.003540566696958629,40,0.47988333333333344,0.32276083333333333,,
spatial,across,rest,500,85,0.003333333333333333,0.00037742567804819856,0.002387049580131443,40,0.523341111111111,0.3386886111111111,,
spatial,across,rest,500,86,0.006833333333333333,0.0006421784505829843,0.00406149313624023,40,0.509073611111111,0.3378302777777778,,
spatial,across,rest,500,87,0.004583333333333333,0.00044156384869985954,0.002792694988563072,40,0.5270302777777778,0.3293666666666667,,
spatial,across,rest,500,88,0.004,0.0005748776656683841,0.0036358455989457554,40,0.5161686111111111,0.3311719444444445,,
spatial,across,rest,500,89,0.0015833333333333335,0.00035780869962462564,0.002262980914873703,40,0.4937358333333334,0.31577999999999995,,
spatial,across,rest,500,90,0.00475,0.0005833333333333334,0.0036893239368631097,40,0.5193216666666667,0.3424394444444444,,
spatial,across,rest,500,91,0.004833333333333334,0.00047666337934435156,0.0030146839118420175,40,0.5091797222222222,0.3494397222222222,,
spatial,across,rest,500,92,0.0037500000000000007,0.000522806092950542,0.003306516056674825,40,0.5312397222222223,0.32825138888888883,,
spatial,across,rest,500,93,0.0041666666666666675,0.0005168113941217019,0.003268602252303067,40,0.5204613888888888,0.3315183333333333,,
spatial,across,rest,500,94,0.003166666666666667,0.0005330928945203023,0.0033715755022721006,40,0.48842138888888886,0.3335925,,
spatial,across,rest,500,95,0.003166666666666667,0.00047666337934435156,0.0030146839118420175,40,0.4987688888888888,0.32972416666666654,,
spatial,across,rest,500,96,0.004,0.0005364226763936138,0.003392634891934514,40,0.5065452777777777,0.3324386111111111,,
spatial,across,rest,500,97,0.007000000000000001,0.000816496580927726,0.0051639777949432225,40,0.5285147222222223,0.31406444444444437,,
spatial,across,rest,500,98,0.004083333333333333,0.0005659812345252781,0.0035795796280276146,40,0.5317241666666666,0.33491944444444444,,
spatial,across,rest,500,99,0.00475,0.0007149950690165274,0.004522025867763026,40,0.5454808333333333,0.33361944444444436,,
spatial,across,rest,500,100,0.004,0.0005871365639519861,0.0037133776793067774,40,0.5391113888888889,0.32387444444444446,,
spatial,across,rest,500,101,0.004083333333333333,0.0005532537786493135,0.0034990841292529317,40,0.5121977777777778,0.3369752777777778,,
spatial,across,rest,500,102,0.00575,0.0006535842445105027,0.004133629710907181,40,0.5112055555555555,0.3216119444444444,,
spatial,across,rest,500,103,0.003333333333333333,0.00046225016352102424,0.0029235267310234307,40,0.5025980555555556,0.3367227777777778,,
spatial,across,rest,500,104,0.0025833333333333333,0.0004697016692749325,0.002970654191383831,40,0.5060263888888888,0.3289561111111111,,
spatial,across,rest,500,105,0.0036666666666666666,0.0005943705521611524,0.003759129437922314,40,0.520575,0.3395705555555555,,
spatial,across,rest,500,106,0.0045,0.0006032910690206792,0.0038155477402863876,40,0.4904341666666667,0.3405016666666667,,
spatial,across,rest,500,107,0.004666666666666667,0.0006292943635623921,0.0039800070151264615,40,0.5070650000000001,0.35539277777777767,,
spatial,across,rest,500,108,0.0035833333333333333,0.0004681828240069863,0.002961048170463674,40,0.5217725000000001,0.34058222222222223,,
spatial,across,rest,500,109,0.004083333333333333,0.0006370281338409186,0.004028919673087779,40,0.5065099999999999,0.3312266666666666,,
spatial,across,rest,500,110,0.003916666666666667,0.0006844581111966648,0.004328893188716516,40,0.5344352777777777,0.34424777777777776,,
spatial,across,rest,500,111,0.002833333333333333,0.0005540578101426393,0.0035041692709117636,40,0.5355152777777779,0.34008694444444443,,
spatial,across,rest,500,112,0.004,0.000622466374565235,0.003936823020987291,40,0.525478611111111,0.3345047222222222,,
spatial,across,rest,500,113,0.0058333333333333345,0.0006287281966789348,0.003976426261351493,40,0.5425705555555556,0.3230219444444444,,
spatial,across,rest,500,114,0.0035000000000000005,0.0005330928945203023,0.0033715755022721006,40,0.5133369444444444,0.3426172222222222,,
spatial,across,rest,500,115,0.0037500000000000007,0.00048019909213905024,0.003037045723008912,40,0.47038499999999994,0.35263944444444445,,
spatial,across,rest,500,116,0.0045,0.0005540578101426393,0.0035041692709117636,40,0.5193141666666666,0.3369025,,
spatial,across,rest,500,117,0.0026666666666666666,0.0004336290903919939,0.0027425111706914744,40,0.5199427777777779,0.3433480555555556,,
spatial,across,rest,500,118,0.00525,0.0005454747794744822,0.003449885418634857,40,0.504363611111111,0.3389508333333333,,
spatial,across,rest,500,119,0.0030833333333333333,0.0004976798018658033,0.00314760343871451,40,0.49688944444444444,0.3271977777777778,,
spatial,across,rest,500,120,0.00375,0.0005362566783465032,0.003391585028102495,40,0.535751388888889,0.33101666666666657,,
spatial,across,rest,500,121,0.0028333333333333335,0.0005410499447694665,0.003421900306759639,40,0.4954888888888889,0.3348336111111111,,
spatial,across,rest,500,122,0.004416666666666667,0.0006130989425780422,0.0038775781791747974,40,0.5155080555555556,0.3417708333333333,,
spatial,across,rest,500,123,0.003916666666666667,0.0005454747794744824,0.0034498854186348574,40,0.5061011111111111,0.3372377777777778,,
spatial,across,rest,500,124,0.00425,0.0006425942346670646,0.004064122785681311,40,0.5243516666666667,0.34271722222222206,,
spatial,across,rest,500,125,0.003166666666666667,0.00051956041029222,0.003285988557150009,40,0.485205,0.33245694444444446,,
spatial,across,rest,500,126,0.0037500000000000007,0.0005989960736902173,0.003788383804718293,40,0.49599555555555563,0.34355888888888886,,
spatial,across,rest,500,127,0.003,0.0005943705521611524,0.003759129437922314,40,0.4507883333333333,0.3335461111111112,,
spatial,across,rest,500,128,0.0045,0.000566767210788584,0.0035845505783853645,40,0.509416388888889,0.3520413888888889,,
spatial,across,rest,500,129,0.0026666666666666666,0.0005091750772173156,0.0032203059435976533,40,0.4841197222222222,0.34779222222222217,,
spatial,across,rest,500,130,0.0025833333333333333,0.00040452391911925456,0.002558433904869158,40,0.5103316666666666,0.329655,,
spatial,across,rest,500,131,0.0035000000000000005,0.0005330928945203023,0.0033715755022721006,40,0.527065,0.3286375,,
spatial,across,rest,500,132,0.0028333333333333335,0.0004855460696524952,0.003070862978089291,40,0.52706,0.32732222222222224,,
spatial,across,rest,500,133,0.0038333333333333336,0.000566767210788584,0.0035845505783853645,40,0.5468869444444445,0.3089497222222223,,
spatial,across,rest,500,134,0.003166666666666667,0.00044577791412086436,0.0028193470784417356,40,0.47647666666666666,0.32392277777777784,,
spatial,across,rest,500,135,0.004916666666666666,0.0006200300976060129,0.003921414652583029,40,0.49106805555555566,0.3305725,,
spatial,across,rest,500,136,0.004833333333333334,0.0006309898162000304,0.003990729999126216,40,0.5206455555555556,0.3486741666666667,,
spatial,across,rest,500,137,0.004333333333333333,0.0005229763603684908,0.0033075929223788923,40,0.5233680555555555,0.34406499999999995,,
spatial,across,rest,500,138,0.0045,0.0006032910690206793,0.003815547740286388,40,0.526731111111111,0.34591555555555553,,
spatial,across,rest,500,139,0.0034166666666666664,0.0005532537786493134,0.003499084129252931,40,0.4898286111111111,0.3347616666666666,,
spatial,across,rest,500,140,0.003333333333333333,0.0003580574370197165,0.002264554068289192,40,0.5167052777777776,0.34445361111111106,,
spatial,across,rest,500,141,0.003083333333333333,0.00048315646631310954,0.003055749799575685,40,0.5103813888888888,0.33063305555555556,,
spatial,across,rest,500,142,0.0030833333333333333,0.0004976798018658033,0.00314760343871451,40,0.5161911111111112,0.34382,,
spatial,across,rest,500,143,0.003333333333333334,0.0005063696835418333,0.003202563076101743,40,0.5077219444444445,0.3351113888888888,,
spatial,across,rest,500,144,0.004,0.0005364226763936138,0.003392634891934514,40,0.4913633333333333,0.34063277777777773,,
spatial,across,rest,500,145,0.0023333333333333335,0.00039942979301018543,0.0025262158224835787,40,0.5142983333333333,0.33635416666666673,,
spatial,across,rest,500,146,0.0042499999999999994,0.0005596536881967729,0.0035395607112309897,40,0.5195486111111111,0.33296555555555557,,
spatial,across,rest,500,147,0.0036666666666666666,0.0005035486605694166,0.0031847213602527527,40,0.5075341666666666,0.3436325,,
spatial,across,rest,500,148,0.003916666666666667,0.000652493573338361,0.004126731700742675,40,0.48554388888888883,0.338945,,
spatial,across,rest,500,149,0.0025,0.000569275042553311,0.0036004114991154777,40,0.4899694444444444,0.33714833333333327,,
spatial,across,rest,500,150,0.0036666666666666666,0.0005943705521611524,0.003759129437922314,40,0.5467619444444445,0.33054138888888895,,
spatial,across,rest,500,151,0.00225,0.00034565887371808783,0.0021861386687953444,40,0.47803472222222226,0.3315483333333333,,
spatial,across,rest,500,152,0.004916666666666666,0.0006425942346670646,0.004064122785681311,40,0.5338138888888889,0.34252527777777775,,
spatial,across,rest,500,153,0.0036666666666666666,0.0005035486605694166,0.0031847213602527527,40,0.5157091666666667,0.3212183333333333,,
spatial,across,rest,500,154,0.0036666666666666666,0.0006178724639975321,0.0039077685794651745,40,0.526593888888889,0.3307325,,
spatial,across,rest,500,155,0.003166666666666666,0.0005056659032384976,0.003198111978639933,40,0.5057266666666667,0.3348661111111111,,
spatial,across,rest,500,156,0.003166666666666666,0.0005591762357951763,0.003536541037104265,40,0.4970405555555555,0.34825083333333334,,
spatial,across,rest,500,157,0.004166666666666667,0.0005436764162477949,0.003438511570921614,40,0.5655705555555555,0.3163991666666666,,
spatial,across,rest,500,158,0.0038333333333333336,0.0005540578101426393,0.0035041692709117636,40,0.4992941666666667,0.3471386111111111,,
spatial,across,rest,500,159,0.002916666666666667,0.0004651302547095317,0.0029417420270727605,40,0.5080672222222222,0.33512749999999997,,
spatial,across,rest,500,160,0.004833333333333334,0.0004614791034954486,0.0029186501192363773,40,0.49075611111111117,0.3478013888888889,,
spatial,across,rest,500,161,0.00425,0.0005722388181146617,0.003619156061610303,40,0.5249669444444445,0.3313138888888888,,
spatial,across,rest,500,162,0.003833333333333333,0.0005,0.0031622776601683794,40,0.48462250000000007,0.33672805555555557,,
spatial,across,rest,500,163,0.003833333333333333,0.0005277215444626347,0.0033376041016874875,40,0.5110155555555556,0.3335866666666666,,
spatial,across,rest,500,164,0.00375,0.0005090001931052645,0.0032191998793563385,40,0.5363016666666667,0.34105888888888886,,
spatial,across,rest,500,165,0.0028333333333333335,0.0005540578101426393,0.0035041692709117636,40,0.5232563888888888,0.3370838888888889,,
spatial,across,rest,500,166,0.004416666666666667,0.0005117911677922935,0.0032368515531621123,40,0.5188155555555555,0.33320916666666667,,
spatial,across,rest,500,167,0.003916666666666667,0.0005187029077928006,0.003280565235155104,40,0.5275352777777778,0.33851555555555557,,
spatial,across,rest,500,168,0.0021666666666666666,0.00038766596482655045,0.0024518148403572426,40,0.5108097222222223,0.3393444444444445,,
spatial,across,rest,500,169,0.006,0.000599144689515278,0.003789323733725367,40,0.5223161111111112,0.33645305555555555,,
spatial,across,rest,500,170,0.003916666666666667,0.0005322571942188482,0.0033662900694843324,40,0.49376250000000005,0.34947999999999996,,
spatial,across,rest,500,171,0.0034166666666666664,0.0004991088925371763,0.003156641801723386,40,0.5266333333333335,0.3303352777777778,,
spatial,across,rest,500,172,0.003333333333333333,0.0005063696835418333,0.003202563076101743,40,0.5165408333333333,0.3301894444444444,,
spatial,across,rest,500,173,0.0028333333333333335,0.0004056228722963173,0.002565384295031951,40,0.5071669444444444,0.3503861111111111,,
spatial,across,rest,500,174,0.002916666666666667,0.0004801990921390503,0.0030370457230089122,40,0.4870566666666667,0.34788722222222224,,
spatial,across,rest,500,175,0.0045,0.0007785405295328921,0.00492392264815505,40,0.522186111111111,0.32659666666666665,,
spatial,across,rest,500,176,0.004999999999999999,0.0006201736729460423,0.003922322702763681,40,0.5334516666666665,0.335155,,
spatial,across,rest,500,177,0.0029166666666666664,0.000399206834693617,0.0025248057102763123,40,0.4890761111111111,0.33338527777777777,,
spatial,across,rest,500,178,0.0055,0.0005791977947731547,0.0036631684944598737,40,0.5167833333333334,0.33151194444444443,,
spatial,across,rest,500,179,0.0036666666666666666,0.0005035486605694166,0.0031847213602527527,40,0.4995333333333333,0.33170611111111115,,
spatial,across,rest,500,180,0.0045,0.0005540578101426393,0.0035041692709117636,40,0.4978727777777777,0.34097666666666665,,
spatial,across,rest,500,181,0.0034166666666666664,0.0005268773245260372,0.0033322647859959456,40,0.49713611111111106,0.33113805555555553,,
spatial,across,rest,500,182,0.0055,0.000566767210788584,0.0035845505783853645,40,0.5161338888888889,0.3458094444444445,,
spatial,across,rest,500,183,0.0035000000000000005,0.0005330928945203023,0.0033715755022721006,40,0.5069977777777779,0.3362519444444444,,
spatial,across,rest,500,184,0.0035833333333333333,0.0004200715581423169,0.002656765807971143,40,0.5180730555555556,0.3347205555555556,,
spatial,across,rest,500,185,0.0035000000000000005,0.00061959917196776,0.003918689239544947,40,0.4975044444444444,0.3314594444444444,,
spatial,across,rest,500,186,0.002916666666666667,0.00044955660333392903,0.002843245607408123,40,0.5016325,0.3572466666666667,,
spatial,across,rest,500,187,0.0037500000000000007,0.000574722774741238,0.0036348659827084013,40,0.5131794444444444,0.3460786111111111,,
spatial,across,rest,500,188,0.0055,0.0006032910690206792,0.003815547740286387,40,0.53934,0.3474183333333333,,
spatial,across,rest,500,189,0.0025,0.0004736654667156709,0.0029957234475763905,40,0.48083527777777774,0.3394030555555555,,
spatial,across,rest,500,190,0.004333333333333333,0.0006338054920158089,0.0040085378965872415,40,0.5119291666666668,0.3203327777777777,,
spatial,across,rest,500,191,0.003333333333333334,0.0005202453946507077,0.0032903207786188307,40,0.5071261111111112,0.33368361111111106,,
spatial,across,rest,500,192,0.004916666666666667,0.000584553059355846,0.0036970381615681453,40,0.5355241666666667,0.3382613888888889,,
spatial,across,rest,500,193,0.002916666666666667,0.00039920683469361705,0.002524805710276313,40,0.511541388888889,0.3655933333333333,,
spatial,across,rest,500,194,0.0035000000000000005,0.0004913786640188923,0.0031077515438206536,40,0.5033638888888889,0.3450405555555555,,
spatial,across,rest,500,195,0.005166666666666667,0.0005717718748968656,0.003616202853397895,40,0.5120633333333334,0.3404569444444444,,
spatial,across,rest,500,196,0.00375,0.000494809238329462,0.0031294484008283783,40,0.5175763888888889,0.3448175,,
spatial,across,rest,500,197,0.00275,0.0004904718932443306,0.003102016621894074,40,0.4847641666666666,0.3387461111111111,,
spatial,across,rest,500,198,0.003916666666666667,0.0006414848782339682,0.0040571065995502215,40,0.5129319444444446,0.33319249999999995,,
spatial,across,rest,500,199,0.003916666666666667,0.0006302839318575675,0.00398626559455255,40,0.5291227777777777,0.3384347222222222,,
spatial,across,rest,500,200,0.004,0.0006109168300344762,0.0038637772876778144,40,0.49069222222222225,0.32694583333333327,,
spatial,across,rest,500,201,0.0030833333333333333,0.00046818282400698627,0.0029610481704636735,40,0.5153363888888889,0.331965,,
spatial,across,rest,500,202,0.004,0.0005229763603684908,0.0033075929223788923,40,0.4999958333333333,0.34260027777777774,,
spatial,across,rest,500,203,0.0045,0.0006032910690206792,0.003815547740286387,40,0.48507583333333343,0.33459805555555555,,
spatial,across,rest,500,204,0.004333333333333333,0.0005229763603684908,0.0033075929223788923,40,0.4793136111111111,0.33391777777777776,,
spatial,across,rest,500,205,0.0032500000000000003,0.0006590105247982552,0.004167948520770725,40,0.5337013888888889,0.33649222222222214,,
spatial,across,rest,500,206,0.004333333333333333,0.00048038446141526135,0.003038218101251,40,0.49530472222222227,0.34347805555555555,,
spatial,across,rest,500,207,0.0036666666666666666,0.0004591581544807963,0.0029039711487975277,40,0.5077013888888889,0.33276611111111104,,
spatial,across,rest,500,208,0.002666666666666667,0.0005229763603684908,0.0033075929223788923,40,0.49291916666666663,0.3328008333333334,,
spatial,across,rest,500,209,0.003916666666666667,0.00044477818665896303,0.0028130242468036807,40,0.5009405555555555,0.339245,,
spatial,across,rest,500,210,0.0042499999999999994,0.0006643924886069821,0.004201987048611068,40,0.5188624999999999,0.3402822222222222,,
spatial,across,rest,500,211,0.0025833333333333333,0.00040452391911925445,0.0025584339048691576,40,0.4890766666666666,0.33657777777777775,,
spatial,across,rest,500,212,0.0036666666666666666,0.0005310850045437943,0.003358876491038526,40,0.4914858333333333,0.3383588888888888,,
spatial,across,rest,500,213,0.0026666666666666666,0.00036201399289824567,0.0022895775248209533,40,0.47637750000000006,0.33405555555555555,,
spatial,across,rest,500,214,0.005166666666666667,0.0006079951641733013,0.003845299050311274,40,0.5080697222222221,0.3258177777777777,,
spatial,across,rest,500,215,0.002833333333333333,0.00040562287229631733,0.0025653842950319515,40,0.4895083333333332,0.33899027777777785,,
spatial,across,rest,500,216,0.0035000000000000005,0.0005462902602399647,0.0034550429718488217,40,0.5388038888888889,0.33706499999999995,,
spatial,across,rest,500,217,0.004583333333333333,0.00044156384869985954,0.002792694988563072,40,0.5263194444444446,0.3350352777777778,,
spatial,across,rest,500,218,0.002833333333333333,0.0005540578101426393,0.0035041692709117636,40,0.49950555555555554,0.3384322222222222,,
spatial,across,rest,500,219,0.003916666666666667,0.0006188802957865281,0.003914142667368273,40,0.5120486111111112,0.34226611111111105,,
spatial,across,rest,500,220,0.0034166666666666664,0.0005268773245260372,0.0033322647859959456,40,0.4960611111111112,0.33110166666666674,,
spatial,across,rest,500,221,0.0041666666666666675,0.0005304140187994953,0.0033546328045795494,40,0.5246616666666666,0.3410661111111111,,
spatial,across,rest,500,222,0.004833333333333334,0.000674631903431942,0.004266746794119403,40,0.4923019444444444,0.33377,,
spatial,across,rest,500,223,0.0032500000000000003,0.0005268773245260372,0.0033322647859959456,40,0.4978649999999999,0.3305594444444444,,
spatial,across,rest,500,224,0.004833333333333334,0.0005961653339578756,0.003770480634683623,40,0.5124491666666666,0.32670722222222215,,
spatial,across,rest,500,225,0.0052499999999999995,0.0007442801834342974,0.0047072411939606046,40,0.5295094444444445,0.32131444444444435,,
spatial,across,rest,500,226,0.00275,0.00039381796885438406,0.002490723530162211,40,0.5196908333333334,0.3303791666666666,,
spatial,across,rest,500,227,0.0034166666666666664,0.0005784287095915728,0.0036583043726829078,40,0.48679749999999994,0.3355691666666667,,
spatial,across,rest,500,228,0.0017500000000000003,0.00039562241344126857,0.002502135839774444,40,0.50227,0.3334244444444444,,
spatial,across,rest,500,229,0.002916666666666667,0.0005362566783465032,0.0033915850281024955,40,0.5180602777777777,0.34298388888888887,,
spatial,across,rest,500,230,0.0025,0.000502840931954632,0.003180245291476762,40,0.4824877777777778,0.33386055555555555,,
spatial,across,rest,500,231,0.002916666666666667,0.00044955660333392903,0.002843245607408123,40,0.49725861111111114,0.328055,,
spatial,across,rest,500,232,0.0052499999999999995,0.0006844581111966647,0.004328893188716515,40,0.5439327777777778,0.33315861111111106,,
spatial,across,rest,500,233,0.004083333333333333,0.0006257474163429115,0.003957574151218542,40,0.53629,0.33765583333333327,,
spatial,across,rest,500,234,0.004,0.0004653216269680751,0.002942952371508696,40,0.5236630555555556,0.34163027777777777,,
spatial,across,rest,500,235,0.005583333333333333,0.00048315646631310954,0.003055749799575685,40,0.5353675000000001,0.3388647222222222,,
spatial,across,rest,500,236,0.0045,0.00072156446049904,0.004563574347615127,40,0.5283650000000001,0.33324027777777776,,
spatial,across,rest,500,237,0.004333333333333333,0.0005229763603684908,0.0033075929223788923,40,0.5145941666666667,0.3186555555555556,,
spatial,across,rest,500,238,0.004333333333333333,0.0006449452813645634,0.0040789921105803375,40,0.4966622222222222,0.33866499999999994,,
spatial,across,rest,500,239,0.0035000000000000005,0.00047666337934435156,0.0030146839118420175,40,0.5418011111111112,0.3394397222222222,,
spatial,across,rest,500,240,0.002916666666666667,0.0004948092383294621,0.0031294484008283787,40,0.5003916666666667,0.3330930555555556,,
spatial,across,rest,500,241,0.002916666666666667,0.00041666666666666664,0.0026352313834736496,40,0.5025016666666666,0.33647333333333335,,
spatial,across,rest,500,242,0.0037500000000000007,0.000522806092950542,0.003306516056674825,40,0.5449030555555556,0.3319983333333334,,
spatial,across,rest,500,243,0.0021666666666666666,0.0004228178434916492,0.002674134841588425,40,0.47443277777777776,0.3305166666666667,,
spatial,across,rest,500,244,0.0035833333333333333,0.0005255237517707585,0.0033237040402250844,40,0.5020616666666666,0.34762222222222217,,
spatial,across,rest,500,245,0.003166666666666666,0.00035706144778297963,0.0022582548792629896,40,0.5047975000000001,0.3415583333333333,,
spatial,across,rest,500,246,0.0035833333333333333,0.0004976798018658033,0.00314760343871451,40,0.5150352777777778,0.3342858333333333,,
spatial,across,rest,500,247,0.004666666666666667,0.0005822639771026017,0.0036825607342247002,40,0.47675222222222213,0.3371266666666667,,
spatial,across,rest,500,248,0.00375,0.0005869849078564814,0.0037124185219410922,40,0.5108658333333335,0.3295736111111111,,
spatial,across,rest,500,249,0.00425,0.0007825327787751449,0.0049491718493402505,40,0.5123769444444444,0.3327052777777778,,
spatial,across,rest,500,250,0.0035833333333333333,0.0004200715581423169,0.002656765807971143,40,0.4879188888888889,0.35401,,
spatial,across,rest,500,251,0.0032500000000000003,0.000540226553720501,0.0034166927245201867,40,0.49199083333333327,0.3464152777777778,,
spatial,across,rest,500,252,0.0035000000000000005,0.00047666337934435156,0.0030146839118420175,40,0.48080027777777784,0.3430988888888889,,
spatial,across,rest,500,253,0.0026666666666666666,0.0004653216269680752,0.0029429523715086966,40,0.49105944444444455,0.3364991666666667,,
spatial,across,rest,500,254,0.0042499999999999994,0.000664392488606982,0.004201987048611067,40,0.5308230555555555,0.31911055555555556,,
spatial,across,rest,500,255,0.0024999999999999996,0.0004884710724331468,0.0030893623199876614,40,0.48968194444444446,0.3339252777777777,,
spatial,across,rest,500,256,0.004333333333333333,0.0005091750772173156,0.0032203059435976533,40,0.5419872222222224,0.31405861111111116,,
spatial,across,rest,500,257,0.0032500000000000003,0.0004697016692749325,0.002970654191383831,40,0.5043644444444444,0.33368,,
spatial,across,rest,500,258,0.004,0.0004653216269680751,0.002942952371508696,40,0.4985105555555556,0.3431677777777778,,
spatial,across,rest,500,259,0.003333333333333333,0.0005063696835418333,0.003202563076101743,40,0.5245899999999999,0.33336249999999995,,
spatial,across,rest,500,260,0.0032500000000000003,0.0004217636961434867,0.002667467828369185,40,0.5277497222222223,0.32782222222222224,,
spatial,across,rest,500,261,0.005333333333333334,0.0006515377383555186,0.004120686469516575,40,0.508713611111111,0.3246716666666667,,
spatial,across,rest,500,262,0.0025833333333333333,0.00040452391911925456,0.002558433904869158,40,0.513215,0.3480452777777778,,
spatial,across,rest,500,263,0.003833333333333333,0.0005277215444626347,0.0033376041016874875,40,0.5102297222222221,0.3457275,,
spatial,across,rest,500,264,0.003166666666666667,0.00047666337934435156,0.0030146839118420175,40,0.5015216666666666,0.3341822222222222,,
spatial,across,rest,500,265,0.00475,0.0005954181656808869,0.003765755127582207,40,0.5045311111111112,0.33754333333333336,,
spatial,across,rest,500,266,0.002916666666666667,0.0005493780477196366,0.0034745718545814495,40,0.5023722222222223,0.3322649999999999,,
spatial,across,rest,500,267,0.003,0.00044337478117411754,0.0028041483311779113,40,0.5026550000000001,0.34248944444444446,,
spatial,across,rest,500,268,0.004583333333333333,0.0006165742596507071,0.003899558014256578,40,0.5151922222222222,0.3369411111111111,,
spatial,across,rest,500,269,0.0037500000000000007,0.0006978548735241622,0.004413621753170176,40,0.4837975,0.34803749999999994,,
spatial,across,rest,500,270,0.0032500000000000003,0.000540226553720501,0.0034166927245201863,40,0.5065458333333334,0.3343336111111111,,
spatial,across,rest,500,271,0.003083333333333333,0.0004976798018658033,0.00314760343871451,40,0.5018044444444445,0.34147416666666663,,
spatial,across,rest,500,272,0.0025833333333333333,0.0004846283858428769,0.0030650590360687827,40,0.48386611111111116,0.3433647222222222,,
spatial,across,rest,500,273,0.0032500000000000003,0.0005784287095915728,0.0036583043726829078,40,0.5101422222222223,0.33449555555555555,,
spatial,across,rest,500,274,0.0032500000000000003,0.00045428476077747075,0.0028731491007230646,40,0.48982472222222223,0.3392294444444445,,
spatial,across,rest,500,275,0.0036666666666666666,0.0005310850045437943,0.0033588764910385265,40,0.5177902777777778,0.32837527777777786,,
spatial,across,rest,500,276,0.005333333333333333,0.0007040784727049221,0.004452983250480495,40,0.5337494444444444,0.3475836111111111,,
spatial,across,rest,500,277,0.003083333333333333,0.0005647213971599238,0.003571611716915804,40,0.5149966666666668,0.3342330555555556,,
spatial,across,rest,500,278,0.005333333333333334,0.0005699002761767403,0.003604365823754991,40,0.5372216666666667,0.30655972222222216,,
spatial,across,rest,500,279,0.00275,0.00039381796885438406,0.002490723530162211,40,0.49833333333333335,0.3284880555555555,,
spatial,across,rest,500,280,0.0035833333333333333,0.0005117911677922935,0.0032368515531621127,40,0.5041613888888887,0.34031,,
spatial,across,rest,500,281,0.0041666666666666675,0.000502840931954632,0.003180245291476762,40,0.4958141666666666,0.3206061111111111,,
spatial,across,rest,500,282,0.0034166666666666664,0.0004991088925371763,0.003156641801723386,40,0.5004138888888889,0.334865,,
spatial,across,rest,500,283,0.0037500000000000007,0.0004166666666666666,0.002635231383473649,40,0.4824961111111111,0.33598805555555555,,
spatial,across,rest,500,284,0.004,0.0004949891362588122,0.003130586175234568,40,0.4973216666666668,0.3340930555555556,,
spatial,across,rest,500,285,0.0034166666666666664,0.0005131809630673187,0.0032456413902629527,40,0.5117247222222222,0.3396688888888889,,
spatial,across,rest,500,286,0.0029166666666666664,0.0004166666666666666,0.002635231383473649,40,0.4838547222222223,0.3420994444444444,,
spatial,across,rest,500,287,0.005583333333333333,0.0006998931542388648,0.004426512972308688,40,0.5145966666666666,0.329915,,
spatial,across,rest,500,288,0.004916666666666666,0.0006750276980705259,0.00426925001920662,40,0.5188022222222223,0.3338369444444444,,
spatial,across,rest,500,289,0.003083333333333333,0.00046818282400698627,0.0029610481704636735,40,0.5430644444444443,0.3480913888888889,,
spatial,across,rest,500,290,0.00275,0.0005454747794744822,0.003449885418634857,40,0.49680472222222216,0.3201897222222222,,
spatial,across,rest,500,291,0.003916666666666667,0.0005954181656808869,0.003765755127582207,40,0.5204797222222222,0.3301891666666667,,
spatial,across,rest,500,292,0.005,0.0006856277926728686,0.004336290903919939,40,0.5274722222222221,0.3288813888888888,,
spatial,across,rest,500,293,0.0035000000000000005,0.0004913786640188923,0.003107751543820654,40,0.4952944444444444,0.33279499999999995,,
spatial,across,rest,500,294,0.00475,0.0006188802957865281,0.003914142667368273,40,0.5405841666666666,0.32706138888888886,,
spatial,across,rest,500,295,0.003833333333333333,0.00048554606965249525,0.0030708629780892916,40,0.49857277777777786,0.3457825,,
spatial,across,rest,500,296,0.003166666666666666,0.0004614791034954486,0.0029186501192363773,40,0.5082113888888887,0.3383555555555555,,
spatial,across,rest,500,297,0.0025,0.0004736654667156709,0.0029957234475763905,40,0.4872733333333333,0.33082111111111107,,
spatial,across,rest,500,298,0.00375,0.000574722774741238,0.0036348659827084013,40,0.51589,0.34498166666666663,,
spatial,across,rest,500,299,0.0037500000000000007,0.0004651302547095317,0.0029417420270727605,40,0.517265,0.34383138888888876,,
spatial,across,rest,500,300,0.0015,0.0003365231986770945,0.0021283595866099622,40,0.4842174999999999,0.3266133333333333,,
spatial,across,rest,500,301,0.002666666666666667,0.00048038446141526135,0.003038218101251,40,0.48272916666666654,0.34502888888888894,,
spatial,across,rest,500,302,0.00525,0.0005954181656808869,0.003765755127582207,40,0.5207605555555557,0.3188427777777777,,
spatial,across,rest,500,303,0.00275,0.00044477818665896303,0.0028130242468036807,40,0.48924749999999995,0.3505708333333333,,
spatial,across,rest,500,304,0.0021666666666666666,0.0004706484585228889,0.0029766422123592316,40,0.4946466666666668,0.3345916666666667,,
spatial,across,rest,500,305,0.0025833333333333333,0.00036762694766511974,0.002325076967754596,40,0.5210002777777778,0.338875,,
spatial,across,rest,500,306,0.003833333333333333,0.0005791977947731548,0.003663168494459874,40,0.5247375,0.33559277777777774,,
spatial,across,rest,500,307,0.003166666666666667,0.0005961653339578757,0.0037704806346836235,40,0.529211388888889,0.33667638888888884,,
spatial,across,rest,500,308,0.0020833333333333337,0.00040803015083275897,0.002580609261307136,40,0.4838794444444444,0.3374561111111111,,
spatial,across,rest,500,309,0.004416666666666667,0.0006470126398497606,0.004092067233686935,40,0.4772816666666667,0.34924916666666667,,
spatial,across,rest,500,310,0.0030833333333333333,0.00048315646631310954,0.003055749799575685,40,0.5033727777777777,0.339075,,
spatial,across,rest,500,311,0.0025833333333333333,0.0004217636961434868,0.0026674678283691855,40,0.5102672222222221,0.3382938888888889,,
spatial,across,rest,500,312,0.003833333333333333,0.0005791977947731548,0.003663168494459874,40,0.5054697222222223,0.3334694444444445,,
spatial,across,rest,500,313,0.003333333333333333,0.0005847053462046862,0.0036980013081681948,40,0.5058499999999999,0.3217336111111112,,
spatial,across,rest,500,314,0.004833333333333334,0.0005717718748968656,0.003616202853397895,40,0.5109488888888889,0.34371111111111113,,
spatial,across,rest,500,315,0.00375,0.0005090001931052645,0.0032191998793563385,40,0.5183083333333334,0.3479041666666666,,
spatial,across,rest,500,316,0.0035833333333333333,0.0006792351572617534,0.0042958603276195976,40,0.5026255555555555,0.3376069444444444,,
spatial,across,rest,500,317,0.004583333333333333,0.0006049122278635169,0.0038258008490709675,40,0.5422011111111111,0.33729472222222223,,
spatial,across,rest,500,318,0.0035000000000000005,0.0005462902602399647,0.0034550429718488217,40,0.4863844444444444,0.3316461111111111,,
spatial,across,rest,500,319,0.0030833333333333333,0.0005117911677922935,0.0032368515531621123,40,0.4808294444444444,0.3343383333333333,,
spatial,across,rest,500,320,0.00275,0.0003752966537921413,0.00237358444844567,40,0.4993677777777778,0.3357388888888889,,
spatial,across,rest,500,321,0.0032500000000000003,0.0005131809630673188,0.003245641390262953,40,0.5249502777777779,0.3283897222222222,,
spatial,across,rest,500,322,0.0028333333333333335,0.00048554606965249525,0.0030708629780892916,40,0.5167622222222221,0.35784972222222217,,
spatial,across,rest,500,323,0.0030833333333333333,0.000577196041787598,0.0036505082969650712,40,0.49199000000000004,0.35047888888888884,,
spatial,across,rest,500,324,0.0018333333333333333,0.00035706144778297963,0.0022582548792629896,40,0.4912172222222222,0.33730333333333334,,
spatial,across,rest,500,325,0.0023333333333333335,0.0004653216269680752,0.0029429523715086966,40,0.4811108333333333,0.3363138888888889,,
spatial,across,rest,500,326,0.004583333333333333,0.0006165742596507072,0.0038995580142565786,40,0.5148202777777777,0.33164,,
spatial,across,rest,500,327,0.003833333333333333,0.0005277215444626347,0.0033376041016874875,40,0.4948600000000001,0.3379863888888889,,
spatial,across,rest,500,328,0.0041666666666666675,0.0004425708371198286,0.002799063742532105,40,0.5162980555555556,0.3384869444444444,,
spatial,across,rest,500,329,0.0045,0.0006487990219938459,0.004103365306380464,40,0.5332761111111112,0.32856277777777776,,
spatial,across,rest,500,330,0.002916666666666667,0.0005090001931052645,0.0032191998793563385,40,0.48565388888888883,0.34333388888888894,,
spatial,across,rest,500,331,0.004,0.0004949891362588122,0.003130586175234568,40,0.5038083333333333,0.34194138888888886,,
spatial,across,rest,500,332,0.0020833333333333337,0.00042512776695202844,0.0026887440802993373,40,0.5045744444444444,0.33451416666666667,,
spatial,across,rest,500,333,0.003,0.0003922322702763681,0.0024806946917841693,40,0.4850202777777778,0.3434961111111111,,
spatial,across,rest,500,334,0.005416666666666667,0.0005808861979155425,0.0036738468935369364,40,0.5438055555555555,0.3224338888888888,,
spatial,across,rest,500,335,0.003083333333333333,0.0004200715581423169,0.002656765807971143,40,0.4818158333333333,0.3415774999999999,,
spatial,across,rest,500,336,0.0025,0.00033226323961410537,0.0021014172398537176,40,0.4932722222222223,0.3315408333333334,,
spatial,across,rest,500,337,0.003,0.0005175000172041232,0.003272957487082702,40,0.4937647222222223,0.33420861111111105,,
spatial,across,rest,500,338,0.0037500000000000007,0.0005362566783465032,0.003391585028102495,40,0.5307297222222223,0.3350116666666666,,
spatial,across,rest,500,339,0.00625,0.0005869849078564814,0.0037124185219410922,40,0.5104841666666667,0.31499055555555555,,
spatial,across,rest,500,340,0.00275,0.0004757285610699276,0.0030087716019509612,40,0.513598611111111,0.33114611111111114,,
spatial,across,rest,500,341,0.002416666666666667,0.0004772233913401199,0.0030182257386893066,40,0.49993888888888893,0.3357033333333333,,
spatial,across,rest,500,342,0.002916666666666667,0.0004334237249576047,0.002741212325640795,40,0.4766477777777777,0.3342705555555555,,
spatial,across,rest,500,343,0.0041666666666666675,0.0006056476837313231,0.0038304522803925744,40,0.4808405555555556,0.3346477777777778,,
spatial,across,rest,500,344,0.004,0.00044975460228796133,0.002844497862746269,40,0.5269586111111111,0.3501141666666667,,
spatial,across,rest,500,345,0.00575,0.000584553059355846,0.0036970381615681453,40,0.5165811111111112,0.3261897222222222,,
spatial,across,rest,500,346,0.0026666666666666666,0.00048038446141526135,0.003038218101251,40,0.48523722222222226,0.33584194444444443,,
spatial,across,rest,500,347,0.0041666666666666675,0.0004884710724331468,0.0030893623199876614,40,0.517406388888889,0.32318527777777784,,
spatial,across,rest,500,348,0.005083333333333333,0.0007258701429232809,0.00459080587429904,40,0.4816561111111112,0.33799944444444446,,
spatial,across,rest,500,349,0.0018333333333333333,0.0003949467128397272,0.002497862333940011,40,0.48825777777777785,0.34173027777777776,,
spatial,across,rest,500,350,0.003916666666666667,0.00039381796885438406,0.002490723530162211,40,0.4897755555555555,0.32445305555555554,,
spatial,across,rest,500,351,0.002,0.0003922322702763681,0.0024806946917841693,40,0.4636416666666666,0.33389250000000004,,
spatial,across,rest,500,352,0.006083333333333334,0.0006633195892576047,0.004195201437322778,40,0.54087,0.3197708333333333,,
spatial,across,rest,500,353,0.0032500000000000003,0.0005532537786493135,0.0034990841292529317,40,0.5082858333333332,0.33071472222222215,,
spatial,across,rest,500,354,0.00275,0.0004757285610699276,0.0030087716019509612,40,0.5114002777777777,0.3389794444444444,,
spatial,across,rest,500,355,0.004333333333333333,0.000622466374565235,0.003936823020987291,40,0.5022511111111111,0.34533666666666657,,
spatial,across,rest,500,356,0.0035833333333333333,0.0005519648921491675,0.003490932495281123,40,0.5035638888888889,0.3362083333333333,,
spatial,across,rest,500,357,0.0034166666666666664,0.0005268773245260372,0.0033322647859959456,40,0.5090105555555555,0.3379547222222222,,
spatial,across,rest,500,358,0.005583333333333334,0.0006359090673047066,0.004021842074872368,40,0.4833922222222222,0.3347133333333333,,
spatial,across,rest,500,359,0.0032500000000000003,0.0005268773245260372,0.0033322647859959456,40,0.5120847222222222,0.3345841666666667,,
spatial,across,rest,500,360,0.0025,0.000372677996249965,0.0023570226039551587,40,0.49849944444444444,0.33422277777777787,,
spatial,across,rest,500,361,0.002,0.0004591581544807963,0.0029039711487975277,40,0.47399666666666657,0.3395172222222222,,
spatial,across,rest,500,362,0.004166666666666667,0.0005436764162477949,0.003438511570921614,40,0.5067275,0.33124694444444436,,
spatial,across,rest,500,363,0.002,0.0004591581544807963,0.0029039711487975277,40,0.4930847222222221,0.34070833333333334,,
spatial,across,rest,500,364,0.002833333333333333,0.0004855460696524952,0.003070862978089291,40,0.4974838888888889,0.3305244444444444,,
spatial,across,rest,500,365,0.003166666666666666,0.0004457779141208643,0.002819347078441735,40,0.5051219444444446,0.3249083333333333,,
spatial,across,rest,500,366,0.005166666666666667,0.0005462902602399647,0.0034550429718488217,40,0.5124505555555555,0.3468211111111111,,
spatial,across,rest,500,367,0.002666666666666667,0.0005229763603684908,0.0033075929223788923,40,0.5156277777777778,0.33905638888888884,,
spatial,across,rest,500,368,0.003333333333333333,0.00046225016352102424,0.0029235267310234307,40,0.4952375,0.33564138888888884,,
spatial,across,rest,500,369,0.0020833333333333337,0.0003517862436957438,0.0022248915591872,40,0.47849916666666664,0.33089111111111114,,
spatial,across,rest,500,370,0.003166666666666666,0.0005330928945203023,0.0033715755022721006,40,0.49231194444444437,0.33188944444444446,,
spatial,across,rest,500,371,0.003333333333333333,0.0005723943812052383,0.003620139928982457,40,0.5119697222222224,0.3358697222222222,,
spatial,across,rest,500,372,0.003333333333333333,0.0003958473906635696,0.0025035587206627026,40,0.5022422222222223,0.33926555555555554,,
spatial,across,rest,500,373,0.00575,0.0006314129680188206,0.003993406246213056,40,0.5261075,0.32787416666666663,,
spatial,across,rest,500,374,0.002833333333333333,0.00048554606965249525,0.0030708629780892916,40,0.5126747222222221,0.3295897222222222,,
spatial,across,rest,500,375,0.004,0.0005623515948579822,0.0035566237711589133,40,0.5022369444444446,0.3426147222222222,,
spatial,across,rest,500,376,0.003,0.0005310850045437943,0.003358876491038526,40,0.48574388888888886,0.33772277777777776,,
spatial,across,rest,500,377,0.0025833333333333333,0.00043832593994609724,0.0027722166555277,40,0.5044302777777778,0.33198083333333334,,
spatial,across,rest,500,378,0.003166666666666666,0.0005330928945203023,0.0033715755022721006,40,0.5056469444444444,0.33522027777777774,,
spatial,across,rest,500,379,0.004083333333333333,0.0005659812345252781,0.0035795796280276146,40,0.5011355555555556,0.3369652777777778,,
spatial,across,rest,500,380,0.003333333333333333,0.00047740991602628855,0.0030194054243855885,40,0.5017480555555556,0.33794833333333335,,
spatial,across,rest,500,381,0.004666666666666667,0.0006292943635623921,0.0039800070151264615,40,0.512283888888889,0.33436166666666667,,
spatial,across,rest,500,382,0.004416666666666667,0.0005647213971599238,0.003571611716915804,40,0.49929444444444443,0.3341127777777777,,
spatial,across,rest,500,383,0.003,0.000427008410146899,0.002700638312223111,40,0.5117966666666666,0.32881472222222213,,
spatial,across,rest,500,384,0.0015833333333333335,0.000337315951715971,0.0021333733970597016,40,0.4846930555555556,0.3325541666666666,,
spatial,across,rest,500,385,0.005333333333333333,0.0006178724639975321,0.0039077685794651745,40,0.5291852777777777,0.3263947222222222,,
spatial,across,rest,500,386,0.00275,0.0004757285610699276,0.0030087716019509612,40,0.49522083333333333,0.33812749999999997,,
spatial,across,rest,500,387,0.0015,0.0003949467128397272,0.002497862333940011,40,0.5009183333333332,0.3347144444444444,,
spatial,across,rest,500,388,0.003,0.0005035486605694166,0.0031847213602527527,40,0.49381166666666665,0.33449305555555553,,
spatial,across,rest,500,389,0.0030833333333333333,0.0004976798018658031,0.0031476034387145097,40,0.49787833333333326,0.35246777777777777,,
spatial,across,rest,500,390,0.0014166666666666668,0.00039381796885438406,0.002490723530162211,40,0.4853158333333333,0.34285444444444446,,
spatial,across,rest,500,391,0.00625,0.0006665331062793369,0.004215525503499566,40,0.5202497222222222,0.3275641666666667,,
spatial,across,rest,500,392,0.0028333333333333335,0.0004855460696524952,0.003070862978089291,40,0.47427277777777765,0.3361313888888889,,
spatial,across,rest,500,393,0.004000000000000001,0.0004949891362588122,0.003130586175234568,40,0.5107655555555556,0.3290605555555555,,
spatial,across,rest,500,394,0.0030833333333333333,0.0003656843874505326,0.0023127911382143547,40,0.5025769444444445,0.33639638888888884,,
spatial,across,rest,500,395,0.004,0.0005229763603684908,0.0033075929223788923,40,0.5236591666666668,0.3270247222222222,,
spatial,across,rest,500,396,0.0034166666666666664,0.0005906139063083313,0.0037353703234072324,40,0.4708711111111111,0.3305480555555555,,
spatial,across,rest,500,397,0.002916666666666667,0.00044955660333392903,0.002843245607408123,40,0.5208555555555555,0.3377466666666667,,
spatial,across,rest,500,398,0.0041666666666666675,0.000569275042553311,0.0036004114991154777,40,0.4903213888888889,0.33087611111111104,,
spatial,across,rest,500,399,0.0034166666666666664,0.0004846283858428769,0.0030650590360687827,40,0.4995688888888889,0.33744361111111115,,
spatial,across,rest,500,400,0.0034166666666666664,0.000540226553720501,0.0034166927245201863,40,0.4928388888888889,0.33621027777777773,,
spatial,across,rest,500,401,0.004666666666666667,0.0004891995904702285,0.0030939698726150473,40,0.5088127777777778,0.3411091666666667,,
spatial,across,rest,500,402,0.004666666666666667,0.0006623793767520534,0.004189255011318546,40,0.518706388888889,0.33677777777777773,,
spatial,across,rest,500,403,0.005833333333333334,0.0006172958213483476,0.0039041215711303414,40,0.5247202777777777,0.3557519444444444,,
spatial,across,rest,500,404,0.0020833333333333337,0.00042512776695202844,0.0026887440802993373,40,0.5044905555555556,0.3394933333333333,,
spatial,across,rest,500,405,0.00425,0.0005722388181146617,0.003619156061610303,40,0.5066208333333334,0.33706361111111116,,
spatial,across,rest,500,406,0.003083333333333333,0.0006130989425780422,0.003877578179174798,40,0.5033088888888889,0.3275905555555555,,
spatial,across,rest,500,407,0.004333333333333333,0.0005623515948579822,0.0035566237711589133,40,0.4979775,0.34523166666666666,,
spatial,across,rest,500,408,0.006916666666666668,0.0006998931542388648,0.004426512972308688,40,0.5166988888888888,0.3318402777777778,,
spatial,across,rest,500,409,0.00275,0.0004284654257727467,0.00270985328815138,40,0.47165,0.33219444444444435,,
spatial,across,rest,500,410,0.003,0.00040998922923799857,0.002592999561057951,40,0.49099388888888884,0.33524750000000003,,
spatial,across,rest,500,411,0.003166666666666666,0.0004913786640188923,0.0031077515438206536,40,0.4826119444444445,0.3422947222222222,,
spatial,across,rest,500,412,0.004,0.0005364226763936138,0.0033926348919345135,40,0.5150958333333333,0.3277025,,
spatial,across,rest,500,413,0.0025,0.000502840931954632,0.003180245291476762,40,0.47799305555555555,0.33732666666666666,,
spatial,across,rest,500,414,0.0025833333333333333,0.0004217636961434868,0.0026674678283691855,40,0.5337986111111112,0.3381725,,
spatial,across,rest,500,415,0.004083333333333333,0.0005659812345252781,0.0035795796280276146,40,0.5044802777777777,0.3402572222222222,,
spatial,across,rest,500,416,0.003916666666666667,0.0005047847980156418,0.0031925393799149436,40,0.5068433333333335,0.3319822222222222,,
spatial,across,rest,500,417,0.0045000000000000005,0.0005,0.0031622776601683794,40,0.49139750000000004,0.33607555555555557,,
spatial,across,rest,500,418,0.0035833333333333333,0.0005519648921491676,0.0034909324952811234,40,0.48929277777777785,0.3459847222222222,,
spatial,across,rest,500,419,0.003333333333333333,0.0006085806194501846,0.0038490017945975053,40,0.5099461111111111,0.34692472222222215,,
spatial,across,rest,500,420,0.0017499999999999998,0.00037718971323735725,0.002385557207631624,40,0.48986027777777774,0.33821055555555557,,
spatial,across,rest,500,421,0.0025,0.0005816520337100941,0.003678690464385871,40,0.48286999999999997,0.33782999999999996,,
spatial,across,rest,500,422,0.0042499999999999994,0.0005467789649092552,0.003458133811565056,40,0.5096722222222223,0.3233622222222222,,
spatial,across,rest,500,423,0.003583333333333333,0.0005255237517707583,0.003323704040225084,40,0.5069488888888889,0.3390925,,
spatial,across,rest,500,424,0.003833333333333333,0.000566767210788584,0.0035845505783853645,40,0.5062844444444444,0.3187275,,
spatial,across,rest,500,425,0.004,0.0005364226763936139,0.0033926348919345144,40,0.5160447222222222,0.32965722222222227,,
spatial,across,rest,500,426,0.0019166666666666666,0.00041150650886420594,0.0026025956799903193,40,0.5176719444444444,0.3320483333333333,,
spatial,across,rest,500,427,0.0041666666666666675,0.0005816520337100941,0.003678690464385871,40,0.4909497222222223,0.3329558333333333,,
spatial,across,rest,500,428,0.003166666666666667,0.000674631903431942,0.004266746794119403,40,0.5185583333333333,0.330605,,
spatial,across,rest,500,429,0.004416666666666667,0.0006130989425780422,0.0038775781791747974,40,0.5313819444444444,0.3375794444444444,,
spatial,across,rest,500,430,0.0032500000000000003,0.0004846283858428769,0.0030650590360687827,40,0.5011697222222222,0.3257127777777777,,
spatial,across,rest,500,431,0.002416666666666667,0.00041323372110962616,0.0026135195293864426,40,0.49842055555555553,0.33103722222222215,,
spatial,across,rest,500,432,0.005083333333333334,0.000596613185780614,0.0037733130983118456,40,0.5270125,0.3441411111111111,,
spatial,across,rest,500,433,0.0019166666666666668,0.0003558125406763569,0.0022503560971771923,40,0.4993358333333333,0.3343452777777777,,
spatial,across,rest,500,434,0.004833333333333334,0.0005056659032384978,0.0031981119786399334,40,0.5224027777777777,0.33214083333333333,,
spatial,across,rest,500,435,0.004749999999999999,0.0006302839318575675,0.00398626559455255,40,0.5259347222222222,0.3270038888888888,,
spatial,across,rest,500,436,0.002916666666666667,0.0005228060929505421,0.0033065160566748252,40,0.5045797222222222,0.33994305555555554,,
spatial,across,rest,500,437,0.004083333333333333,0.0006025527367540542,0.003810878117021328,40,0.5021372222222221,0.3325469444444444,,
spatial,across,rest,500,438,0.0013333333333333333,0.00028743883283419207,0.0018179227994728777,40,0.47441611111111115,0.32834722222222223,,
spatial,across,rest,500,439,0.003,0.0005175000172041232,0.003272957487082702,40,0.5113655555555555,0.3365774999999999,,
spatial,across,rest,500,440,0.002416666666666667,0.00041323372110962616,0.0026135195293864426,40,0.5015341666666666,0.33168666666666663,,
spatial,across,rest,500,441,0.004333333333333333,0.00048038446141526135,0.003038218101251,40,0.5085580555555556,0.34091388888888885,,
spatial,across,rest,500,442,0.00275,0.00041150650886420594,0.0026025956799903193,40,0.5187869444444444,0.32161694444444444,,
spatial,across,rest,500,443,0.00425,0.0005596536881967729,0.0035395607112309897,40,0.5101591666666667,0.3464669444444445,,
spatial,across,rest,500,444,0.002416666666666667,0.0005200742331410084,0.0032892382581820247,40,0.48071166666666676,0.33716638888888883,,
spatial,across,rest,500,445,0.004833333333333334,0.00051956041029222,0.003285988557150009,40,0.5095277777777778,0.35332249999999993,,
spatial,across,rest,500,446,0.00375,0.0005493780477196366,0.0034745718545814495,40,0.4968238888888889,0.34365055555555557,,
spatial,across,rest,500,447,0.00275,0.0004284654257727467,0.00270985328815138,40,0.5059777777777777,0.32070111111111105,,
spatial,across,rest,500,448,0.0035833333333333333,0.0005255237517707583,0.003323704040225084,40,0.5089683333333335,0.3336369444444444,,
spatial,across,rest,500,449,0.0036666666666666666,0.0005443310539518173,0.0034426518632954817,40,0.5071066666666667,0.3460641666666667,,
spatial,across,rest,500,450,0.0035000000000000005,0.0005330928945203023,0.0033715755022721006,40,0.5081277777777778,0.3407838888888889,,
spatial,across,rest,500,451,0.0034166666666666664,0.0005131809630673188,0.003245641390262953,40,0.5044622222222221,0.33269194444444444,,
spatial,across,rest,500,452,0.0032500000000000003,0.0004846283858428769,0.0030650590360687827,40,0.5148016666666666,0.34213972222222216,,
spatial,across,rest,500,453,0.00225,0.0004200715581423169,0.002656765807971143,40,0.48850833333333343,0.33098749999999993,,
spatial,across,rest,500,454,0.0037500000000000007,0.0005869849078564814,0.0037124185219410922,40,0.5010155555555555,0.33844,,
spatial,across,rest,500,455,0.003833333333333333,0.0005540578101426394,0.003504169270911764,40,0.5247844444444445,0.34604194444444447,,
spatial,across,rest,500,456,0.005333333333333334,0.0006405126152203485,0.004050957468334666,40,0.5456872222222223,0.3263608333333333,,
spatial,across,rest,500,457,0.0011666666666666665,0.00032794794945213116,0.0020741249485010066,40,0.4768263888888889,0.3346911111111111,,
spatial,across,rest,500,458,0.002416666666666667,0.0004620575191436138,0.0029223083410013467,40,0.5105077777777778,0.33977972222222225,,
spatial,across,rest,500,459,0.0019166666666666666,0.0003351977772264456,0.002119976885322572,40,0.4958827777777778,0.33037944444444445,,
spatial,across,rest,500,460,0.002416666666666667,0.00039562241344126857,0.002502135839774444,40,0.5002380555555556,0.3348383333333333,,
spatial,across,rest,500,461,0.002416666666666667,0.00037718971323735725,0.002385557207631624,40,0.48065583333333334,0.34054388888888887,,
spatial,across,rest,500,462,0.006583333333333334,0.0006590105247982552,0.004167948520770725,40,0.5488258333333335,0.3102747222222223,,
spatial,across,rest,500,463,0.0045,0.0005,0.0031622776601683794,40,0.5088369444444444,0.34651583333333336,,
spatial,across,rest,500,464,0.0025833333333333333,0.0004846283858428769,0.0030650590360687827,40,0.5019416666666666,0.34346944444444444,,
spatial,across,rest,500,465,0.0036666666666666666,0.0005443310539518173,0.0034426518632954817,40,0.49036638888888895,0.3383441666666666,,
spatial,across,rest,500,466,0.0020833333333333337,0.0004574097142864882,0.0028929130420643255,40,0.47420305555555553,0.33527777777777773,,
spatial,across,rest,500,467,0.0021666666666666666,0.00032794794945213116,0.0020741249485010066,40,0.49450833333333327,0.32933388888888887,,
spatial,across,rest,500,468,0.004416666666666667,0.0005894067228156503,0.003727735424625975,40,0.48695861111111105,0.33434916666666664,,
spatial,across,rest,500,469,0.0034166666666666664,0.0005268773245260372,0.0033322647859959456,40,0.5063288888888888,0.33465749999999994,,
spatial,across,rest,500,470,0.004916666666666666,0.0005467789649092551,0.0034581338115650556,40,0.5273188888888889,0.3340041666666666,,
spatial,across,rest,500,471,0.0026666666666666666,0.0003994297930101854,0.0025262158224835783,40,0.49547194444444437,0.3348769444444445,,
spatial,across,rest,500,472,0.002916666666666667,0.00044955660333392903,0.002843245607408123,40,0.5108588888888889,0.3310130555555556,,
spatial,across,rest,500,473,0.00225,0.0004366979828269512,0.002761920550668525,40,0.49012,0.32544527777777776,,
spatial,across,rest,500,474,0.003833333333333333,0.0004706484585228889,0.0029766422123592316,40,0.5129241666666666,0.3387041666666667,,
spatial,across,rest,500,475,0.003,0.0005175000172041232,0.003272957487082702,40,0.4956966666666666,0.33005527777777777,,
spatial,across,rest,500,476,0.004083333333333333,0.0004991088925371763,0.003156641801723386,40,0.5125613888888889,0.3332683333333334,,
spatial,across,rest,500,477,0.005083333333333334,0.0005722388181146617,0.003619156061610303,40,0.5064969444444445,0.3293036111111111,,
spatial,across,rest,500,478,0.002,0.000392232270276368,0.002480694691784169,40,0.4932372222222222,0.34055833333333324,,
spatial,across,rest,500,479,0.0032500000000000003,0.0005532537786493135,0.0034990841292529317,40,0.5027802777777778,0.3358969444444444,,
spatial,across,rest,500,480,0.0038333333333333336,0.0006703955544528912,0.004239953770645144,40,0.4823419444444445,0.3340527777777778,,
spatial,across,rest,500,481,0.005083333333333334,0.0005722388181146617,0.003619156061610303,40,0.5532272222222223,0.31085749999999995,,
spatial,across,rest,500,482,0.0042499999999999994,0.0005596536881967729,0.0035395607112309897,40,0.5020505555555556,0.3344369444444445,,
spatial,across,rest,500,483,0.0030833333333333333,0.0005117911677922933,0.003236851553162112,40,0.49939750000000005,0.3501283333333333,,
spatial,across,rest,500,484,0.004083333333333333,0.0006481125346341155,0.004099023579097137,40,0.5096952777777778,0.3309772222222222,,
spatial,across,rest,500,485,0.004333333333333333,0.0005871365639519862,0.003713377679306778,40,0.5056100000000001,0.3295783333333333,,
spatial,across,rest,500,486,0.0036666666666666666,0.00044337478117411743,0.002804148331177911,40,0.5377733333333332,0.33853555555555553,,
spatial,across,rest,500,487,0.003833333333333333,0.0005540578101426394,0.003504169270911764,40,0.49505333333333323,0.3386327777777778,,
spatial,across,rest,500,488,0.0030833333333333333,0.00045271419510563445,0.002863215971247314,40,0.510174722222222,0.33964694444444443,,
spatial,across,rest,500,489,0.0026666666666666666,0.0004336290903919939,0.0027425111706914744,40,0.4985316666666667,0.3347736111111111,,
spatial,across,rest,500,490,0.0026666666666666666,0.0004949891362588122,0.003130586175234568,40,0.49569416666666666,0.3231297222222223,,
spatial,across,rest,500,491,0.004833333333333334,0.0006639903545106592,0.00419944372927268,40,0.5002552777777779,0.3202908333333334,,
spatial,across,rest,500,492,0.0036666666666666666,0.000557262335477027,0.003524436468664519,40,0.5016330555555555,0.3384822222222222,,
spatial,across,rest,500,493,0.0026666666666666666,0.00044975460228796133,0.002844497862746269,40,0.49405722222222226,0.33019333333333334,,
spatial,across,rest,500,494,0.0035000000000000005,0.0005330928945203023,0.0033715755022721006,40,0.4894886111111111,0.33162611111111107,,
spatial,across,rest,500,495,0.0035833333333333333,0.0005771960417875981,0.0036505082969650717,40,0.5099436111111111,0.33468888888888887,,
spatial,across,rest,500,496,0.0030833333333333333,0.0004976798018658031,0.0031476034387145097,40,0.5079,0.31873499999999994,,
spatial,across,rest,500,497,0.00475,0.0006188802957865281,0.003914142667368273,40,0.5290258333333334,0.3301627777777778,,
spatial,across,rest,500,498,0.0021666666666666666,0.00040562287229631733,0.0025653842950319515,40,0.4888294444444445,0.3259133333333334,,
spatial,across,rest,500,499,0.00425,0.0004919219241781967,0.0031111874227515096,40,0.48854499999999995,0.33650388888888894,,
spatial,across,rest,700,0,0.0036666666666666666,0.0005310850045437943,0.003358876491038526,40,0.5010297222222222,0.32833999999999997,,
spatial,across,rest,700,1,0.003833333333333333,0.0005410499447694665,0.003421900306759639,40,0.5164222222222221,0.33908083333333333,,
spatial,across,rest,700,2,0.005333333333333333,0.0005699002761767401,0.0036043658237549904,40,0.5046172222222223,0.34209249999999997,,
spatial,across,rest,700,3,0.004166666666666667,0.0005168113941217019,0.0032686022523030676,40,0.5218274999999999,0.31756166666666663,,
spatial,across,rest,700,4,0.004583333333333333,0.0004875588940976005,0.0030835931976424856,40,0.5037344444444445,0.3391449999999999,,
spatial,across,rest,700,5,0.0025833333333333333,0.0004697016692749325,0.002970654191383831,40,0.5083913888888889,0.3223513888888889,,
spatial,across,rest,700,6,0.004083333333333333,0.0004846283858428769,0.0030650590360687827,40,0.5235277777777778,0.3447213888888888,,
spatial,across,rest,700,7,0.004416666666666667,0.0006896415105730028,0.004361675884819564,40,0.5240986111111112,0.34166777777777774,,
spatial,across,rest,700,8,0.0042499999999999994,0.0005722388181146617,0.003619156061610303,40,0.5641222222222224,0.3348444444444444,,
spatial,across,rest,700,9,0.0037500000000000007,0.0004166666666666666,0.002635231383473649,40,0.5330072222222222,0.33868166666666666,,
spatial,across,rest,700,10,0.0035000000000000005,0.0005591762357951763,0.0035365410371042644,40,0.5145872222222222,0.3323027777777777,,
spatial,across,rest,700,11,0.0041666666666666675,0.0005304140187994953,0.0033546328045795494,40,0.5492838888888889,0.3322075,,
spatial,across,rest,700,12,0.003916666666666667,0.0005454747794744822,0.003449885418634857,40,0.5037169444444445,0.3491336111111111,,
spatial,across,rest,700,13,0.003,0.0005310850045437943,0.0033588764910385265,40,0.4883780555555555,0.33294194444444447,,
spatial,across,rest,700,14,0.004416666666666667,0.0004976798018658033,0.00314760343871451,40,0.5109013888888889,0.3395016666666666,,
spatial,across,rest,700,15,0.005416666666666667,0.0006503067433133847,0.004112900973273538,40,0.49735416666666665,0.337003888888889,,
spatial,across,rest,700,16,0.003,0.00044337478117411754,0.0028041483311779113,40,0.5131694444444446,0.3448163888888889,,
spatial,across,rest,700,17,0.003833333333333333,0.0005277215444626347,0.0033376041016874875,40,0.5135130555555556,0.3397741666666666,,
spatial,across,rest,700,18,0.0032500000000000003,0.0004991088925371763,0.003156641801723386,40,0.5126072222222222,0.3415886111111111,,
spatial,across,rest,700,19,0.00375,0.0005362566783465032,0.0033915850281024955,40,0.5093155555555556,0.34308749999999993,,
spatial,across,rest,700,20,0.0025833333333333333,0.00045428476077747075,0.0028731491007230646,40,0.5186900000000001,0.3417094444444445,,
spatial,across,rest,700,21,0.005583333333333333,0.0006579288490181673,0.00416110740246089,40,0.5408869444444444,0.3404813888888888,,
spatial,across,rest,700,22,0.003916666666666667,0.0005954181656808868,0.0037657551275822065,40,0.5405791666666667,0.34912333333333334,,
spatial,across,rest,700,23,0.003583333333333333,0.0004200715581423169,0.002656765807971143,40,0.5130141666666667,0.36168083333333334,,
spatial,across,rest,700,24,0.0026666666666666666,0.0005091750772173156,0.0032203059435976533,40,0.523506111111111,0.33982722222222217,,
spatial,across,rest,700,25,0.0032500000000000003,0.0004991088925371763,0.003156641801723386,40,0.5154088888888889,0.34052722222222226,,
spatial,across,rest,700,26,0.00275,0.00039381796885438406,0.002490723530162211,40,0.5096530555555556,0.33068861111111103,,
spatial,across,rest,700,27,0.0028333333333333335,0.00048554606965249525,0.0030708629780892916,40,0.4963894444444444,0.3302397222222222,,
spatial,across,rest,700,28,0.0035000000000000005,0.0006309898162000304,0.003990729999126216,40,0.5149055555555556,0.3367075,,
spatial,across,rest,700,29,0.0034166666666666664,0.00045428476077747075,0.0028731491007230646,40,0.4969877777777777,0.33495083333333336,,
spatial,across,rest,700,30,0.002916666666666667,0.0005362566783465032,0.0033915850281024955,40,0.4869938888888889,0.34441555555555553,,
spatial,across,rest,700,31,0.0030833333333333333,0.0006013695196343918,0.0038033947948920535,40,0.5059702777777778,0.32562499999999994,,
spatial,across,rest,700,32,0.0025,0.0004583818933094545,0.002899061642076347,40,0.48224,0.3393488888888889,,
spatial,across,rest,700,33,0.002666666666666667,0.00048038446141526135,0.003038218101251,40,0.5231394444444446,0.3455663888888888,,
spatial,across,rest,700,34,0.004083333333333333,0.0007307598589892385,0.0046217311540589275,40,0.533636388888889,0.34182499999999993,,
spatial,across,rest,700,35,0.004,0.00044975460228796133,0.002844497862746269,40,0.5251794444444445,0.31867277777777775,,
spatial,across,rest,700,36,0.0034166666666666664,0.0004697016692749325,0.002970654191383831,40,0.5124311111111112,0.33324472222222223,,
spatial,across,rest,700,37,0.0026666666666666666,0.0004168802871199042,0.0026365824378477057,40,0.4865208333333334,0.34099361111111115,,
spatial,across,rest,700,38,0.006166666666666667,0.0006149838438569978,0.0038894993415869257,40,0.4978533333333333,0.3220627777777777,,
spatial,across,rest,700,39,0.003833333333333333,0.000470648458522889,0.002976642212359232,40,0.506225,0.33657861111111115,,
spatial,across,rest,700,40,0.006416666666666668,0.0007297845367541505,0.0046155626746279595,40,0.5742263888888889,0.32942583333333325,,
spatial,across,rest,700,41,0.0026666666666666666,0.00044975460228796133,0.002844497862746269,40,0.4933563888888889,0.3560419444444445,,
spatial,across,rest,700,42,0.0030833333333333333,0.0005117911677922935,0.0032368515531621123,40,0.5389466666666667,0.34790361111111107,,
spatial,across,rest,700,43,0.004083333333333333,0.0005131809630673188,0.003245641390262953,40,0.516671388888889,0.3585275,,
spatial,across,rest,700,44,0.004583333333333333,0.0006049122278635169,0.0038258008490709675,40,0.5171147222222222,0.3524136111111111,,
spatial,across,rest,700,45,0.0045,0.0005791977947731548,0.003663168494459874,40,0.5183016666666667,0.32548861111111116,,
spatial,across,rest,700,46,0.00375,0.00048019909213905024,0.003037045723008912,40,0.48939916666666666,0.3302116666666667,,
spatial,across,rest,700,47,0.003833333333333333,0.000514047677015483,0.0032511229705750244,40,0.5271491666666667,0.3265969444444444,,
spatial,across,rest,700,48,0.00425,0.0005200742331410084,0.0032892382581820247,40,0.5209041666666667,0.3600791666666667,,
spatial,across,rest,700,49,0.0028333333333333335,0.0004056228722963173,0.002565384295031951,40,0.4874675,0.33817972222222215,,
spatial,across,rest,700,50,0.0034166666666666664,0.000540226553720501,0.0034166927245201863,40,0.48664027777777774,0.35170916666666663,,
spatial,across,rest,700,51,0.0020833333333333337,0.0005019548679499876,0.003174641330662029,40,0.5091669444444445,0.3536711111111111,,
spatial,across,rest,700,52,0.004416666666666667,0.0004681828240069863,0.002961048170463674,40,0.5141880555555556,0.3561758333333333,,
spatial,across,rest,700,53,0.006166666666666667,0.0005277215444626347,0.0033376041016874875,40,0.5341352777777779,0.35290027777777777,,
spatial,across,rest,700,54,0.0034166666666666664,0.0005268773245260372,0.003332264785995945,40,0.5230902777777777,0.34361333333333344,,
spatial,across,rest,700,55,0.0034166666666666664,0.0004846283858428769,0.0030650590360687827,40,0.5140955555555556,0.33579083333333337,,
spatial,across,rest,700,56,0.0037500000000000007,0.000399206834693617,0.0025248057102763123,40,0.49365944444444443,0.31322777777777777,,
spatial,across,rest,700,57,0.005833333333333334,0.0006509909168253992,0.004117228066498983,40,0.5090791666666666,0.3627436111111111,,
spatial,across,rest,700,58,0.00475,0.0005454747794744822,0.003449885418634857,40,0.5365347222222222,0.3208052777777778,,
spatial,across,rest,700,59,0.004583333333333333,0.0005808861979155425,0.0036738468935369364,40,0.5264208333333332,0.36468222222222224,,
spatial,across,rest,700,60,0.00525,0.0006072625513464554,0.0038406655999594984,40,0.5093275,0.33624055555555554,,
spatial,across,rest,700,61,0.002416666666666667,0.0004463766758603509,0.002823133980186819,40,0.48098027777777774,0.34496722222222226,,
spatial,across,rest,700,62,0.0028333333333333335,0.0004056228722963173,0.002565384295031951,40,0.4953491666666666,0.36394027777777777,,
spatial,across,rest,700,63,0.0036666666666666666,0.0005175000172041232,0.003272957487082702,40,0.5018877777777778,0.35144749999999997,,
spatial,across,rest,700,64,0.0035833333333333333,0.0005519648921491675,0.003490932495281123,40,0.5457544444444444,0.3393138888888889,,
spatial,across,rest,700,65,0.002916666666666667,0.0004334237249576047,0.002741212325640795,40,0.5021913888888888,0.3183377777777777,,
spatial,across,rest,700,66,0.0034166666666666664,0.00043832593994609713,0.0027722166555276995,40,0.5232375,0.32968472222222217,,
spatial,across,rest,700,67,0.00425,0.000584553059355846,0.0036970381615681453,40,0.4941069444444445,0.34162666666666663,,
spatial,across,rest,700,68,0.0025833333333333333,0.00043832593994609724,0.0027722166555277,40,0.4920608333333333,0.32863444444444445,,
spatial,across,rest,700,69,0.00475,0.0005954181656808868,0.0037657551275822065,40,0.5129713888888889,0.32934888888888886,,
spatial,across,rest,700,70,0.0045,0.0006487990219938459,0.004103365306380464,40,0.5093588888888888,0.33707555555555546,,
spatial,across,rest,700,71,0.003,0.0005443310539518173,0.0034426518632954817,40,0.5000461111111111,0.33332277777777775,,
spatial,across,rest,700,72,0.0036666666666666666,0.000683546975149819,0.004323130658383886,40,0.5210386111111112,0.34238638888888884,,
spatial,across,rest,700,73,0.0025833333333333333,0.00045428476077747075,0.0028731491007230646,40,0.5074772222222222,0.3387880555555555,,
spatial,across,rest,700,74,0.006,0.0004949891362588122,0.003130586175234568,40,0.5037963888888888,0.3784252777777778,,
spatial,across,rest,700,75,0.004333333333333333,0.0006558958989042623,0.004148249897002013,40,0.5149083333333333,0.32975444444444446,,
spatial,across,rest,700,76,0.003833333333333333,0.0005,0.00316227766016838,40,0.519833611111111,0.3294033333333332,,
spatial,across,rest,700,77,0.0036666666666666666,0.0005175000172041232,0.0032729574870827014,40,0.49495500000000003,0.3571380555555555,,
spatial,across,rest,700,78,0.0041666666666666675,0.0004091196858853377,0.0025875000860206164,40,0.5211744444444444,0.3698602777777778,,
spatial,across,rest,700,79,0.004583333333333333,0.0005295740910852021,0.0033493206352854183,40,0.5183022222222222,0.3316891666666667,,
spatial,across,rest,700,80,0.003166666666666666,0.0005462902602399647,0.0034550429718488217,40,0.5002883333333333,0.3450433333333333,,
spatial,across,rest,700,81,0.007583333333333333,0.0005596536881967729,0.0035395607112309897,40,0.5046569444444444,0.3765438888888889,,
spatial,across,rest,700,82,0.00475,0.0004904718932443306,0.0031020166218940744,40,0.5382752777777777,0.3569766666666666,,
spatial,across,rest,700,83,0.004916666666666667,0.0006535842445105027,0.004133629710907181,40,0.5271711111111113,0.35729833333333333,,
spatial,across,rest,700,84,0.004083333333333333,0.0005784287095915728,0.0036583043726829078,40,0.49778833333333344,0.3188405555555555,,
spatial,across,rest,700,85,0.0035000000000000005,0.0005330928945203023,0.0033715755022721006,40,0.5158969444444444,0.32669000000000004,,
spatial,across,rest,700,86,0.004833333333333334,0.0006421784505829843,0.00406149313624023,40,0.5275725,0.31560666666666665,,
spatial,across,rest,700,87,0.00475,0.000652493573338361,0.004126731700742675,40,0.5396950000000001,0.3429119444444445,,
spatial,across,rest,700,88,0.004916666666666666,0.0006200300976060129,0.003921414652583029,40,0.4901255555555554,0.3290524999999999,,
spatial,across,rest,700,89,0.005,0.0004465760847047224,0.0028243951524544115,40,0.4979944444444445,0.3525141666666667,,
spatial,across,rest,700,90,0.0045,0.000514047677015483,0.003251122970575025,40,0.5382030555555556,0.33778833333333336,,
spatial,across,rest,700,91,0.004583333333333333,0.0006280197703168522,0.003971945779634117,40,0.538335,0.3439044444444444,,
spatial,across,rest,700,92,0.004416666666666668,0.00048315646631310954,0.003055749799575685,40,0.49514444444444444,0.35751111111111117,,
spatial,across,rest,700,93,0.00475,0.0006302839318575675,0.00398626559455255,40,0.5248191666666667,0.33909416666666664,,
spatial,across,rest,700,94,0.003916666666666667,0.0005047847980156418,0.0031925393799149436,40,0.5059983333333333,0.3325855555555555,,
spatial,across,rest,700,95,0.005916666666666666,0.000540226553720501,0.0034166927245201863,40,0.49819555555555556,0.36013833333333334,,
spatial,across,rest,700,96,0.004583333333333333,0.0006392603899459486,0.0040430377003132,40,0.5317775000000001,0.3386433333333333,,
spatial,across,rest,700,97,0.004,0.0004336290903919939,0.0027425111706914744,40,0.5228211111111111,0.3777302777777778,,
spatial,across,rest,700,98,0.002916666666666667,0.0004801990921390503,0.0030370457230089122,40,0.5132152777777778,0.3334838888888888,,
spatial,across,rest,700,99,0.0032500000000000003,0.000565981234525278,0.003579579628027614,40,0.4982583333333334,0.3461972222222222,,
spatial,across,rest,700,100,0.00575,0.0005335936864527374,0.0033747427885527648,40,0.5351616666666666,0.3555066666666667,,
spatial,across,rest,700,101,0.004583333333333333,0.0005558225853982063,0.0035153306896435585,40,0.5110155555555556,0.3537105555555556,,
spatial,across,rest,700,102,0.00275,0.000411506508864206,0.0026025956799903198,40,0.4965275,0.3393669444444444,,
spatial,across,rest,700,103,0.003333333333333333,0.0004921028776234113,0.0031123318728261753,40,0.5417575,0.33750083333333336,,
spatial,across,rest,700,104,0.007000000000000001,0.0007337993857053428,0.004640954808922571,40,0.5412925,0.3209949999999999,,
spatial,across,rest,700,105,0.0026666666666666666,0.0004653216269680751,0.002942952371508696,40,0.5010686111111111,0.3100841666666666,,
spatial,across,rest,700,106,0.004583333333333333,0.0005558225853982065,0.003515330689643559,40,0.5575875000000001,0.35319500000000004,,
spatial,across,rest,700,107,0.0034166666666666664,0.000565981234525278,0.003579579628027614,40,0.49514000000000014,0.33719611111111114,,
spatial,across,rest,700,108,0.0030833333333333333,0.0005255237517707583,0.003323704040225084,40,0.5090305555555557,0.33078555555555555,,
spatial,across,rest,700,109,0.0034166666666666664,0.0006590105247982552,0.004167948520770725,40,0.5458708333333333,0.35054805555555546,,
spatial,across,rest,700,110,0.005666666666666667,0.00036201399289824567,0.0022895775248209533,40,0.5107061111111111,0.38639083333333335,,
spatial,across,rest,700,111,0.0042499999999999994,0.0004919219241781967,0.0031111874227515096,40,0.4951113888888889,0.33260638888888894,,
spatial,across,rest,700,112,0.002833333333333333,0.0005791977947731547,0.0036631684944598737,40,0.5016925,0.354696111111111,,
spatial,across,rest,700,113,0.0023333333333333335,0.00044975460228796133,0.002844497862746269,40,0.47437527777777777,0.34613861111111116,,
spatial,across,rest,700,114,0.003166666666666666,0.00047666337934435156,0.0030146839118420175,40,0.4754458333333334,0.33523361111111105,,
spatial,across,rest,700,115,0.005166666666666667,0.0006309898162000304,0.003990729999126216,40,0.4932955555555556,0.35606277777777773,,
spatial,across,rest,700,116,0.002916666666666667,0.000399206834693617,0.0025248057102763123,40,0.5126252777777778,0.3630788888888889,,
spatial,across,rest,700,117,0.004416666666666668,0.00048315646631310954,0.003055749799575685,40,0.5133494444444444,0.3420977777777778,,
spatial,across,rest,700,118,0.002333333333333333,0.00038118124993124375,0.0024108019022652635,40,0.5050113888888889,0.33302694444444453,,
spatial,across,rest,700,119,0.005166666666666667,0.0006851081807811226,0.004333004589765487,40,0.5106663888888889,0.3116738888888889,,
spatial,across,rest,700,120,0.0036666666666666666,0.0005035486605694166,0.0031847213602527527,40,0.5228116666666667,0.3472747222222222,,
spatial,across,rest,700,121,0.0035000000000000005,0.0005330928945203023,0.0033715755022721006,40,0.4768852777777778,0.32666166666666663,,
spatial,across,rest,700,122,0.00225,0.00046818282400698627,0.0029610481704636735,40,0.5117591666666668,0.3483938888888889,,
spatial,across,rest,700,123,0.002416666666666667,0.00039562241344126857,0.002502135839774444,40,0.47662611111111114,0.33087750000000005,,
spatial,across,rest,700,124,0.0028333333333333335,0.00043934034986550346,0.002778632347180483,40,0.5174505555555555,0.33495694444444446,,
spatial,across,rest,700,125,0.00425,0.00046205751914361377,0.0029223083410013463,40,0.5249636111111111,0.36045888888888894,,
spatial,across,rest,700,126,0.004416666666666667,0.0005255237517707585,0.0033237040402250844,40,0.5482322222222222,0.3370902777777777,,
spatial,across,rest,700,127,0.00275,0.0004284654257727467,0.00270985328815138,40,0.4846216666666666,0.3339838888888888,,
spatial,across,rest,700,128,0.006666666666666666,0.0006959385636178557,0.004401501945156832,40,0.5212355555555555,0.3420575,,
spatial,across,rest,700,129,0.0030833333333333333,0.0004976798018658033,0.00314760343871451,40,0.5167505555555556,0.33185305555555555,,
spatial,across,rest,700,130,0.0025,0.000426173593297299,0.0026953584668754664,40,0.5150736111111112,0.3496619444444445,,
spatial,across,rest,700,131,0.0051666666666666675,0.00047666337934435156,0.0030146839118420175,40,0.5028213888888888,0.3605105555555556,,
spatial,across,rest,700,132,0.003583333333333333,0.00048315646631310954,0.003055749799575685,40,0.5152538888888889,0.3428083333333333,,
spatial,across,rest,700,133,0.0035000000000000005,0.0003764809314399492,0.0023810744779438693,40,0.48708138888888897,0.3568797222222222,,
spatial,across,rest,700,134,0.0036666666666666666,0.0005443310539518173,0.0034426518632954817,40,0.4960758333333334,0.32907722222222224,,
spatial,across,rest,700,135,0.002416666666666667,0.00037718971323735725,0.002385557207631624,40,0.4860322222222222,0.33288999999999996,,
spatial,across,rest,700,136,0.004416666666666667,0.0006130989425780422,0.0038775781791747974,40,0.4834938888888889,0.3533497222222223,,
spatial,across,rest,700,137,0.002833333333333333,0.0004056228722963173,0.002565384295031951,40,0.5485552777777778,0.3411847222222223,,
spatial,across,rest,700,138,0.005583333333333333,0.0007297845367541505,0.0046155626746279595,40,0.5441397222222223,0.32446972222222226,,
spatial,across,rest,700,139,0.0030833333333333333,0.0004976798018658033,0.00314760343871451,40,0.5109302777777778,0.3269897222222222,,
spatial,across,rest,700,140,0.0045,0.0005540578101426393,0.0035041692709117636,40,0.5249561111111111,0.351971111111111,,
spatial,across,rest,700,141,0.0025833333333333333,0.0005131809630673188,0.003245641390262953,40,0.5116747222222222,0.3468761111111111,,
spatial,across,rest,700,142,0.0036666666666666666,0.0005310850045437943,0.0033588764910385265,40,0.5185661111111112,0.3125063888888889,,
spatial,across,rest,700,143,0.0045,0.0005791977947731547,0.0036631684944598737,40,0.5167916666666666,0.33001027777777775,,
spatial,across,rest,700,144,0.003,0.0005822639771026016,0.0036825607342247,40,0.4865722222222223,0.34885472222222225,,
spatial,across,rest,700,145,0.005083333333333334,0.0006084343084444759,0.003848076442547927,40,0.5425941666666667,0.332685,,
spatial,across,rest,700,146,0.003,0.0005310850045437943,0.0033588764910385265,40,0.5035677777777778,0.3334941666666666,,
spatial,across,rest,700,147,0.005916666666666667,0.0006481125346341155,0.004099023579097137,40,0.5520227777777779,0.31516,,
spatial,across,rest,700,148,0.0021666666666666666,0.0004228178434916492,0.002674134841588425,40,0.5055305555555556,0.3221402777777779,,
spatial,across,rest,700,149,0.005,0.0006085806194501846,0.0038490017945975053,40,0.5216608333333335,0.33502444444444446,,
spatial,across,rest,700,150,0.00225,0.0004366979828269512,0.002761920550668525,40,0.5094049999999999,0.3350886111111111,,
spatial,across,rest,700,151,0.004416666666666667,0.0004200715581423169,0.002656765807971143,40,0.495463888888889,0.3153758333333333,,
spatial,across,rest,700,152,0.003916666666666667,0.0004757285610699276,0.0030087716019509612,40,0.4993844444444443,0.3370897222222222,,
spatial,across,rest,700,153,0.002416666666666667,0.0004301245430187895,0.002720346466956902,40,0.5152016666666667,0.32974277777777783,,
spatial,across,rest,700,154,0.005083333333333333,0.0005722388181146617,0.003619156061610303,40,0.5104677777777777,0.3415055555555555,,
spatial,across,rest,700,155,0.006,0.0006224663745652349,0.00393682302098729,40,0.5467258333333334,0.3411988888888889,,
spatial,across,rest,700,156,0.0032500000000000003,0.00046970166927493256,0.0029706541913838316,40,0.5074905555555554,0.33217027777777774,,
spatial,across,rest,700,157,0.0036666666666666666,0.0005175000172041232,0.003272957487082702,40,0.5134525,0.33689749999999996,,
spatial,across,rest,700,158,0.0028333333333333335,0.0004056228722963173,0.002565384295031951,40,0.5205991666666667,0.35205305555555544,,
spatial,across,rest,700,159,0.0036666666666666666,0.0005443310539518173,0.0034426518632954817,40,0.5036236111111112,0.33021194444444435,,
spatial,across,rest,700,160,0.003916666666666667,0.0005187029077928005,0.0032805652351551038,40,0.5135013888888891,0.32622972222222224,,
spatial,across,rest,700,161,0.003916666666666667,0.0004904718932443306,0.0031020166218940744,40,0.510383888888889,0.32411055555555557,,
spatial,across,rest,700,162,0.006083333333333334,0.000900201781748541,0.005693375968134365,40,0.5487466666666667,0.3166275,,
spatial,across,rest,700,163,0.0037500000000000007,0.0005621932528599516,0.003555622328432836,40,0.5164355555555555,0.3207038888888889,,
spatial,across,rest,700,164,0.0036666666666666666,0.0004891995904702285,0.0030939698726150473,40,0.5290344444444444,0.3304713888888889,,
spatial,across,rest,700,165,0.0032500000000000003,0.0005131809630673188,0.003245641390262953,40,0.5073366666666667,0.3449605555555556,,
spatial,across,rest,700,166,0.0032500000000000003,0.0005268773245260372,0.0033322647859959456,40,0.5452369444444445,0.32360194444444446,,
spatial,across,rest,700,167,0.003,0.0004591581544807963,0.0029039711487975277,40,0.5250480555555554,0.3307205555555556,,
spatial,across,rest,700,168,0.0035000000000000005,0.0006079951641733013,0.003845299050311274,40,0.4989938888888889,0.32885555555555546,,
spatial,across,rest,700,169,0.003,0.00044337478117411754,0.0028041483311779113,40,0.5029224999999999,0.3327969444444444,,
spatial,across,rest,700,170,0.005666666666666667,0.000622466374565235,0.003936823020987291,40,0.5123375,0.3350808333333334,,
spatial,across,rest,700,171,0.002916666666666667,0.0004948092383294621,0.0031294484008283787,40,0.4803883333333333,0.3503633333333333,,
spatial,across,rest,700,172,0.00575,0.000596613185780614,0.0037733130983118456,40,0.5231425,0.3127291666666666,,
spatial,across,rest,700,173,0.0042499999999999994,0.0005467789649092551,0.0034581338115650556,40,0.5335441666666668,0.3162566666666667,,
spatial,across,rest,700,174,0.004583333333333333,0.0006049122278635169,0.0038258008490709675,40,0.5186238888888889,0.3481774999999999,,
spatial,across,rest,700,175,0.003916666666666667,0.0005187029077928006,0.003280565235155104,40,0.5223072222222221,0.34322861111111114,,
spatial,across,rest,700,176,0.0028333333333333335,0.00043934034986550346,0.002778632347180483,40,0.5141311111111111,0.3493088888888889,,
spatial,across,rest,700,177,0.00425,0.0005200742331410084,0.0032892382581820243,40,0.5421155555555556,0.31867305555555553,,
spatial,across,rest,700,178,0.005083333333333334,0.0006314129680188206,0.003993406246213056,40,0.49669694444444445,0.33645611111111107,,
spatial,across,rest,700,179,0.0026666666666666666,0.0004653216269680751,0.002942952371508696,40,0.5067258333333333,0.34588111111111114,,
spatial,across,rest,700,180,0.0030833333333333333,0.00045271419510563445,0.002863215971247314,40,0.5176808333333334,0.33942583333333337,,
spatial,across,rest,700,181,0.005583333333333333,0.0005255237517707583,0.003323704040225084,40,0.5058863888888888,0.3274611111111111,,
spatial,across,rest,700,182,0.004166666666666667,0.00044257083711982863,0.0027990637425321053,40,0.5423722222222223,0.3520224999999999,,
spatial,across,rest,700,183,0.00425,0.0005467789649092551,0.0034581338115650556,40,0.5247172222222222,0.31619333333333327,,
spatial,across,rest,700,184,0.0034166666666666664,0.0006025527367540542,0.0038108781170213277,40,0.4909055555555556,0.33277361111111115,,
spatial,across,rest,700,185,0.0038333333333333336,0.000514047677015483,0.0032511229705750244,40,0.5290813888888887,0.3494772222222222,,
spatial,across,rest,700,186,0.003583333333333333,0.0004681828240069863,0.002961048170463674,40,0.50858,0.33577666666666667,,
spatial,across,rest,700,187,0.0025833333333333333,0.0004217636961434868,0.0026674678283691855,40,0.5030330555555557,0.3428541666666666,,
spatial,across,rest,700,188,0.0025833333333333333,0.00040452391911925456,0.002558433904869158,40,0.49208166666666664,0.329755,,
spatial,across,rest,700,189,0.003333333333333333,0.00047740991602628855,0.0030194054243855885,40,0.537833611111111,0.3449494444444444,,
spatial,across,rest,700,190,0.0035000000000000005,0.00051956041029222,0.003285988557150009,40,0.5088388888888888,0.3577238888888889,,
spatial,across,rest,700,191,0.005166666666666667,0.0005840959605818989,0.0036941472150854586,40,0.5208705555555555,0.3603988888888888,,
spatial,across,rest,700,192,0.003833333333333333,0.000514047677015483,0.0032511229705750244,40,0.5456022222222222,0.3473277777777778,,
spatial,across,rest,700,193,0.004916666666666667,0.0006314129680188206,0.003993406246213056,40,0.5106430555555556,0.36822194444444445,,
spatial,across,rest,700,194,0.004333333333333333,0.0004949891362588122,0.003130586175234568,40,0.4999113888888889,0.35864638888888883,,
spatial,across,rest,700,195,0.004333333333333333,0.0005748776656683841,0.003635845598945756,40,0.49100777777777777,0.34439111111111104,,
spatial,across,rest,700,196,0.003166666666666667,0.0004295031251026405,0.0027164162749691695,40,0.5419649999999999,0.3502447222222222,,
spatial,across,rest,700,197,0.004833333333333334,0.0004913786640188923,0.003107751543820654,40,0.5422022222222223,0.33035,,
spatial,across,rest,700,198,0.003333333333333333,0.00046225016352102424,0.0029235267310234307,40,0.50234,0.3308952777777778,,
spatial,across,rest,700,199,0.0019166666666666666,0.00039381796885438406,0.002490723530162211,40,0.4720219444444445,0.3367333333333333,,
spatial,across,rest,700,200,0.004583333333333333,0.0005295740910852021,0.0033493206352854183,40,0.5117922222222222,0.35932222222222227,,
spatial,across,rest,700,201,0.003,0.0004744167209018092,0.0030004747962362566,40,0.5115149999999999,0.33710027777777773,,
spatial,across,rest,700,202,0.0025,0.000426173593297299,0.0026953584668754664,40,0.5043622222222222,0.34156888888888887,,
spatial,across,rest,700,203,0.004333333333333333,0.0005991446895152781,0.0037893237337253676,40,0.4999563888888888,0.33564333333333335,,
spatial,across,rest,700,204,0.005083333333333334,0.0007159905377464497,0.0045283217648150855,40,0.5568949999999999,0.3327833333333333,,
spatial,across,rest,700,205,0.0021666666666666666,0.00038766596482655056,0.002451814840357243,40,0.5097183333333334,0.3489219444444444,,
spatial,across,rest,700,206,0.00475,0.0005709927876363795,0.003611275472919581,40,0.5021747222222223,0.35934527777777775,,
spatial,across,rest,700,207,0.003166666666666666,0.0004295031251026405,0.0027164162749691695,40,0.5062877777777779,0.3589216666666667,,
spatial,across,rest,700,208,0.003916666666666667,0.0004605134629656874,0.002912542872286343,40,0.4906613888888889,0.3277847222222222,,
spatial,across,rest,700,209,0.003166666666666667,0.00033652319867709455,0.0021283595866099627,40,0.5033208333333334,0.322855,,
spatial,across,rest,700,210,0.0035000000000000005,0.00061959917196776,0.003918689239544947,40,0.5185208333333333,0.3316969444444444,,
spatial,across,rest,700,211,0.005083333333333334,0.000584553059355846,0.0036970381615681453,40,0.5141294444444444,0.3596111111111111,,
spatial,across,rest,700,212,0.003833333333333333,0.000514047677015483,0.003251122970575025,40,0.5252977777777778,0.3427341666666667,,
spatial,across,rest,700,213,0.003916666666666667,0.0006072625513464554,0.0038406655999594984,40,0.5227316666666667,0.32526694444444443,,
spatial,across,rest,700,214,0.0030833333333333333,0.00048315646631310954,0.003055749799575685,40,0.5241147222222222,0.3292908333333333,,
spatial,across,rest,700,215,0.00575,0.0006854979266251703,0.004335469558917038,40,0.4971425,0.35516111111111104,,
spatial,across,rest,700,216,0.0036666666666666666,0.00047441672090180913,0.003000474796236256,40,0.48906277777777785,0.33504027777777773,,
spatial,across,rest,700,217,0.004583333333333333,0.0006280197703168522,0.003971945779634117,40,0.5083452777777777,0.33723249999999994,,
spatial,across,rest,700,218,0.005583333333333333,0.0004027593570795094,0.0025472738346326235,40,0.5365874999999999,0.34900666666666663,,
spatial,across,rest,700,219,0.0034166666666666664,0.0004217636961434866,0.0026674678283691846,40,0.5105549999999999,0.33140638888888885,,
spatial,across,rest,700,220,0.0030833333333333333,0.0004366979828269512,0.002761920550668525,40,0.5154108333333334,0.35189222222222216,,
spatial,across,rest,700,221,0.0037500000000000007,0.0004166666666666666,0.002635231383473649,40,0.48582583333333335,0.33018694444444446,,
spatial,across,rest,700,222,0.00375,0.0005621932528599516,0.003555622328432836,40,0.524283611111111,0.3379119444444444,,
spatial,across,rest,700,223,0.0025833333333333333,0.0004846283858428769,0.0030650590360687827,40,0.5195013888888889,0.3177847222222222,,
spatial,across,rest,700,224,0.005583333333333333,0.0004027593570795094,0.0025472738346326235,40,0.5251363888888889,0.3450055555555556,,
spatial,across,rest,700,225,0.0014166666666666666,0.00037529665379214125,0.0023735844484456697,40,0.4984977777777778,0.34871027777777786,,
spatial,across,rest,700,226,0.003333333333333333,0.0005063696835418333,0.003202563076101743,40,0.5025252777777778,0.3323447222222223,,
spatial,across,rest,700,227,0.00425,0.0006314129680188206,0.003993406246213056,40,0.5079336111111111,0.3471080555555555,,
spatial,across,rest,700,228,0.003,0.0005443310539518173,0.0034426518632954817,40,0.48810277777777766,0.33187333333333335,,
spatial,across,rest,700,229,0.003166666666666666,0.0004614791034954486,0.0029186501192363773,40,0.4926152777777778,0.34563972222222217,,
spatial,across,rest,700,230,0.0028333333333333335,0.0005410499447694665,0.003421900306759639,40,0.5071158333333334,0.327798611111111,,
spatial,across,rest,700,231,0.00225,0.00038466879970967946,0.0024328591037714085,40,0.45287249999999996,0.3377527777777778,,
spatial,across,rest,700,232,0.004,0.00048038446141526135,0.003038218101251,40,0.49567694444444443,0.3566130555555556,,
spatial,across,rest,700,233,0.003583333333333333,0.00046818282400698627,0.0029610481704636735,40,0.5101666666666665,0.35186388888888886,,
spatial,across,rest,700,234,0.004,0.0005748776656683841,0.0036358455989457554,40,0.5052516666666667,0.36565361111111105,,
spatial,across,rest,700,235,0.003833333333333333,0.000514047677015483,0.0032511229705750244,40,0.5042344444444444,0.34017083333333337,,
spatial,across,rest,700,236,0.0034166666666666664,0.0004846283858428769,0.0030650590360687827,40,0.48580055555555546,0.3407027777777777,,
spatial,across,rest,700,237,0.003166666666666666,0.0005591762357951763,0.003536541037104265,40,0.5129636111111111,0.33074666666666674,,
spatial,across,rest,700,238,0.003833333333333333,0.0005540578101426393,0.0035041692709117636,40,0.535535,0.34260138888888886,,
spatial,across,rest,700,239,0.004916666666666666,0.0004919219241781967,0.0031111874227515096,40,0.4993627777777778,0.3658036111111111,,
spatial,across,rest,700,240,0.0027500000000000003,0.00042846542577274665,0.0027098532881513794,40,0.5158527777777777,0.33988222222222214,,
spatial,across,rest,700,241,0.0052499999999999995,0.000393817968854384,0.0024907235301622104,40,0.48504555555555545,0.39010027777777784,,
spatial,across,rest,700,242,0.00425,0.0005061938301996516,0.0032014508819108484,40,0.52952,0.34045416666666667,,
spatial,across,rest,700,243,0.003,0.00045915815448079636,0.002903971148797528,40,0.4910083333333334,0.3434283333333333,,
spatial,across,rest,700,244,0.004333333333333333,0.0005495400822454191,0.0034755966509035655,40,0.5120586111111111,0.35721083333333337,,
spatial,across,rest,700,245,0.003583333333333333,0.0005255237517707583,0.003323704040225084,40,0.4816222222222223,0.32089749999999995,,
spatial,across,rest,700,246,0.003583333333333333,0.0005255237517707583,0.003323704040225084,40,0.5598333333333334,0.32762972222222225,,
spatial,across,rest,700,247,0.005666666666666667,0.000599144689515278,0.003789323733725367,40,0.5065119444444445,0.34079861111111104,,
spatial,across,rest,700,248,0.003083333333333333,0.00046818282400698627,0.0029610481704636735,40,0.5055994444444444,0.3474444444444445,,
spatial,across,rest,700,249,0.00225,0.0003656843874505326,0.0023127911382143547,40,0.5142847222222222,0.3469124999999999,,
spatial,across,rest,700,250,0.0024999999999999996,0.00044257083711982863,0.0027990637425321053,40,0.5055672222222223,0.3343163888888888,,
spatial,across,rest,700,251,0.004166666666666667,0.0004884710724331468,0.0030893623199876614,40,0.5464952777777777,0.3328897222222222,,
spatial,across,rest,700,252,0.0038333333333333336,0.00045526361293755647,0.002879339905359958,40,0.5211738888888889,0.3654622222222222,,
spatial,across,rest,700,253,0.0036666666666666666,0.0005310850045437943,0.0033588764910385265,40,0.4917633333333333,0.33921527777777777,,
spatial,across,rest,700,254,0.0036666666666666666,0.0005175000172041232,0.0032729574870827014,40,0.4986108333333334,0.3331791666666667,,
spatial,across,rest,700,255,0.0035000000000000005,0.0004913786640188923,0.0031077515438206536,40,0.5312947222222222,0.3425675,,
spatial,across,rest,700,256,0.0016666666666666666,0.0003958473906635696,0.0025035587206627026,40,0.4690836111111111,0.3362952777777778,,
spatial,across,rest,700,257,0.0025,0.0004091196858853377,0.0025875000860206164,40,0.5120097222222222,0.34657499999999997,,
spatial,across,rest,700,258,0.0025833333333333333,0.00036762694766511963,0.0023250769677545958,40,0.507006111111111,0.3390163888888889,,
spatial,across,rest,700,259,0.0034166666666666664,0.00043832593994609713,0.0027722166555276995,40,0.525405,0.32700111111111113,,
spatial,across,rest,700,260,0.00375,0.00044955660333392903,0.002843245607408123,40,0.5294783333333333,0.3229466666666667,,
spatial,across,rest,700,261,0.004916666666666666,0.0005335936864527374,0.0033747427885527648,40,0.5180141666666667,0.34661499999999995,,
spatial,across,rest,700,262,0.003,0.0003922322702763681,0.0024806946917841693,40,0.5060083333333333,0.35556111111111105,,
spatial,across,rest,700,263,0.004833333333333334,0.0006421784505829843,0.00406149313624023,40,0.5096677777777778,0.33984444444444445,,
spatial,across,rest,700,264,0.004416666666666667,0.0005117911677922933,0.003236851553162112,40,0.5171169444444443,0.3382583333333334,,
spatial,across,rest,700,265,0.005,0.0005967623950328607,0.003774256780481986,40,0.5157352777777777,0.3278436111111111,,
spatial,across,rest,700,266,0.0069166666666666664,0.0006896415105730028,0.004361675884819564,40,0.5415194444444443,0.3651330555555556,,
spatial,across,rest,700,267,0.0041666666666666675,0.0004884710724331468,0.0030893623199876614,40,0.5073330555555555,0.3286163888888889,,
spatial,across,rest,700,268,0.0041666666666666675,0.00039132327190432095,0.002474945681294061,40,0.4978086111111111,0.3690327777777778,,
spatial,across,rest,700,269,0.004583333333333333,0.0004727247200735973,0.002989773643396175,40,0.49352527777777777,0.34469416666666663,,
spatial,across,rest,700,270,0.003083333333333333,0.0005389065112987853,0.003408344043198855,40,0.5052591666666666,0.3217522222222222,,
spatial,across,rest,700,271,0.004333333333333333,0.0005364226763936138,0.0033926348919345135,40,0.5404572222222223,0.32356083333333335,,
spatial,across,rest,700,272,0.00425,0.0004772233913401199,0.0030182257386893066,40,0.4964647222222222,0.3501766666666667,,
spatial,across,rest,700,273,0.0030833333333333333,0.0004366979828269512,0.002761920550668525,40,0.5133072222222224,0.3552316666666666,,
spatial,across,rest,700,274,0.006166666666666667,0.0006703955544528912,0.004239953770645144,40,0.5555491666666665,0.34749277777777776,,
spatial,across,rest,700,275,0.0034166666666666664,0.000565981234525278,0.003579579628027614,40,0.481865,0.34117444444444445,,
spatial,across,rest,700,276,0.005,0.0005337605126836238,0.003375797890278889,40,0.5242708333333332,0.34192,,
spatial,across,rest,700,277,0.0042499999999999994,0.0005335936864527374,0.0033747427885527648,40,0.5218477777777778,0.3314783333333333,,
spatial,across,rest,700,278,0.0032500000000000003,0.00046970166927493256,0.0029706541913838316,40,0.5367036111111111,0.3360627777777777,,
spatial,across,rest,700,279,0.0032500000000000003,0.0004991088925371763,0.003156641801723386,40,0.5070427777777777,0.3515169444444444,,
spatial,across,rest,700,280,0.0036666666666666666,0.0006178724639975321,0.0039077685794651745,40,0.5638780555555556,0.3384333333333333,,
spatial,across,rest,700,281,0.0032500000000000003,0.00043832593994609724,0.0027722166555277,40,0.49687222222222227,0.33983416666666666,,
spatial,across,rest,700,282,0.004333333333333333,0.0005364226763936138,0.0033926348919345135,40,0.5090163888888889,0.3368822222222222,,
spatial,across,rest,700,283,0.0036666666666666666,0.0004591581544807963,0.0029039711487975277,40,0.5131508333333332,0.35273527777777774,,
spatial,across,rest,700,284,0.004,0.0005871365639519861,0.0037133776793067774,40,0.5126597222222222,0.3414691666666666,,
spatial,across,rest,700,285,0.003833333333333333,0.0006149838438569978,0.003889499341586926,40,0.5078386111111112,0.33380444444444446,,
spatial,across,rest,700,286,0.005,0.0005967623950328607,0.003774256780481986,40,0.5202930555555556,0.3239188888888889,,
spatial,across,rest,700,287,0.0035000000000000005,0.0005462902602399647,0.0034550429718488217,40,0.5039663888888889,0.34499499999999994,,
spatial,across,rest,700,288,0.002833333333333333,0.000514047677015483,0.0032511229705750244,40,0.5333569444444445,0.3244097222222222,,
spatial,across,rest,700,289,0.0033333333333333327,0.0004921028776234113,0.0031123318728261753,40,0.4689852777777778,0.34403999999999996,,
spatial,across,rest,700,290,0.0035000000000000005,0.0004913786640188923,0.0031077515438206536,40,0.5025841666666667,0.32903055555555555,,
spatial,across,rest,700,291,0.004916666666666666,0.00041323372110962616,0.0026135195293864426,40,0.5443958333333334,0.3474711111111111,,
spatial,across,rest,700,292,0.0032500000000000003,0.0004991088925371763,0.003156641801723386,40,0.518475,0.33525222222222223,,
spatial,across,rest,700,293,0.0023333333333333335,0.0004336290903919939,0.0027425111706914744,40,0.5057402777777777,0.36431555555555556,,
spatial,across,rest,700,294,0.0034166666666666664,0.0005131809630673188,0.003245641390262953,40,0.5235325000000001,0.3445741666666666,,
spatial,across,rest,700,295,0.0028333333333333335,0.0004228178434916492,0.002674134841588425,40,0.5228252777777778,0.3487647222222222,,
spatial,across,rest,700,296,0.003166666666666667,0.0003949467128397272,0.002497862333940011,40,0.5162538888888889,0.3624927777777778,,
spatial,across,rest,700,297,0.0032500000000000003,0.0005532537786493135,0.0034990841292529317,40,0.5095547222222222,0.3532136111111111,,
spatial,across,rest,700,298,0.004833333333333334,0.0005840959605818989,0.0036941472150854586,40,0.5297527777777777,0.3398994444444444,,
spatial,across,rest,700,299,0.0045,0.0006487990219938459,0.004103365306380464,40,0.5139169444444445,0.3290272222222222,,
spatial,across,rest,700,300,0.0034166666666666664,0.0005784287095915728,0.0036583043726829078,40,0.5192722222222222,0.3479555555555556,,
spatial,across,rest,700,301,0.0020833333333333337,0.00037148159510072033,0.0023494558987014465,40,0.47890750000000004,0.34339194444444443,,
spatial,across,rest,700,302,0.0028333333333333335,0.0004228178434916492,0.002674134841588425,40,0.5151836111111111,0.3344961111111111,,
spatial,across,rest,700,303,0.002833333333333333,0.0005540578101426393,0.003504169270911763,40,0.47806277777777784,0.34468138888888883,,
spatial,across,rest,700,304,0.003333333333333333,0.000559812748506421,0.003540566696958629,40,0.46891444444444436,0.3581141666666666,,
spatial,across,rest,700,305,0.004416666666666667,0.0006470126398497606,0.004092067233686935,40,0.529763611111111,0.31590277777777775,,
spatial,across,rest,700,306,0.003333333333333333,0.0005469417694282446,0.003459163477751806,40,0.5026144444444445,0.36182583333333335,,
spatial,across,rest,700,307,0.002416666666666667,0.00037718971323735725,0.002385557207631624,40,0.5284413888888888,0.3361083333333334,,
spatial,across,rest,700,308,0.0037500000000000007,0.0005090001931052645,0.0032191998793563385,40,0.5202424999999999,0.34344305555555554,,
spatial,across,rest,700,309,0.0035000000000000005,0.0005462902602399647,0.0034550429718488217,40,0.5000016666666667,0.32023972222222225,,
spatial,across,rest,700,310,0.002416666666666667,0.00039562241344126857,0.002502135839774444,40,0.5150677777777778,0.33524666666666664,,
spatial,across,rest,700,311,0.0038333333333333336,0.0006487990219938459,0.004103365306380464,40,0.5306658333333333,0.35084805555555554,,
spatial,across,rest,700,312,0.003833333333333333,0.00048554606965249525,0.0030708629780892916,40,0.49171972222222216,0.3242491666666667,,
spatial,across,rest,700,313,0.0065833333333333325,0.0007960685091278711,0.0050347793247572286,40,0.5162205555555556,0.34556249999999994,,
spatial,across,rest,700,314,0.0034166666666666664,0.00045428476077747075,0.0028731491007230646,40,0.4860733333333334,0.3367124999999999,,
spatial,across,rest,700,315,0.00425,0.0005596536881967729,0.0035395607112309897,40,0.515008888888889,0.354455,,
spatial,across,rest,700,316,0.0017500000000000003,0.0003578086996246255,0.0022629809148737028,40,0.5048347222222221,0.3277791666666666,,
spatial,across,rest,700,317,0.00375,0.0005621932528599516,0.003555622328432836,40,0.5227572222222222,0.31896916666666664,,
spatial,across,rest,700,318,0.004583333333333333,0.0005428570089754135,0.0034333291842975513,40,0.5215305555555555,0.3376891666666667,,
spatial,across,rest,700,319,0.003833333333333333,0.0005913671446023187,0.003740134220666952,40,0.530146388888889,0.3269130555555555,,
spatial,across,rest,700,320,0.0034166666666666664,0.0004846283858428769,0.0030650590360687827,40,0.5273730555555556,0.3377047222222222,,
spatial,across,rest,700,321,0.005583333333333333,0.0006579288490181673,0.00416110740246089,40,0.5266947222222222,0.3343613888888889,,
spatial,across,rest,700,322,0.0045,0.0005277215444626347,0.0033376041016874875,40,0.5185466666666667,0.34973444444444446,,
spatial,across,rest,700,323,0.0032500000000000003,0.00043832593994609724,0.0027722166555277,40,0.5109597222222222,0.3417208333333333,,
spatial,across,rest,700,324,0.003916666666666667,0.0005954181656808869,0.003765755127582207,40,0.5071486111111112,0.3635141666666667,,
spatial,across,rest,700,325,0.004916666666666666,0.0005467789649092551,0.0034581338115650556,40,0.5024719444444445,0.35103833333333334,,
spatial,across,rest,700,326,0.0032500000000000003,0.0004991088925371763,0.003156641801723386,40,0.469761388888889,0.33602305555555556,,
spatial,across,rest,700,327,0.002333333333333333,0.00038118124993124375,0.0024108019022652635,40,0.49844333333333335,0.34048222222222224,,
spatial,across,rest,700,328,0.003,0.0004591581544807963,0.0029039711487975277,40,0.4980605555555556,0.3335669444444444,,
spatial,across,rest,700,329,0.004,0.0004949891362588122,0.003130586175234568,40,0.5332575,0.3492719444444444,,
spatial,across,rest,700,330,0.0019166666666666666,0.00039381796885438406,0.002490723530162211,40,0.5212047222222222,0.33303416666666663,,
spatial,across,rest,700,331,0.00275,0.0005187029077928006,0.003280565235155104,40,0.49103722222222224,0.33624027777777776,,
spatial,across,rest,700,332,0.0032500000000000003,0.0005532537786493135,0.0034990841292529312,40,0.5023652777777778,0.34629833333333326,,
spatial,across,rest,700,333,0.00375,0.0005989960736902173,0.003788383804718293,40,0.5047213888888888,0.3537666666666666,,
spatial,across,rest,700,334,0.004,0.0005091750772173156,0.0032203059435976533,40,0.49353638888888895,0.35283694444444447,,
spatial,across,rest,700,335,0.005,0.0005202453946507077,0.0032903207786188307,40,0.5299805555555557,0.34226999999999996,,
spatial,across,rest,700,336,0.004416666666666668,0.0004976798018658033,0.00314760343871451,40,0.5300197222222222,0.3289358333333333,,
spatial,across,rest,700,337,0.00525,0.00046051346296568745,0.0029125428722863436,40,0.5320138888888889,0.36980611111111106,,
spatial,across,rest,700,338,0.004333333333333333,0.0005229763603684908,0.0033075929223788923,40,0.5202730555555555,0.36057083333333323,,
spatial,across,rest,700,339,0.003166666666666667,0.0005056659032384976,0.003198111978639933,40,0.4958086111111112,0.3505847222222222,,
spatial,across,rest,700,340,0.003,0.0005443310539518173,0.0034426518632954817,40,0.49729166666666674,0.34474333333333335,,
spatial,across,rest,700,341,0.002916666666666667,0.000399206834693617,0.0025248057102763123,40,0.5106802777777777,0.3453305555555555,,
spatial,across,rest,700,342,0.00475,0.0005322571942188482,0.0033662900694843324,40,0.5103625,0.34938222222222215,,
spatial,across,rest,700,343,0.002416666666666667,0.0004919219241781967,0.0031111874227515096,40,0.48969972222222224,0.3341886111111111,,
spatial,across,rest,700,344,0.005916666666666667,0.0005268773245260372,0.0033322647859959456,40,0.4975575,0.32006499999999993,,
spatial,across,rest,700,345,0.004000000000000001,0.0005364226763936139,0.0033926348919345144,40,0.5130766666666667,0.3369416666666666,,
spatial,across,rest,700,346,0.004583333333333333,0.0006049122278635169,0.0038258008490709675,40,0.5157200000000001,0.32985833333333325,,
spatial,across,rest,700,347,0.004166666666666667,0.0004736654667156709,0.0029957234475763905,40,0.48323138888888895,0.33545277777777777,,
spatial,across,rest,700,348,0.003166666666666667,0.0004913786640188923,0.003107751543820654,40,0.4773630555555556,0.3523513888888889,,
spatial,across,rest,700,349,0.0037500000000000007,0.0004651302547095317,0.0029417420270727605,40,0.518056111111111,0.35940666666666654,,
spatial,across,rest,700,350,0.00225,0.0004027593570795094,0.0025472738346326235,40,0.5042933333333334,0.3378561111111111,,
spatial,across,rest,700,351,0.004,0.0005229763603684908,0.0033075929223788923,40,0.5177525000000001,0.35627972222222215,,
spatial,across,rest,700,352,0.004916666666666666,0.0004772233913401199,0.0030182257386893066,40,0.5202197222222221,0.3681183333333333,,
spatial,across,rest,700,353,0.0041666666666666675,0.000502840931954632,0.003180245291476762,40,0.5044755555555556,0.3737399999999999,,
spatial,across,rest,700,354,0.004583333333333333,0.0005159493228057419,0.003263150034575203,40,0.4958069444444444,0.34205222222222215,,
spatial,across,rest,700,355,0.0036666666666666666,0.00040998922923799846,0.0025929995610579504,40,0.5027466666666667,0.347871111111111,,
spatial,across,rest,700,356,0.006333333333333334,0.0007623624998624875,0.004821603804530527,40,0.5180622222222222,0.3464088888888889,,
spatial,across,rest,700,357,0.002916666666666667,0.00046513025470953175,0.002941742027072761,40,0.4708352777777778,0.3295019444444444,,
spatial,across,rest,700,358,0.002666666666666667,0.0004336290903919939,0.0027425111706914744,40,0.49293750000000003,0.3507449999999999,,
spatial,across,rest,700,359,0.004333333333333333,0.00048038446141526135,0.003038218101251,40,0.5044738888888889,0.3338819444444444,,
spatial,across,rest,700,360,0.0025,0.0004884710724331468,0.0030893623199876614,40,0.4861924999999999,0.34208888888888883,,
spatial,across,rest,700,361,0.0030833333333333333,0.000577196041787598,0.0036505082969650712,40,0.5080372222222224,0.36444083333333327,,
spatial,across,rest,700,362,0.003083333333333333,0.0005117911677922933,0.003236851553162112,40,0.4958127777777778,0.33000138888888886,,
spatial,across,rest,700,363,0.002416666666666667,0.0004772233913401199,0.0030182257386893066,40,0.5111377777777779,0.35416749999999997,,
spatial,across,rest,700,364,0.004,0.0005091750772173156,0.0032203059435976533,40,0.4874219444444445,0.33935055555555554,,
spatial,across,rest,700,365,0.0036666666666666666,0.0004891995904702285,0.0030939698726150473,40,0.4890902777777777,0.3369294444444444,,
spatial,across,rest,700,366,0.0034166666666666664,0.0004846283858428769,0.0030650590360687827,40,0.5158641666666666,0.33302444444444446,,
spatial,across,rest,700,367,0.0061666666666666675,0.0006703955544528912,0.004239953770645144,40,0.5302594444444445,0.3486472222222222,,
spatial,across,rest,700,368,0.00375,0.0003809476113865037,0.002409324242364092,40,0.49668888888888896,0.33194833333333335,,
spatial,across,rest,700,369,0.004,0.0005495400822454191,0.0034755966509035655,40,0.5265513888888889,0.3375716666666667,,
spatial,across,rest,700,370,0.005083333333333334,0.0005596536881967729,0.0035395607112309897,40,0.4826641666666667,0.3433325,,
spatial,across,rest,700,371,0.005083333333333334,0.0005596536881967729,0.0035395607112309897,40,0.5273388888888889,0.3307686111111111,,
spatial,across,rest,700,372,0.004083333333333333,0.00043832593994609724,0.0027722166555277,40,0.5004952777777778,0.3213794444444444,,
spatial,across,rest,700,373,0.0034166666666666664,0.0004991088925371763,0.003156641801723386,40,0.525765,0.3187269444444444,,
spatial,across,rest,700,374,0.0034166666666666672,0.0005659812345252781,0.003579579628027615,40,0.5321158333333333,0.3204594444444444,,
spatial,across,rest,700,375,0.0017500000000000003,0.000337315951715971,0.0021333733970597016,40,0.5032308333333333,0.3366961111111111,,
spatial,across,rest,700,376,0.0020833333333333337,0.00039018404598803084,0.002467740583964123,40,0.4996422222222222,0.34389722222222224,,
spatial,across,rest,700,377,0.0036666666666666666,0.0005699002761767401,0.0036043658237549904,40,0.5430366666666666,0.32699277777777774,,
spatial,across,rest,700,378,0.004583333333333333,0.0005159493228057419,0.0032631500345752028,40,0.5388594444444443,0.3639505555555555,,
spatial,across,rest,700,379,0.0035833333333333333,0.0005519648921491675,0.003490932495281123,40,0.5147022222222224,0.3434319444444444,,
spatial,across,rest,700,380,0.0034166666666666664,0.0004217636961434866,0.0026674678283691846,40,0.5120447222222222,0.36535555555555554,,
spatial,across,rest,700,381,0.003916666666666667,0.0005322571942188482,0.0033662900694843324,40,0.4992994444444445,0.32195694444444445,,
spatial,across,rest,700,382,0.003583333333333333,0.00045271419510563445,0.002863215971247314,40,0.4977811111111111,0.3258216666666667,,
spatial,across,rest,700,383,0.002916666666666667,0.000574722774741238,0.0036348659827084018,40,0.48791888888888896,0.3335936111111111,,
spatial,across,rest,700,384,0.0035000000000000005,0.0005462902602399647,0.0034550429718488217,40,0.5256294444444445,0.33135027777777776,,
spatial,across,rest,700,385,0.004166666666666667,0.0007136240321480627,0.0045133546692422005,40,0.5218655555555556,0.3484980555555556,,
spatial,across,rest,700,386,0.004583333333333333,0.00044156384869985954,0.002792694988563072,40,0.5465175,0.3359597222222221,,
spatial,across,rest,700,387,0.004,0.0006979824404521127,0.0044144285572630445,40,0.5060597222222223,0.34165999999999996,,
spatial,across,rest,700,388,0.004916666666666666,0.0006200300976060129,0.003921414652583029,40,0.538721111111111,0.3520508333333333,,
spatial,across,rest,700,389,0.004083333333333333,0.0004217636961434867,0.002667467828369185,40,0.5174624999999999,0.3446533333333333,,
spatial,across,rest,700,390,0.0025,0.0004425708371198286,0.002799063742532105,40,0.5256394444444445,0.34593944444444447,,
spatial,across,rest,700,391,0.0037500000000000007,0.000399206834693617,0.0025248057102763123,40,0.5320322222222222,0.3198063888888888,,
spatial,across,rest,700,392,0.004583333333333333,0.000568492533533872,0.0035954624775333737,40,0.5148058333333333,0.35338694444444435,,
spatial,across,rest,700,393,0.003,0.0005175000172041232,0.003272957487082702,40,0.4906611111111111,0.32762722222222224,,
spatial,across,rest,700,394,0.003916666666666667,0.00041150650886420594,0.0026025956799903193,40,0.5080699999999999,0.3482491666666666,,
spatial,across,rest,700,395,0.0042499999999999994,0.0004772233913401199,0.0030182257386893066,40,0.5097344444444445,0.33177611111111116,,
spatial,across,rest,700,396,0.0014166666666666668,0.00031322920619338105,0.001981035442515208,40,0.4931141666666667,0.3422036111111111,,
spatial,across,rest,700,397,0.003,0.0004891995904702285,0.0030939698726150473,40,0.5118658333333334,0.3494197222222222,,
spatial,across,rest,700,398,0.003916666666666667,0.0006414848782339682,0.0040571065995502215,40,0.5131730555555555,0.34868250000000006,,
spatial,across,rest,700,399,0.00375,0.000574722774741238,0.0036348659827084013,40,0.5267658333333334,0.3339688888888889,,
spatial,across,rest,700,400,0.002333333333333333,0.0004336290903919939,0.0027425111706914744,40,0.4838002777777777,0.3374233333333333,,
spatial,across,rest,700,401,0.002916666666666667,0.0005090001931052645,0.003219199879356339,40,0.5027366666666666,0.3496919444444444,,
spatial,across,rest,700,402,0.0021666666666666666,0.0004228178434916492,0.002674134841588425,40,0.49956472222222226,0.3367694444444444,,
spatial,across,rest,700,403,0.0023333333333333335,0.0004336290903919939,0.0027425111706914744,40,0.49543333333333345,0.34025416666666664,,
spatial,across,rest,700,404,0.0025,0.0004884710724331468,0.0030893623199876614,40,0.48257555555555554,0.3418225,,
spatial,across,rest,700,405,0.003583333333333333,0.0005117911677922935,0.0032368515531621123,40,0.5085624999999999,0.3366075,,
spatial,across,rest,700,406,0.00275,0.0004904718932443306,0.0031020166218940744,40,0.4821291666666667,0.33954861111111106,,
spatial,across,rest,700,407,0.003083333333333333,0.0004027593570795094,0.0025472738346326235,40,0.47862388888888885,0.35408249999999997,,
spatial,across,rest,700,408,0.004333333333333333,0.0005748776656683841,0.0036358455989457554,40,0.4760791666666667,0.349485,,
spatial,across,rest,700,409,0.003833333333333333,0.000470648458522889,0.002976642212359232,40,0.4920102777777777,0.35829,,
spatial,across,rest,700,410,0.0035833333333333333,0.00045271419510563445,0.002863215971247314,40,0.48262361111111113,0.3358258333333333,,
spatial,across,rest,700,411,0.003,0.0005175000172041232,0.0032729574870827014,40,0.5244416666666668,0.3103786111111111,,
spatial,across,rest,700,412,0.003,0.00044337478117411743,0.002804148331177911,40,0.5060525,0.3266116666666667,,
spatial,across,rest,700,413,0.00475,0.000444778186658963,0.0028130242468036803,40,0.5165511111111112,0.3537463888888889,,
spatial,across,rest,700,414,0.003833333333333333,0.0005,0.00316227766016838,40,0.5557861111111112,0.32245999999999997,,
spatial,across,rest,700,415,0.002916666666666667,0.0005090001931052645,0.003219199879356339,40,0.4984466666666667,0.34920138888888885,,
spatial,across,rest,700,416,0.003166666666666667,0.0004913786640188923,0.003107751543820654,40,0.5159936111111111,0.3549261111111111,,
spatial,across,rest,700,417,0.0035833333333333333,0.00048315646631310954,0.003055749799575685,40,0.5199358333333335,0.32975111111111105,,
spatial,across,rest,700,418,0.002916666666666667,0.0004651302547095317,0.0029417420270727605,40,0.49907361111111115,0.3292833333333334,,
spatial,across,rest,700,419,0.004666666666666666,0.0005443310539518173,0.0034426518632954817,40,0.5381641666666667,0.33845666666666663,,
spatial,across,rest,700,420,0.004333333333333333,0.0006109168300344762,0.0038637772876778144,40,0.492598888888889,0.34632277777777776,,
spatial,across,rest,700,421,0.002916666666666667,0.000399206834693617,0.0025248057102763123,40,0.5057925000000001,0.3424022222222222,,
spatial,across,rest,700,422,0.003,0.0004591581544807963,0.0029039711487975277,40,0.49145777777777777,0.32732861111111117,,
spatial,across,rest,700,423,0.004,0.0005091750772173156,0.0032203059435976533,40,0.5245750000000001,0.3404608333333333,,
spatial,across,rest,700,424,0.003916666666666667,0.000411506508864206,0.0026025956799903198,40,0.5300752777777779,0.3450247222222222,,
spatial,across,rest,700,425,0.0034166666666666664,0.0004697016692749325,0.002970654191383831,40,0.5069475,0.33512861111111103,,
spatial,across,rest,700,426,0.00575,0.0005467789649092551,0.0034581338115650556,40,0.5055183333333334,0.3264519444444445,,
spatial,across,rest,700,427,0.0041666666666666675,0.000569275042553311,0.0036004114991154777,40,0.49868500000000004,0.3387538888888889,,
spatial,across,rest,700,428,0.002333333333333333,0.0004653216269680752,0.0029429523715086966,40,0.5194041666666666,0.3380538888888889,,
spatial,across,rest,700,429,0.004166666666666667,0.0005168113941217019,0.0032686022523030676,40,0.5078575000000001,0.3683002777777778,,
spatial,across,rest,700,430,0.003166666666666666,0.00031464718178119604,0.0019900035075632308,40,0.4988825,0.32183972222222224,,
spatial,across,rest,700,431,0.0034166666666666664,0.0005268773245260372,0.003332264785995945,40,0.5042833333333332,0.3392308333333333,,
spatial,across,rest,700,432,0.0045,0.0005791977947731547,0.0036631684944598737,40,0.4950658333333333,0.3421522222222222,,
spatial,across,rest,700,433,0.002916666666666667,0.00044955660333392903,0.002843245607408123,40,0.5229716666666666,0.3278858333333333,,
spatial,across,rest,700,434,0.0028333333333333335,0.0005791977947731547,0.0036631684944598737,40,0.48367249999999995,0.3388694444444444,,
spatial,across,rest,700,435,0.0028333333333333335,0.0005791977947731547,0.0036631684944598737,40,0.4872397222222222,0.35124111111111106,,
spatial,across,rest,700,436,0.004333333333333333,0.0005748776656683841,0.0036358455989457554,40,0.5241216666666666,0.3367416666666666,,
spatial,across,rest,700,437,0.003083333333333333,0.0005519648921491675,0.003490932495281123,40,0.5203508333333333,0.3443083333333333,,
spatial,across,rest,700,438,0.0035000000000000005,0.0005330928945203023,0.0033715755022721006,40,0.5177119444444445,0.3347861111111111,,
spatial,across,rest,700,439,0.0032500000000000003,0.000540226553720501,0.0034166927245201863,40,0.4983869444444444,0.3321397222222222,,
spatial,across,rest,700,440,0.0034166666666666664,0.00040452391911925456,0.002558433904869158,40,0.5110077777777777,0.35925833333333335,,
spatial,across,rest,700,441,0.00275,0.0005187029077928006,0.003280565235155104,40,0.4998494444444443,0.33384222222222226,,
spatial,across,rest,700,442,0.004083333333333333,0.0005784287095915728,0.0036583043726829078,40,0.5290672222222221,0.3489219444444444,,
spatial,across,rest,700,443,0.002833333333333333,0.0004855460696524952,0.003070862978089291,40,0.5237655555555556,0.3376027777777778,,
spatial,across,rest,700,444,0.0034166666666666664,0.0005532537786493134,0.003499084129252931,40,0.5042352777777778,0.34794472222222217,,
spatial,across,rest,700,445,0.003,0.0005175000172041232,0.003272957487082702,40,0.4952141666666668,0.3328283333333333,,
spatial,across,rest,700,446,0.005,0.0005063696835418333,0.0032025630761017424,40,0.5416972222222223,0.30271027777777776,,
spatial,across,rest,700,447,0.0026666666666666666,0.0004653216269680751,0.002942952371508696,40,0.4972661111111112,0.3435847222222222,,
spatial,across,rest,700,448,0.0059166666666666656,0.0004991088925371763,0.003156641801723386,40,0.5408755555555556,0.34304388888888887,,
spatial,across,rest,700,449,0.0034166666666666664,0.0006025527367540542,0.003810878117021328,40,0.55579,0.3373886111111112,,
spatial,across,rest,700,450,0.0025833333333333333,0.00043832593994609724,0.0027722166555277,40,0.488645,0.3403575,,
spatial,across,rest,700,451,0.0045,0.000514047677015483,0.0032511229705750244,40,0.510038611111111,0.3243597222222222,,
spatial,across,rest,700,452,0.003,0.0004744167209018092,0.0030004747962362566,40,0.4915791666666666,0.33849888888888885,,
spatial,across,rest,700,453,0.00375,0.0005493780477196366,0.0034745718545814495,40,0.4865655555555556,0.3260855555555555,,
spatial,across,rest,700,454,0.006416666666666668,0.0007951732954523623,0.005029117496342952,40,0.5245983333333333,0.3696230555555555,,
spatial,across,rest,700,455,0.002416666666666667,0.00039562241344126857,0.002502135839774444,40,0.5051208333333334,0.3338508333333333,,
spatial,across,rest,700,456,0.004083333333333333,0.00043832593994609724,0.0027722166555277,40,0.49074888888888885,0.3724925,,
spatial,across,rest,700,457,0.003166666666666666,0.0004457779141208643,0.002819347078441735,40,0.5200552777777777,0.33221361111111114,,
spatial,across,rest,700,458,0.003166666666666666,0.0004295031251026405,0.0027164162749691695,40,0.5034508333333334,0.3747083333333333,,
spatial,across,rest,700,459,0.00275,0.0005047847980156418,0.0031925393799149436,40,0.49174666666666667,0.31525222222222216,,
spatial,across,rest,700,460,0.002916666666666667,0.0004334237249576047,0.002741212325640795,40,0.5133247222222221,0.33339444444444444,,
spatial,across,rest,700,461,0.0023333333333333335,0.0005623515948579823,0.0035566237711589137,40,0.49479944444444435,0.34030972222222217,,
spatial,across,rest,700,462,0.003166666666666666,0.0004913786640188923,0.003107751543820654,40,0.5065250000000001,0.3450836111111111,,
spatial,across,rest,700,463,0.005083333333333334,0.0005596536881967729,0.0035395607112309897,40,0.5223500000000001,0.33226055555555545,,
spatial,across,rest,700,464,0.003916666666666667,0.000411506508864206,0.0026025956799903198,40,0.5041908333333334,0.3438847222222222,,
spatial,across,rest,700,465,0.0041666666666666675,0.0005816520337100941,0.003678690464385871,40,0.5106061111111112,0.33447194444444445,,
spatial,across,rest,700,466,0.0034166666666666664,0.0005784287095915728,0.0036583043726829078,40,0.5009036111111111,0.32652833333333336,,
spatial,across,rest,700,467,0.0036666666666666666,0.0005310850045437943,0.003358876491038526,40,0.5239783333333333,0.33709777777777783,,
spatial,across,rest,700,468,0.005083333333333334,0.0004772233913401199,0.0030182257386893066,40,0.5021755555555556,0.33986527777777775,,
spatial,across,rest,700,469,0.0037500000000000007,0.0005869849078564814,0.0037124185219410922,40,0.5143880555555556,0.3345558333333333,,
spatial,across,rest,700,470,0.003,0.0004891995904702285,0.0030939698726150473,40,0.5027947222222222,0.35717638888888886,,
spatial,across,rest,700,471,0.0036666666666666666,0.0005310850045437943,0.003358876491038526,40,0.5207227777777778,0.3428541666666667,,
spatial,across,rest,700,472,0.003166666666666667,0.00051956041029222,0.003285988557150009,40,0.49680083333333336,0.33290388888888883,,
spatial,across,rest,700,473,0.0021666666666666666,0.0004228178434916492,0.002674134841588425,40,0.483353611111111,0.33472999999999997,,
spatial,across,rest,700,474,0.004333333333333333,0.000622466374565235,0.003936823020987291,40,0.5174811111111112,0.32466027777777773,,
spatial,across,rest,700,475,0.004166666666666667,0.0006172958213483476,0.0039041215711303414,40,0.4904411111111111,0.3365133333333333,,
spatial,across,rest,700,476,0.0018333333333333333,0.00033652319867709455,0.0021283595866099627,40,0.48937388888888905,0.3333783333333333,,
spatial,across,rest,700,477,0.00475,0.0005709927876363795,0.003611275472919581,40,0.5172488888888889,0.3375327777777778,,
spatial,across,rest,700,478,0.003333333333333333,0.000559812748506421,0.003540566696958629,40,0.5140572222222222,0.3378166666666666,,
spatial,across,rest,700,479,0.003833333333333333,0.000514047677015483,0.0032511229705750244,40,0.5148575000000001,0.3631752777777778,,
spatial,across,rest,700,480,0.00475,0.0004904718932443306,0.0031020166218940744,40,0.4865363888888889,0.36712833333333333,,
spatial,across,rest,700,481,0.00225,0.0004200715581423169,0.002656765807971143,40,0.5154308333333333,0.3497377777777777,,
spatial,across,rest,700,482,0.003583333333333333,0.0005647213971599238,0.003571611716915804,40,0.48618305555555547,0.3456697222222222,,
spatial,across,rest,700,483,0.004,0.0006449452813645634,0.0040789921105803375,40,0.5000619444444444,0.3312291666666667,,
spatial,across,rest,700,484,0.004666666666666667,0.0005699002761767401,0.0036043658237549904,40,0.5101038888888889,0.34023833333333336,,
spatial,across,rest,700,485,0.0026666666666666666,0.0005623515948579822,0.0035566237711589133,40,0.523915,0.33443805555555556,,
spatial,across,rest,700,486,0.0036666666666666666,0.0005310850045437943,0.003358876491038526,40,0.5086138888888889,0.33037888888888894,,
spatial,across,rest,700,487,0.0052499999999999995,0.0005583795745617396,0.003531502509061826,40,0.5180352777777777,0.35846527777777765,,
spatial,across,rest,700,488,0.0037500000000000007,0.0005869849078564814,0.0037124185219410922,40,0.5073658333333333,0.33417305555555554,,
spatial,across,rest,700,489,0.0035000000000000005,0.0004614791034954486,0.0029186501192363773,40,0.5304883333333332,0.35078916666666665,,
spatial,across,rest,700,490,0.004833333333333334,0.0004913786640188923,0.003107751543820654,40,0.5085075000000001,0.3502652777777778,,
spatial,across,rest,700,491,0.005416666666666667,0.0005808861979155425,0.0036738468935369364,40,0.5145969444444445,0.3391808333333334,,
spatial,across,rest,700,492,0.004083333333333333,0.0005659812345252781,0.0035795796280276146,40,0.5111602777777777,0.34286249999999996,,
spatial,across,rest,700,493,0.0035000000000000005,0.0004913786640188923,0.003107751543820654,40,0.5085630555555556,0.34595833333333337,,
spatial,across,rest,700,494,0.004166666666666667,0.0005168113941217019,0.0032686022523030676,40,0.4920177777777777,0.3431036111111111,,
spatial,across,rest,700,495,0.00275,0.00044477818665896303,0.0028130242468036807,40,0.5155597222222223,0.35919638888888894,,
spatial,across,rest,700,496,0.0020833333333333333,0.0004574097142864882,0.0028929130420643255,40,0.4844383333333333,0.3403675,,
spatial,across,rest,700,497,0.0036666666666666666,0.00044337478117411743,0.002804148331177911,40,0.5199372222222223,0.32869222222222216,,
spatial,across,rest,700,498,0.0036666666666666666,0.0004744167209018092,0.0030004747962362566,40,0.4961025,0.3587513888888889,,
spatial,across,rest,700,499,0.005,0.0005469417694282446,0.003459163477751806,40,0.500586388888889,0.3420433333333333,,
spatial,across,rest,700,500,0.0035833333333333333,0.0004527141951056344,0.0028632159712473136,40,0.4961886111111111,0.341363611111111,,
spatial,across,rest,700,501,0.0021666666666666666,0.0005540578101426393,0.0035041692709117636,40,0.5252594444444444,0.3309988888888888,,
spatial,across,rest,700,502,0.003,0.0003922322702763681,0.0024806946917841693,40,0.4892013888888888,0.3423777777777778,,
spatial,across,rest,700,503,0.0045,0.0006703955544528912,0.004239953770645144,40,0.5139366666666667,0.32593249999999996,,
spatial,across,rest,700,504,0.003833333333333333,0.0006032910690206793,0.003815547740286388,40,0.5277241666666667,0.33393222222222224,,
spatial,across,rest,700,505,0.003166666666666667,0.00047666337934435156,0.0030146839118420175,40,0.47959361111111115,0.3456566666666666,,
spatial,across,rest,700,506,0.004833333333333334,0.0005591762357951763,0.003536541037104265,40,0.5185875,0.3300158333333333,,
spatial,across,rest,700,507,0.00225,0.0003656843874505326,0.0023127911382143547,40,0.47709333333333337,0.33855916666666663,,
spatial,across,rest,700,508,0.004,0.00048038446141526135,0.003038218101251,40,0.5161816666666666,0.3293613888888889,,
spatial,across,rest,700,509,0.00375,0.0005090001931052645,0.0032191998793563385,40,0.5093313888888888,0.36015305555555543,,
spatial,across,rest,700,510,0.004583333333333333,0.0007888783555333862,0.004989304800587191,40,0.5298538888888888,0.3254463888888888,,
spatial,across,rest,700,511,0.002916666666666667,0.0005228060929505421,0.0033065160566748252,40,0.4958622222222222,0.34108499999999997,,
spatial,across,rest,700,512,0.0034166666666666664,0.0004991088925371763,0.003156641801723386,40,0.5008925000000001,0.348315,,
spatial,across,rest,700,513,0.004416666666666667,0.0006246081392643932,0.003950368730310261,40,0.5016411111111111,0.3403952777777778,,
spatial,across,rest,700,514,0.002916666666666667,0.00046513025470953175,0.002941742027072761,40,0.5156683333333333,0.3317377777777778,,
spatial,across,rest,700,515,0.0034166666666666664,0.0004217636961434866,0.0026674678283691846,40,0.49867333333333336,0.31248999999999993,,
spatial,across,rest,700,516,0.003166666666666666,0.00047666337934435156,0.0030146839118420175,40,0.5079655555555556,0.33506611111111106,,
spatial,across,rest,700,517,0.003333333333333334,0.00046225016352102424,0.0029235267310234307,40,0.5032852777777779,0.33691638888888886,,
spatial,across,rest,700,518,0.0026666666666666666,0.0004336290903919939,0.0027425111706914744,40,0.48267194444444445,0.32098166666666667,,
spatial,across,rest,700,519,0.00375,0.000574722774741238,0.0036348659827084013,40,0.4878875000000001,0.3292891666666666,,
spatial,across,rest,700,520,0.0019166666666666668,0.00046051346296568745,0.0029125428722863436,40,0.49012472222222225,0.3427455555555555,,
spatial,across,rest,700,521,0.0020833333333333337,0.00044156384869985954,0.002792694988563072,40,0.5016958333333333,0.3340497222222222,,
spatial,across,rest,700,522,0.0036666666666666666,0.0005943705521611524,0.003759129437922314,40,0.4896647222222222,0.3347088888888889,,
spatial,across,rest,700,523,0.00225,0.0004200715581423169,0.002656765807971143,40,0.5254930555555555,0.3451511111111111,,
spatial,across,rest,700,524,0.004833333333333334,0.0005462902602399647,0.0034550429718488217,40,0.5198980555555555,0.33407027777777776,,
spatial,across,rest,700,525,0.00275,0.00044477818665896303,0.0028130242468036807,40,0.48088583333333335,0.34041722222222226,,
spatial,across,rest,700,526,0.00425,0.0006643924886069821,0.004201987048611068,40,0.5220202777777778,0.33371111111111107,,
spatial,across,rest,700,527,0.003333333333333333,0.0004921028776234113,0.0031123318728261753,40,0.48456416666666674,0.32869388888888884,,
spatial,across,rest,700,528,0.004083333333333333,0.0005131809630673188,0.003245641390262953,40,0.4921588888888889,0.3523494444444444,,
spatial,across,rest,700,529,0.003333333333333333,0.0003958473906635696,0.0025035587206627026,40,0.5174697222222222,0.3610180555555555,,
spatial,across,rest,700,530,0.0028333333333333335,0.00045526361293755647,0.002879339905359958,40,0.488836388888889,0.3464111111111111,,
spatial,across,rest,700,531,0.0036666666666666666,0.0005443310539518173,0.0034426518632954812,40,0.4874341666666667,0.33722916666666664,,
spatial,across,rest,700,532,0.00375,0.0005362566783465032,0.0033915850281024955,40,0.49619916666666664,0.3378222222222222,,
spatial,across,rest,700,533,0.0025,0.00042617359329729905,0.002695358466875467,40,0.47627694444444446,0.3376786111111111,,
spatial,across,rest,700,534,0.004333333333333333,0.00044975460228796133,0.002844497862746269,40,0.5241436111111112,0.34952805555555555,,
spatial,across,rest,700,535,0.0036666666666666666,0.0004591581544807963,0.0029039711487975277,40,0.5360727777777777,0.32131027777777776,,
spatial,across,rest,700,536,0.0037500000000000007,0.0005621932528599516,0.003555622328432836,40,0.5272719444444445,0.33234888888888886,,
spatial,across,rest,700,537,0.0041666666666666675,0.0005566229063100618,0.003520392363524611,40,0.4890630555555555,0.34657361111111107,,
spatial,across,rest,700,538,0.003916666666666667,0.000444778186658963,0.0028130242468036803,40,0.5063236111111111,0.3262047222222222,,
spatial,across,rest,700,539,0.003083333333333333,0.00046818282400698627,0.0029610481704636735,40,0.5083691666666666,0.33985861111111115,,
spatial,across,rest,700,540,0.004,0.0005229763603684908,0.0033075929223788923,40,0.4940077777777779,0.34667861111111103,,
spatial,across,rest,700,541,0.0025,0.0004583818933094545,0.002899061642076347,40,0.49315944444444443,0.3322361111111111,,
spatial,across,rest,700,542,0.0038333333333333336,0.0005,0.0031622776601683794,40,0.5165930555555555,0.3364830555555555,,
spatial,across,rest,700,543,0.0032500000000000003,0.0004846283858428769,0.0030650590360687827,40,0.489635,0.32705277777777775,,
spatial,across,rest,700,544,0.002916666666666667,0.00046513025470953175,0.002941742027072761,40,0.48200833333333326,0.3417122222222222,,
spatial,across,rest,700,545,0.003916666666666667,0.00046051346296568745,0.0029125428722863436,40,0.5141013888888889,0.33882861111111107,,
spatial,across,rest,700,546,0.002,0.00044337478117411743,0.002804148331177911,40,0.49782416666666673,0.34762027777777776,,
spatial,across,rest,700,547,0.0034166666666666664,0.0004697016692749325,0.002970654191383831,40,0.5022216666666667,0.3476355555555556,,
spatial,across,rest,700,548,0.002416666666666667,0.00039562241344126857,0.002502135839774444,40,0.5096011111111112,0.32900833333333324,,
spatial,across,rest,700,549,0.0019166666666666666,0.00031322920619338105,0.001981035442515208,40,0.47285916666666666,0.34242277777777774,,
spatial,across,rest,700,550,0.003333333333333333,0.00047740991602628855,0.0030194054243855885,40,0.49776388888888884,0.3345005555555555,,
spatial,across,rest,700,551,0.0036666666666666666,0.00044337478117411743,0.002804148331177911,40,0.49195055555555556,0.34278555555555557,,
spatial,across,rest,700,552,0.0028333333333333335,0.0005277215444626347,0.0033376041016874875,40,0.5208519444444445,0.3372386111111111,,
spatial,across,rest,700,553,0.0037500000000000007,0.00043342372495760464,0.0027412123256407945,40,0.5189355555555555,0.3227852777777777,,
spatial,across,rest,700,554,0.004083333333333333,0.0005659812345252781,0.0035795796280276146,40,0.5150852777777777,0.3459063888888888,,
spatial,across,rest,700,555,0.0026666666666666666,0.0004653216269680751,0.002942952371508696,40,0.5072949999999999,0.3322572222222222,,
spatial,across,rest,700,556,0.0020833333333333333,0.0004574097142864882,0.0028929130420643255,40,0.4762630555555556,0.34173,,
spatial,across,rest,700,557,0.003833333333333333,0.0005791977947731547,0.0036631684944598737,40,0.4965427777777777,0.3333572222222222,,
spatial,across,rest,700,558,0.003333333333333333,0.0004622501635210243,0.002923526731023431,40,0.4925558333333333,0.33800027777777775,,
spatial,across,rest,700,559,0.0032500000000000003,0.00045428476077747075,0.0028731491007230646,40,0.5063247222222221,0.33754972222222224,,
spatial,across,rest,700,560,0.003999999999999999,0.0005364226763936138,0.0033926348919345135,40,0.5049872222222221,0.3598872222222222,,
spatial,across,rest,700,561,0.004416666666666667,0.0004976798018658033,0.00314760343871451,40,0.519708888888889,0.3191680555555555,,
spatial,across,rest,700,562,0.0025,0.000426173593297299,0.0026953584668754664,40,0.4943000000000001,0.3489130555555556,,
spatial,across,rest,700,563,0.0030833333333333333,0.0006246081392643932,0.003950368730310261,40,0.5063705555555555,0.33733916666666663,,
spatial,across,rest,700,564,0.0018333333333333333,0.00041258686385768536,0.002609428444912182,40,0.49002222222222225,0.3312247222222222,,
spatial,across,rest,700,565,0.003,0.0005443310539518173,0.0034426518632954817,40,0.5105327777777778,0.34659194444444447,,
spatial,across,rest,700,566,0.003583333333333333,0.0004027593570795094,0.0025472738346326235,40,0.49320388888888883,0.3283047222222223,,
spatial,across,rest,700,567,0.0035000000000000005,0.0006309898162000304,0.003990729999126216,40,0.4983447222222222,0.35160777777777763,,
spatial,across,rest,700,568,0.0034166666666666664,0.0005268773245260372,0.003332264785995945,40,0.49995305555555547,0.3531769444444445,,
spatial,across,rest,700,569,0.0034166666666666664,0.00045428476077747075,0.0028731491007230646,40,0.4936036111111111,0.3350883333333333,,
spatial,across,rest,700,570,0.00275,0.00046051346296568745,0.0029125428722863436,40,0.5095844444444444,0.34299583333333333,,
spatial,across,rest,700,571,0.00275,0.0004605134629656874,0.002912542872286343,40,0.49202250000000003,0.32958444444444446,,
spatial,across,rest,700,572,0.003,0.00044337478117411754,0.0028041483311779113,40,0.5205419444444445,0.3371247222222222,,
spatial,across,rest,700,573,0.00275,0.00039381796885438406,0.002490723530162211,40,0.4784169444444446,0.34110694444444445,,
spatial,across,rest,700,574,0.0023333333333333335,0.00038118124993124375,0.0024108019022652635,40,0.5018997222222222,0.33258833333333326,,
spatial,across,rest,700,575,0.0025833333333333333,0.0005131809630673188,0.003245641390262953,40,0.5000569444444445,0.33209,,
spatial,across,rest,700,576,0.0030833333333333333,0.000577196041787598,0.0036505082969650712,40,0.5280427777777777,0.3292980555555555,,
spatial,across,rest,700,577,0.002916666666666667,0.000399206834693617,0.0025248057102763123,40,0.49302916666666674,0.3372708333333333,,
spatial,across,rest,700,578,0.004166666666666667,0.000543676416247795,0.0034385115709216142,40,0.49600472222222225,0.3287836111111111,,
spatial,across,rest,700,579,0.004333333333333333,0.0005229763603684908,0.0033075929223788923,40,0.49631527777777773,0.33491944444444444,,
spatial,across,rest,700,580,0.003166666666666667,0.0005056659032384978,0.0031981119786399334,40,0.5093741666666667,0.3550036111111111,,
spatial,across,rest,700,581,0.002416666666666667,0.00043012454301878954,0.0027203464669569026,40,0.4900775000000001,0.3267997222222222,,
spatial,across,rest,700,582,0.004833333333333334,0.0005330928945203023,0.0033715755022721006,40,0.4972058333333333,0.33818722222222214,,
spatial,across,rest,700,583,0.00275,0.0004757285610699276,0.0030087716019509612,40,0.4814638888888888,0.33450083333333336,,
spatial,across,rest,700,584,0.0035000000000000005,0.00047666337934435156,0.0030146839118420175,40,0.5079813888888889,0.33297499999999997,,
spatial,across,rest,700,585,0.0027500000000000003,0.00044477818665896303,0.0028130242468036807,40,0.5058069444444444,0.3414341666666667,,
spatial,across,rest,700,586,0.0023333333333333335,0.00044975460228796133,0.002844497862746269,40,0.5100316666666667,0.3296602777777778,,
spatial,across,rest,700,587,0.003166666666666666,0.0004457779141208643,0.002819347078441735,40,0.4804805555555555,0.3451755555555555,,
spatial,across,rest,700,588,0.004083333333333333,0.0006481125346341155,0.004099023579097137,40,0.4883675,0.3181275,,
spatial,across,rest,700,589,0.004333333333333333,0.000622466374565235,0.003936823020987291,40,0.5026694444444445,0.3498783333333334,,
spatial,across,rest,700,590,0.0041666666666666675,0.0005304140187994953,0.0033546328045795494,40,0.4823386111111111,0.35477055555555553,,
spatial,across,rest,700,591,0.006333333333333332,0.0005943705521611524,0.003759129437922314,40,0.5175961111111113,0.33655972222222214,,
spatial,across,rest,700,592,0.003833333333333333,0.0006032910690206792,0.0038155477402863876,40,0.5204330555555556,0.3295936111111112,,
spatial,across,rest,700,593,0.003916666666666667,0.00046051346296568745,0.0029125428722863436,40,0.5191355555555555,0.35525666666666667,,
spatial,across,rest,700,594,0.003916666666666667,0.0005187029077928006,0.003280565235155104,40,0.5240758333333334,0.3304786111111111,,
spatial,across,rest,700,595,0.003166666666666666,0.00041258686385768536,0.002609428444912182,40,0.5247708333333333,0.3497486111111111,,
spatial,across,rest,700,596,0.004166666666666667,0.0006509909168253992,0.004117228066498983,40,0.4919986111111111,0.3413961111111111,,
spatial,across,rest,700,597,0.0035833333333333333,0.00048315646631310954,0.003055749799575685,40,0.4836875,0.327668611111111,,
spatial,across,rest,700,598,0.00225,0.00045271419510563445,0.002863215971247314,40,0.5046602777777778,0.3153127777777778,,
spatial,across,rest,700,599,0.0030833333333333333,0.0005389065112987853,0.003408344043198855,40,0.5006608333333334,0.3398805555555555,,
spatial,across,rest,700,600,0.004166666666666667,0.0004884710724331468,0.0030893623199876614,40,0.49688277777777773,0.32645805555555557,,
spatial,across,rest,700,601,0.002916666666666667,0.0003809476113865037,0.002409324242364092,40,0.5110213888888889,0.3444886111111111,,
spatial,across,rest,700,602,0.004416666666666667,0.0005519648921491675,0.003490932495281123,40,0.47035277777777773,0.3321747222222221,,
spatial,across,rest,700,603,0.002916666666666667,0.0005493780477196366,0.0034745718545814495,40,0.5105697222222222,0.3509094444444444,,
spatial,across,rest,700,604,0.003916666666666667,0.0005709927876363795,0.003611275472919581,40,0.4861772222222223,0.33872555555555556,,
spatial,across,rest,700,605,0.0036666666666666666,0.0005035486605694166,0.0031847213602527527,40,0.5116855555555555,0.3276863888888889,,
spatial,across,rest,700,606,0.003166666666666667,0.0005056659032384978,0.0031981119786399334,40,0.4681397222222222,0.3355361111111111,,
spatial,across,rest,700,607,0.004333333333333333,0.0007376717048657515,0.0046654455056705756,40,0.5078166666666666,0.33849222222222225,,
spatial,across,rest,700,608,0.0034166666666666664,0.0004217636961434866,0.0026674678283691846,40,0.5075855555555555,0.3495674999999999,,
spatial,across,rest,700,609,0.004166666666666667,0.0004425708371198286,0.002799063742532105,40,0.49221972222222227,0.30635194444444447,,
spatial,across,rest,700,610,0.004833333333333334,0.0005840959605818988,0.003694147215085458,40,0.485135,0.34142388888888886,,
spatial,across,rest,700,611,0.003333333333333334,0.0005723943812052382,0.0036201399289824566,40,0.4824366666666666,0.3594258333333333,,
spatial,across,rest,700,612,0.003083333333333333,0.0004976798018658033,0.00314760343871451,40,0.5161522222222222,0.34123833333333337,,
spatial,across,rest,700,613,0.0041666666666666675,0.000683025780277887,0.004319834332583677,40,0.5229711111111112,0.34119861111111105,,
spatial,across,rest,700,614,0.002416666666666667,0.00039562241344126857,0.002502135839774444,40,0.4985241666666667,0.3433147222222222,,
spatial,across,rest,700,615,0.0034166666666666664,0.0005131809630673188,0.003245641390262953,40,0.4933380555555556,0.35268527777777775,,
spatial,across,rest,700,616,0.003833333333333333,0.000514047677015483,0.0032511229705750244,40,0.5247147222222223,0.32276388888888885,,
spatial,across,rest,700,617,0.0024999999999999996,0.0004583818933094545,0.002899061642076347,40,0.5169658333333335,0.3303263888888889,,
spatial,across,rest,700,618,0.004083333333333333,0.0004846283858428769,0.0030650590360687827,40,0.5123102777777778,0.34862944444444444,,
spatial,across,rest,700,619,0.004583333333333333,0.0006718548123582123,0.004249182927993987,40,0.5079391666666666,0.3324316666666666,,
spatial,across,rest,700,620,0.0026666666666666666,0.0003994297930101854,0.0025262158224835783,40,0.4975100000000001,0.34430499999999997,,
spatial,across,rest,700,621,0.004666666666666666,0.0005822639771026017,0.0036825607342247002,40,0.5371433333333334,0.3352111111111111,,
spatial,across,rest,700,622,0.005,0.0005723943812052382,0.0036201399289824566,40,0.5127227777777777,0.32669638888888886,,
spatial,across,rest,700,623,0.0035833333333333333,0.0006359090673047066,0.004021842074872368,40,0.5057230555555556,0.3183844444444444,,
spatial,across,rest,700,624,0.005083333333333334,0.0006643924886069821,0.004201987048611068,40,0.5292444444444445,0.32321249999999996,,
spatial,across,rest,700,625,0.0045,0.00043934034986550346,0.002778632347180483,40,0.4891166666666667,0.33148361111111113,,
spatial,across,rest,700,626,0.002416666666666667,0.00039562241344126857,0.002502135839774444,40,0.506036111111111,0.3357036111111112,,
spatial,across,rest,700,627,0.004416666666666667,0.0004366979828269512,0.002761920550668525,40,0.5078658333333333,0.3259766666666667,,
spatial,across,rest,700,628,0.002416666666666667,0.000337315951715971,0.0021333733970597016,40,0.49660611111111114,0.3296125,,
spatial,across,rest,700,629,0.006083333333333334,0.0006072625513464554,0.0038406655999594984,40,0.5313044444444446,0.3563316666666666,,
spatial,across,rest,700,630,0.0045,0.0005410499447694665,0.003421900306759639,40,0.49243527777777774,0.3460922222222222,,
spatial,across,rest,700,631,0.0032500000000000003,0.0005131809630673188,0.003245641390262953,40,0.5110797222222223,0.3462297222222222,,
spatial,across,rest,700,632,0.0016666666666666666,0.00046225016352102424,0.0029235267310234307,40,0.49536055555555547,0.33546944444444443,,
spatial,across,rest,700,633,0.0028333333333333335,0.00043934034986550346,0.002778632347180483,40,0.5247261111111111,0.3212702777777777,,
spatial,across,rest,700,634,0.003333333333333333,0.0005337605126836238,0.003375797890278889,40,0.5101058333333335,0.3389616666666667,,
spatial,across,rest,700,635,0.003333333333333333,0.0004465760847047224,0.0028243951524544115,40,0.5052158333333333,0.3429280555555555,,
spatial,across,rest,700,636,0.0032500000000000003,0.0004846283858428769,0.0030650590360687827,40,0.5045216666666666,0.34221611111111117,,
spatial,across,rest,700,637,0.003833333333333333,0.00048554606965249525,0.0030708629780892916,40,0.47667111111111105,0.3243855555555556,,
spatial,across,rest,700,638,0.0028333333333333335,0.0005410499447694665,0.003421900306759639,40,0.5189369444444445,0.32502888888888887,,
spatial,across,rest,700,639,0.0034166666666666664,0.0004697016692749325,0.002970654191383831,40,0.5105172222222222,0.3275911111111111,,
spatial,across,rest,700,640,0.004083333333333333,0.0006370281338409186,0.004028919673087779,40,0.505748888888889,0.34327166666666664,,
spatial,across,rest,700,641,0.0021666666666666666,0.0004228178434916492,0.002674134841588425,40,0.5062252777777777,0.32345138888888886,,
spatial,across,rest,700,642,0.0030833333333333333,0.0004527141951056344,0.0028632159712473136,40,0.5234066666666667,0.3447802777777778,,
spatial,across,rest,700,643,0.003333333333333334,0.000559812748506421,0.003540566696958629,40,0.4920602777777777,0.3408199999999999,,
spatial,across,rest,700,644,0.002416666666666667,0.00039562241344126857,0.002502135839774444,40,0.4900186111111111,0.34968916666666666,,
spatial,across,rest,700,645,0.003833333333333333,0.0005791977947731548,0.003663168494459874,40,0.508986111111111,0.3637355555555556,,
spatial,across,rest,700,646,0.003,0.00040998922923799846,0.0025929995610579504,40,0.4973897222222222,0.3514663888888888,,
spatial,across,rest,700,647,0.0035833333333333333,0.0004366979828269512,0.002761920550668525,40,0.5139852777777778,0.32473694444444445,,
spatial,across,rest,700,648,0.0036666666666666666,0.0006062354060275328,0.003834169362567948,40,0.5001447222222222,0.3340780555555556,,
spatial,across,rest,700,649,0.0032500000000000003,0.0004697016692749325,0.002970654191383831,40,0.5190680555555556,0.34073416666666667,,
spatial,across,rest,700,650,0.003166666666666666,0.00041258686385768536,0.002609428444912182,40,0.5016758333333333,0.34042000000000006,,
spatial,across,rest,700,651,0.0035000000000000005,0.0006079951641733013,0.003845299050311274,40,0.49840194444444447,0.3332755555555555,,
spatial,across,rest,700,652,0.0025833333333333333,0.00045428476077747075,0.0028731491007230646,40,0.5058836111111111,0.3413922222222222,,
spatial,across,rest,700,653,0.002916666666666667,0.0004651302547095317,0.0029417420270727605,40,0.4916966666666666,0.33741111111111105,,
spatial,across,rest,700,654,0.0042499999999999994,0.0004301245430187895,0.002720346466956902,40,0.5159602777777778,0.35782361111111116,,
spatial,across,rest,700,655,0.0038333333333333336,0.000514047677015483,0.0032511229705750244,40,0.5113830555555555,0.3364488888888889,,
spatial,across,rest,700,656,0.004333333333333333,0.000622466374565235,0.003936823020987291,40,0.5391422222222222,0.3376219444444445,,
spatial,across,rest,700,657,0.0034166666666666664,0.0004846283858428769,0.0030650590360687827,40,0.49078888888888883,0.34123277777777783,,
spatial,across,rest,700,658,0.003166666666666667,0.0005462902602399647,0.0034550429718488217,40,0.5143077777777778,0.33458,,
spatial,across,rest,700,659,0.005,0.0006537204504606134,0.004134491152973615,40,0.4857013888888888,0.3410949999999999,,
spatial,across,rest,700,660,0.00225,0.00034565887371808783,0.0021861386687953444,40,0.49678722222222216,0.332465,,
spatial,across,rest,700,661,0.0035000000000000005,0.0005717718748968656,0.003616202853397895,40,0.4911366666666666,0.3434966666666667,,
spatial,across,rest,700,662,0.005,0.0005967623950328607,0.003774256780481986,40,0.5473041666666667,0.31793416666666674,,
spatial,across,rest,700,663,0.0028333333333333335,0.0005913671446023187,0.003740134220666952,40,0.4878161111111112,0.3421155555555556,,
spatial,across,rest,700,664,0.0028333333333333335,0.000514047677015483,0.0032511229705750244,40,0.4899536111111112,0.33287611111111104,,
spatial,across,rest,700,665,0.00225,0.0004200715581423169,0.002656765807971143,40,0.47937472222222227,0.3361080555555555,,
spatial,across,rest,700,666,0.0023333333333333335,0.0004168802871199042,0.0026365824378477057,40,0.49328916666666667,0.33133944444444435,,
spatial,across,rest,700,667,0.005916666666666666,0.0006142595663193327,0.0038849186082326862,40,0.5113113888888888,0.3481652777777778,,
spatial,across,rest,700,668,0.003083333333333333,0.00046818282400698627,0.0029610481704636735,40,0.48004027777777775,0.33901777777777775,,
spatial,across,rest,700,669,0.0025833333333333333,0.0004697016692749325,0.002970654191383831,40,0.5041475,0.3356708333333333,,
spatial,across,rest,700,670,0.0037500000000000007,0.0006336650053706131,0.004007649381027932,40,0.515446111111111,0.3387077777777778,,
spatial,across,rest,700,671,0.003583333333333333,0.0005389065112987853,0.003408344043198855,40,0.4978908333333333,0.34214611111111104,,
spatial,across,rest,700,672,0.0028333333333333335,0.0004855460696524952,0.003070862978089291,40,0.5031952777777777,0.32803305555555556,,
spatial,across,rest,700,673,0.002916666666666667,0.0004651302547095317,0.0029417420270727605,40,0.49228694444444454,0.33338527777777777,,
spatial,across,rest,700,674,0.0025833333333333333,0.00036762694766511963,0.0023250769677545958,40,0.5124358333333333,0.3417799999999999,,
spatial,across,rest,700,675,0.0032500000000000003,0.0005784287095915728,0.0036583043726829078,40,0.5109669444444445,0.33579472222222223,,
spatial,across,rest,700,676,0.003333333333333333,0.0004303314829119352,0.002721655269759087,40,0.49971638888888903,0.34232027777777774,,
spatial,across,rest,700,677,0.0026666666666666666,0.0005229763603684908,0.0033075929223788923,40,0.5025225000000001,0.3203558333333333,,
spatial,across,rest,700,678,0.003333333333333333,0.0005723943812052383,0.003620139928982457,40,0.5026844444444445,0.3427811111111111,,
spatial,across,rest,700,679,0.004,0.00048038446141526135,0.003038218101251,40,0.4919936111111111,0.34631722222222217,,
spatial,across,rest,700,680,0.0025833333333333333,0.00040452391911925445,0.0025584339048691576,40,0.47471555555555556,0.3365080555555555,,
spatial,across,rest,700,681,0.005,0.0005337605126836238,0.003375797890278889,40,0.5297686111111112,0.31346444444444443,,
spatial,across,rest,700,682,0.0036666666666666666,0.00047441672090180913,0.003000474796236256,40,0.5105152777777778,0.34755055555555553,,
spatial,across,rest,700,683,0.003333333333333333,0.000559812748506421,0.003540566696958629,40,0.5070502777777778,0.34617305555555555,,
spatial,across,rest,700,684,0.002416666666666667,0.0004463766758603509,0.002823133980186819,40,0.4991355555555555,0.3293744444444444,,
spatial,across,rest,700,685,0.003166666666666667,0.0005591762357951763,0.003536541037104265,40,0.4914605555555555,0.3382555555555554,,
spatial,across,rest,700,686,0.003166666666666666,0.0004913786640188923,0.0031077515438206536,40,0.5259313888888888,0.3470977777777778,,
spatial,across,rest,700,687,0.0035000000000000005,0.0005717718748968656,0.003616202853397895,40,0.5095816666666666,0.35298416666666665,,
spatial,across,rest,700,688,0.003333333333333333,0.0005337605126836238,0.003375797890278889,40,0.5036319444444446,0.34224666666666664,,
spatial,across,rest,700,689,0.004416666666666667,0.0005389065112987853,0.003408344043198855,40,0.5060055555555556,0.3259930555555556,,
spatial,across,rest,700,690,0.003833333333333333,0.000514047677015483,0.003251122970575025,40,0.5020913888888889,0.3157319444444444,,
spatial,across,rest,700,691,0.0034166666666666664,0.0003865159594306383,0.0024445415676121107,40,0.47957388888888886,0.3203447222222222,,
spatial,across,rest,700,692,0.0034166666666666664,0.0004991088925371763,0.003156641801723386,40,0.5067622222222223,0.32023361111111104,,
spatial,across,rest,700,693,0.0019166666666666666,0.0003558125406763569,0.0022503560971771923,40,0.4963266666666667,0.3528269444444444,,
spatial,across,rest,700,694,0.0035833333333333333,0.0005255237517707583,0.003323704040225084,40,0.4851438888888889,0.32937361111111113,,
spatial,across,rest,700,695,0.0034999999999999996,0.0005330928945203023,0.0033715755022721006,40,0.5152922222222223,0.3327258333333333,,
spatial,across,rest,700,696,0.0032500000000000003,0.000540226553720501,0.0034166927245201863,40,0.49087305555555555,0.3366922222222223,,
spatial,across,rest,700,697,0.00225,0.0003656843874505326,0.0023127911382143547,40,0.5090452777777777,0.33231722222222215,,
spatial,across,rest,700,698,0.0026666666666666666,0.00036201399289824567,0.0022895775248209533,40,0.5007050000000001,0.33011083333333335,,
spatial,across,rest,700,699,0.0021666666666666666,0.0004056228722963173,0.002565384295031951,40,0.48934888888888894,0.3401738888888889,,
spatial,across,word,5,0,0.007,0.0006292943635623,0.0039800070151264,40,0.5927647222222223,0.370296111111111,,
spatial,across,word,5,1,0.0074166666666666,0.0005532537786493,0.0034990841292529,40,0.5282702777777779,0.3948830555555555,,
spatial,across,word,5,2,0.00625,0.0006448072217929,0.0040781189451822,40,0.5504149999999999,0.3645122222222222,,
spatial,across,word,5,3,0.0071666666666666,0.0005791977947731,0.0036631684944598,40,0.5357205555555556,0.3513113888888889,,
spatial,across,word,5,4,0.0054166666666666,0.0006049122278635,0.0038258008490709,40,0.5324647222222222,0.3555566666666666,,
spatial,across,word,10,0,0.0055833333333333,0.0006686668711812,0.0042290206176626,40,0.5558802777777778,0.3407383333333333,msaa_flexible_outputs_npz/spatialAA_across_acrossCond_K10.npz,spatialAA_across_acrossCond_K10.npz
spatial,across,word,10,1,0.0064166666666666,0.0004200715581423,0.0026567658079711,40,0.5999183333333334,0.3796758333333333,msaa_flexible_outputs_npz/spatialAA_across_acrossCond_K10.npz,spatialAA_across_acrossCond_K10.npz
spatial,across,word,10,2,0.0083333333333333,0.0005967623950328,0.0037742567804819,40,0.5296936111111112,0.3923369444444443,msaa_flexible_outputs_npz/spatialAA_across_acrossCond_K10.npz,spatialAA_across_acrossCond_K10.npz
spatial,across,word,10,3,0.0065833333333333,0.0007009100718172,0.0044329445237897,40,0.5764319444444446,0.3664988888888889,msaa_flexible_outputs_npz/spatialAA_across_acrossCond_K10.npz,spatialAA_across_acrossCond_K10.npz
spatial,across,word,10,4,0.0086666666666666,0.0004744167209018,0.0030004747962362,40,0.5389463888888889,0.3833705555555555,msaa_flexible_outputs_npz/spatialAA_across_acrossCond_K10.npz,spatialAA_across_acrossCond_K10.npz
spatial,across,word,10,5,0.0080833333333333,0.0006072625513464,0.0038406655999594,40,0.5660255555555557,0.3991899999999999,msaa_flexible_outputs_npz/spatialAA_across_acrossCond_K10.npz,spatialAA_across_acrossCond_K10.npz
spatial,across,word,10,6,0.0063333333333333,0.0005699002761767,0.0036043658237549,40,0.5275863888888889,0.3489736111111111,msaa_flexible_outputs_npz/spatialAA_across_acrossCond_K10.npz,spatialAA_across_acrossCond_K10.npz
spatial,across,word,10,7,0.0056666666666666,0.0005748776656683,0.0036358455989457,40,0.5877711111111112,0.3452069444444444,msaa_flexible_outputs_npz/spatialAA_across_acrossCond_K10.npz,spatialAA_across_acrossCond_K10.npz
spatial,across,word,10,8,0.0061666666666666,0.0005277215444626,0.0033376041016874,40,0.5454272222222222,0.3651197222222221,msaa_flexible_outputs_npz/spatialAA_across_acrossCond_K10.npz,spatialAA_across_acrossCond_K10.npz
spatial,across,word,10,9,0.0043333333333333,0.0005495400822454,0.0034755966509035,40,0.5449247222222222,0.3496794444444444,msaa_flexible_outputs_npz/spatialAA_across_acrossCond_K10.npz,spatialAA_across_acrossCond_K10.npz
spatial,across,word,25,0,0.0048333333333333,0.0005717718748968,0.0036162028533978,40,0.5130752777777777,0.3358194444444444,msaa_flexible_outputs_npz/spatialAA_across_acrossCond_K25.npz,spatialAA_across_acrossCond_K25.npz
spatial,across,word,25,1,0.0070833333333333,0.0008866491547656,0.0056076616290454,40,0.5360441666666667,0.3362308333333333,msaa_flexible_outputs_npz/spatialAA_across_acrossCond_K25.npz,spatialAA_across_acrossCond_K25.npz
spatial,across,word,25,2,0.0069166666666666,0.0003846687997096,0.0024328591037714,40,0.6489133333333333,0.3937361111111111,msaa_flexible_outputs_npz/spatialAA_across_acrossCond_K25.npz,spatialAA_across_acrossCond_K25.npz
spatial,across,word,25,3,0.0045,0.0006487990219938,0.0041033653063804,40,0.5589411111111111,0.3435925,msaa_flexible_outputs_npz/spatialAA_across_acrossCond_K25.npz,spatialAA_across_acrossCond_K25.npz
spatial,across,word,25,4,0.0066666666666666,0.0005202453946507,0.0032903207786188,40,0.5313691666666667,0.4137580555555555,msaa_flexible_outputs_npz/spatialAA_across_acrossCond_K25.npz,spatialAA_across_acrossCond_K25.npz
spatial,across,word,25,5,0.0055,0.0005913671446023,0.0037401342206669,40,0.5684741666666667,0.3649780555555555,msaa_flexible_outputs_npz/spatialAA_across_acrossCond_K25.npz,spatialAA_across_acrossCond_K25.npz
spatial,across,word,25,6,0.008,0.0006062354060275,0.0038341693625679,40,0.5539113888888889,0.3816422222222222,msaa_flexible_outputs_npz/spatialAA_across_acrossCond_K25.npz,spatialAA_across_acrossCond_K25.npz
spatial,across,word,25,7,0.0056666666666666,0.0005623515948579,0.0035566237711589,40,0.5685455555555556,0.3798283333333334,msaa_flexible_outputs_npz/spatialAA_across_acrossCond_K25.npz,spatialAA_across_acrossCond_K25.npz
spatial,across,word,25,8,0.0049166666666666,0.0005061938301996,0.0032014508819108,40,0.5306966666666666,0.3637891666666666,msaa_flexible_outputs_npz/spatialAA_across_acrossCond_K25.npz,spatialAA_across_acrossCond_K25.npz
spatial,across,word,25,9,0.0065,0.0005056659032384,0.0031981119786399,40,0.5358783333333333,0.3518811111111111,msaa_flexible_outputs_npz/spatialAA_across_acrossCond_K25.npz,spatialAA_across_acrossCond_K25.npz
spatial,across,word,25,10,0.0054166666666666,0.0006165742596507,0.0038995580142565,40,0.596986111111111,0.3457097222222221,msaa_flexible_outputs_npz/spatialAA_across_acrossCond_K25.npz,spatialAA_across_acrossCond_K25.npz
spatial,across,word,25,11,0.0045833333333333,0.0005019548679499,0.003174641330662,40,0.5333627777777779,0.3382130555555555,msaa_flexible_outputs_npz/spatialAA_across_acrossCond_K25.npz,spatialAA_across_acrossCond_K25.npz
spatial,across,word,25,12,0.0034166666666666,0.0004991088925371,0.0031566418017233,40,0.5281330555555556,0.3306608333333333,msaa_flexible_outputs_npz/spatialAA_across_acrossCond_K25.npz,spatialAA_across_acrossCond_K25.npz
spatial,across,word,25,13,0.0034166666666666,0.0004217636961434,0.0026674678283691,40,0.5340800000000001,0.3094274999999999,msaa_flexible_outputs_npz/spatialAA_across_acrossCond_K25.npz,spatialAA_across_acrossCond_K25.npz
spatial,across,word,25,14,0.00425,0.0005335936864527,0.0033747427885527,40,0.5315466666666666,0.3413569444444444,msaa_flexible_outputs_npz/spatialAA_across_acrossCond_K25.npz,spatialAA_across_acrossCond_K25.npz
spatial,across,word,25,15,0.00475,0.0005454747794744,0.0034498854186348,40,0.5334488888888889,0.3275536111111111,msaa_flexible_outputs_npz/spatialAA_across_acrossCond_K25.npz,spatialAA_across_acrossCond_K25.npz
spatial,across,word,25,16,0.0053333333333333,0.000662379376752,0.0041892550113185,40,0.5465805555555556,0.3262330555555555,msaa_flexible_outputs_npz/spatialAA_across_acrossCond_K25.npz,spatialAA_across_acrossCond_K25.npz
spatial,across,word,25,17,0.0035,0.0004295031251026,0.0027164162749691,40,0.49747,0.3496972222222221,msaa_flexible_outputs_npz/spatialAA_across_acrossCond_K25.npz,spatialAA_across_acrossCond_K25.npz
spatial,across,word,25,18,0.0050833333333333,0.0005061938301996,0.0032014508819108,40,0.5080933333333333,0.3361052777777777,msaa_flexible_outputs_npz/spatialAA_across_acrossCond_K25.npz,spatialAA_across_acrossCond_K25.npz
spatial,across,word,25,19,0.003,0.000557262335477,0.0035244364686645,40,0.5114719444444444,0.3275849999999999,msaa_flexible_outputs_npz/spatialAA_across_acrossCond_K25.npz,spatialAA_across_acrossCond_K25.npz
spatial,across,word,25,20,0.00375,0.0005621932528599,0.0035556223284328,40,0.5034761111111111,0.3347533333333333,msaa_flexible_outputs_npz/spatialAA_across_acrossCond_K25.npz,spatialAA_across_acrossCond_K25.npz
spatial,across,word,25,21,0.0042499999999999,0.0005061938301996,0.0032014508819108,40,0.5325247222222222,0.3375636111111111,msaa_flexible_outputs_npz/spatialAA_across_acrossCond_K25.npz,spatialAA_across_acrossCond_K25.npz
spatial,across,word,25,22,0.0043333333333333,0.0005495400822454,0.0034755966509035,40,0.5271705555555556,0.3221188888888888,msaa_flexible_outputs_npz/spatialAA_across_acrossCond_K25.npz,spatialAA_across_acrossCond_K25.npz
spatial,across,word,25,23,0.003,0.0004744167209018,0.0030004747962362,40,0.502688888888889,0.3351088888888888,msaa_flexible_outputs_npz/spatialAA_across_acrossCond_K25.npz,spatialAA_across_acrossCond_K25.npz
spatial,across,word,25,24,0.005,0.0005469417694282,0.0034591634777518,40,0.504401388888889,0.3394022222222222,msaa_flexible_outputs_npz/spatialAA_across_acrossCond_K25.npz,spatialAA_across_acrossCond_K25.npz
spatial,across,word,40,0,0.0061666666666666,0.0005,0.0031622776601683,40,0.5366002777777779,0.3422211111111111,,
spatial,across,word,40,1,0.0048333333333333,0.0005961653339578,0.0037704806346836,40,0.5130166666666667,0.3379705555555555,,
spatial,across,word,40,2,0.00325,0.0004991088925371,0.0031566418017233,40,0.5646927777777778,0.3305491666666667,,
spatial,across,word,40,3,0.0080833333333333,0.0004284654257727,0.0027098532881513,40,0.6875738888888889,0.3979388888888889,,
spatial,across,word,40,4,0.00675,0.0004697016692749,0.0029706541913838,40,0.5373955555555556,0.4036797222222221,,
spatial,across,word,40,5,0.0060833333333333,0.0005322571942188,0.0033662900694843,40,0.5732352777777778,0.3531433333333333,,
spatial,across,word,40,6,0.0034166666666666,0.0004991088925371,0.0031566418017233,40,0.5600575,0.3389188888888889,,
spatial,across,word,40,7,0.0065833333333333,0.000526877324526,0.0033322647859959,40,0.5490533333333334,0.3716241666666667,,
spatial,across,word,40,8,0.0075,0.0004736654667156,0.0029957234475763,40,0.542478888888889,0.3752488888888888,,
spatial,across,word,40,9,0.0058333333333333,0.0005937710859953,0.003755338080994,40,0.5672997222222222,0.3622497222222222,,
spatial,across,word,40,10,0.006,0.0005495400822454,0.0034755966509035,40,0.5629380555555555,0.3764536111111111,,
spatial,across,word,40,11,0.0055,0.0005791977947731,0.0036631684944598,40,0.5521180555555556,0.3522316666666666,,
spatial,across,word,40,12,0.0054166666666666,0.0005930209011272,0.0037505934952953,40,0.5525161111111112,0.3380255555555555,,
spatial,across,word,40,13,0.00525,0.0005954181656808,0.0037657551275822,40,0.5410466666666667,0.3602575,,
spatial,across,word,40,14,0.0038333333333333,0.0004228178434916,0.0026741348415884,40,0.5309836111111111,0.3321241666666666,,
spatial,across,word,40,15,0.0045,0.0006264584123867,0.0039620708850304,40,0.53427,0.3105583333333334,,
spatial,across,word,40,16,0.0031666666666666,0.0004766633793443,0.003014683911842,40,0.5189944444444444,0.3460202777777777,,
spatial,across,word,40,17,0.0046666666666666,0.0006292943635623,0.0039800070151264,40,0.5349247222222223,0.340046111111111,,
spatial,across,word,40,18,0.0058333333333333,0.0007711869713171,0.0048774146624183,40,0.5524399999999999,0.3260491666666666,,
spatial,across,word,40,19,0.0033333333333333,0.0003958473906635,0.0025035587206627,40,0.5072788888888888,0.3308816666666667,,
spatial,across,word,40,20,0.0056666666666666,0.0006449452813645,0.0040789921105803,40,0.5258641666666668,0.3356169444444444,,
spatial,across,word,40,21,0.0035833333333333,0.0005894067228156,0.0037277354246259,40,0.5381169444444444,0.3097005555555555,,
spatial,across,word,40,22,0.004,0.0005091750772173,0.0032203059435976,40,0.5026052777777779,0.3462238888888888,,
spatial,across,word,40,23,0.0041666666666666,0.0006399563731569,0.004047439484633,40,0.5227199999999999,0.3466411111111111,,
spatial,across,word,40,24,0.0046666666666666,0.0006062354060275,0.0038341693625679,40,0.4950566666666667,0.3438277777777777,,
spatial,across,word,40,25,0.0039166666666666,0.0005454747794744,0.0034498854186348,40,0.4965988888888889,0.3267888888888888,,
spatial,across,word,40,26,0.0058333333333333,0.0005937710859953,0.003755338080994,40,0.5098455555555556,0.3366902777777777,,
spatial,across,word,40,27,0.0034166666666666,0.0005906139063083,0.0037353703234072,40,0.5050177777777778,0.3360158333333333,,
spatial,across,word,40,28,0.0050833333333333,0.0005467789649092,0.003458133811565,40,0.4997652777777777,0.3391008333333333,,
spatial,across,word,40,29,0.005,0.0005063696835418,0.0032025630761017,40,0.5119244444444444,0.3439394444444444,,
spatial,across,word,40,30,0.00375,0.0005362566783465,0.0033915850281024,40,0.521701388888889,0.3386661111111111,,
spatial,across,word,40,31,0.0041666666666666,0.0005692750425533,0.0036004114991154,40,0.5095433333333333,0.3351313888888888,,
spatial,across,word,40,32,0.0038333333333333,0.0005140476770154,0.003251122970575,40,0.4961013888888889,0.3353213888888889,,
spatial,across,word,40,33,0.0031666666666666,0.0004125868638576,0.0026094284449121,40,0.5094958333333335,0.3238230555555555,,
spatial,across,word,40,34,0.0044166666666666,0.0006470126398497,0.0040920672336869,40,0.5212961111111112,0.3330877777777777,,
spatial,across,word,40,35,0.0021666666666666,0.0003876659648265,0.0024518148403572,40,0.4914383333333333,0.3408083333333334,,
spatial,across,word,40,36,0.004,0.0005364226763936,0.0033926348919345,40,0.5102733333333334,0.3352105555555555,,
spatial,across,word,40,37,0.005,0.0006085806194501,0.0038490017945975,40,0.5201675000000001,0.3423872222222222,,
spatial,across,word,40,38,0.0043333333333333,0.0005871365639519,0.0037133776793067,40,0.5240186111111111,0.3377522222222222,,
spatial,across,word,40,39,0.0025833333333333,0.0003865159594306,0.0024445415676121,40,0.495221388888889,0.3415030555555555,,
spatial,across,word,42,0,0.0029166666666666,0.0005090001931052,0.0032191998793563,40,0.5607305555555555,0.3361691666666666,,
spatial,across,word,42,1,0.0035833333333333,0.0005389065112987,0.0034083440431988,40,0.5544525,0.3594569444444443,,
spatial,across,word,42,2,0.00575,0.0006750276980705,0.0042692500192066,40,0.5344175,0.3455074999999999,,
spatial,across,word,42,3,0.005,0.0006085806194501,0.0038490017945975,40,0.5185638888888889,0.3372597222222221,,
spatial,across,word,42,4,0.0060833333333333,0.0005709927876363,0.0036112754729195,40,0.5493616666666667,0.3649858333333333,,
spatial,across,word,42,5,0.0076666666666666,0.0003811812499312,0.0024108019022652,40,0.6841466666666666,0.3958438888888889,,
spatial,across,word,42,6,0.0073333333333333,0.0004803844614152,0.003038218101251,40,0.5408094444444446,0.404269722222222,,
spatial,across,word,42,7,0.0073333333333333,0.000747264717757,0.0047261170463904,40,0.5750147222222222,0.3575861111111111,,
spatial,across,word,42,8,0.0038333333333333,0.0006149838438569,0.0038894993415869,40,0.5453641666666666,0.3414733333333332,,
spatial,across,word,42,9,0.0071666666666666,0.0006377265532304,0.0040333368651535,40,0.5512697222222223,0.3575886111111111,,
spatial,across,word,42,10,0.0075,0.00058165203371,0.0036786904643858,40,0.5466986111111111,0.36305,,
spatial,across,word,42,11,0.0055833333333333,0.0005255237517707,0.003323704040225,40,0.5632483333333334,0.3765241666666666,,
spatial,across,word,42,12,0.00625,0.0006771346956192,0.0042825758417634,40,0.5633441666666668,0.3629758333333333,,
spatial,across,word,42,13,0.0058333333333333,0.0005937710859953,0.003755338080994,40,0.5545383333333334,0.3473486111111111,,
spatial,across,word,42,14,0.0029166666666666,0.000480199092139,0.0030370457230089,40,0.515868611111111,0.3343419444444444,,
spatial,across,word,42,15,0.0023333333333333,0.0005091750772173,0.0032203059435976,40,0.5159486111111111,0.3439894444444444,,
spatial,across,word,42,16,0.0046666666666666,0.0006515377383555,0.0041206864695165,40,0.5381633333333333,0.3098291666666667,,
spatial,across,word,42,17,0.0034166666666666,0.0004991088925371,0.0031566418017233,40,0.5094947222222223,0.3477922222222221,,
spatial,across,word,42,18,0.0048333333333333,0.0004913786640188,0.0031077515438206,40,0.54097,0.3342666666666666,,
spatial,across,word,42,19,0.0048333333333333,0.0005056659032384,0.0031981119786399,40,0.5530427777777778,0.3300402777777778,,
spatial,across,word,42,20,0.00375,0.000480199092139,0.0030370457230089,40,0.4999591666666667,0.3281808333333333,,
spatial,across,word,42,21,0.0026666666666666,0.0005229763603684,0.0033075929223788,40,0.5038141666666667,0.339503611111111,,
spatial,across,word,42,22,0.0058333333333333,0.000672517064675,0.0042533713794081,40,0.5249180555555556,0.3327208333333334,,
spatial,across,word,42,23,0.0039166666666666,0.0005583795745617,0.0035315025090618,40,0.5231383333333334,0.3181994444444443,,
spatial,across,word,42,24,0.0033333333333333,0.000462250163521,0.0029235267310234,40,0.5130961111111111,0.3458566666666666,,
spatial,across,word,42,25,0.0034166666666666,0.000526877324526,0.0033322647859959,40,0.5315113888888888,0.3484583333333333,,
spatial,across,word,42,26,0.0045833333333333,0.0005930209011272,0.0037505934952953,40,0.5008400000000001,0.3380769444444443,,
spatial,across,word,42,27,0.0053333333333333,0.000780824314226,0.0049383665707867,40,0.5115219444444444,0.3278983333333333,,
spatial,across,word,42,28,0.0036666666666666,0.0004591581544807,0.0029039711487975,40,0.501901111111111,0.3373772222222221,,
spatial,across,word,42,29,0.003,0.0004891995904702,0.003093969872615,40,0.5107777777777779,0.3384727777777778,,
spatial,across,word,42,30,0.0053333333333333,0.0005943705521611,0.0037591294379223,40,0.4993586111111112,0.3396063888888889,,
spatial,across,word,42,31,0.0049166666666666,0.0005467789649092,0.003458133811565,40,0.5156547222222222,0.3360391666666666,,
spatial,across,word,42,32,0.004,0.0004497546022879,0.0028444978627462,40,0.5232288888888889,0.3362152777777777,,
spatial,across,word,42,33,0.00325,0.0005784287095915,0.0036583043726829,40,0.5068483333333335,0.3364444444444444,,
spatial,across,word,42,34,0.0058333333333333,0.0004736654667156,0.0029957234475763,40,0.5094483333333334,0.3279119444444444,,
spatial,across,word,42,35,0.00275,0.0004447781866589,0.0028130242468036,40,0.5117838888888889,0.3297330555555556,,
spatial,across,word,42,36,0.0038333333333333,0.0005913671446023,0.0037401342206669,40,0.5103416666666666,0.3327794444444444,,
spatial,across,word,42,37,0.0020833333333333,0.000425127766952,0.0026887440802993,40,0.4935241666666666,0.3368683333333333,,
spatial,across,word,42,38,0.0035833333333333,0.0005519648921491,0.0034909324952811,40,0.5136969444444445,0.3352647222222222,,
spatial,across,word,42,39,0.0065,0.0006851081807811,0.0043330045897654,40,0.5225669444444445,0.3451455555555555,,
spatial,across,word,42,40,0.0021666666666666,0.0003876659648265,0.0024518148403572,40,0.5165202777777778,0.3385463888888889,,
spatial,across,word,42,41,0.0015833333333333,0.0002665464472601,0.001685787751136,40,0.4946583333333333,0.3412086111111111,,
spatial,across,word,44,0,0.0041666666666666,0.0005304140187994,0.0033546328045795,40,0.5600102777777778,0.3359038888888888,,
spatial,across,word,44,1,0.0036666666666666,0.0005310850045437,0.0033588764910385,40,0.544331388888889,0.3570125,,
spatial,across,word,44,2,0.0052499999999999,0.0005583795745617,0.0035315025090618,40,0.5196094444444445,0.3416169444444444,,
spatial,across,word,44,3,0.0048333333333333,0.0004913786640188,0.0031077515438206,40,0.5226555555555557,0.3421216666666665,,
spatial,across,word,44,4,0.007,0.0005310850045437,0.0033588764910385,40,0.6852733333333333,0.3930336111111111,,
spatial,across,word,44,5,0.0071666666666666,0.0007966275068156,0.0050383147365577,40,0.5793161111111111,0.3538119444444444,,
spatial,across,word,44,6,0.0056666666666666,0.0006877023141843,0.0043494113299823,40,0.545165,0.3400755555555555,,
spatial,across,word,44,7,0.0066666666666666,0.0004921028776234,0.0031123318728261,40,0.5368819444444444,0.4062219444444443,,
spatial,across,word,44,8,0.0068333333333333,0.0005195604102922,0.00328598855715,40,0.5477152777777778,0.3923441666666665,,
spatial,across,word,44,9,0.0074166666666666,0.000602552736754,0.0038108781170213,40,0.5532141666666666,0.3585116666666667,,
spatial,across,word,44,10,0.0074166666666666,0.000602552736754,0.0038108781170213,40,0.5483736111111112,0.3615513888888889,,
spatial,across,word,44,11,0.0055,0.0006377265532304,0.0040333368651535,40,0.5686922222222223,0.360696111111111,,
spatial,across,word,44,12,0.0061666666666666,0.0005410499447694,0.0034219003067596,40,0.5700369444444445,0.3844444444444445,,
spatial,across,word,44,13,0.0055833333333333,0.0007199586487017,0.0045534183020691,40,0.5509286111111111,0.3422238888888889,,
spatial,across,word,44,14,0.00375,0.0005869849078564,0.003712418521941,40,0.5204158333333334,0.3402980555555556,,
spatial,across,word,44,15,0.003,0.0005175000172041,0.0032729574870827,40,0.5225494444444445,0.3446130555555555,,
spatial,across,word,44,16,0.0038333333333333,0.0006149838438569,0.0038894993415869,40,0.5408708333333334,0.2965141666666667,,
spatial,across,word,44,17,0.004,0.0005623515948579,0.0035566237711589,40,0.5124138888888888,0.3430072222222222,,
spatial,across,word,44,18,0.00475,0.0006414848782339,0.0040571065995502,40,0.5395536111111111,0.3395916666666666,,
spatial,across,word,44,19,0.005,0.0005598127485064,0.0035405666969586,40,0.5558005555555556,0.3283894444444444,,
spatial,across,word,44,20,0.0028333333333333,0.0003279479494521,0.002074124948501,40,0.501926388888889,0.3322155555555556,,
spatial,across,word,44,21,0.0049166666666666,0.0006535842445105,0.0041336297109071,40,0.522256111111111,0.3358419444444444,,
spatial,across,word,44,22,0.0044166666666666,0.000613098942578,0.0038775781791747,40,0.5352891666666666,0.3181558333333333,,
spatial,across,word,44,23,0.0035833333333333,0.0004200715581423,0.0026567658079711,40,0.4829183333333334,0.3315886111111111,,
spatial,across,word,44,24,0.0045,0.0006149838438569,0.0038894993415869,40,0.5079516666666667,0.3406930555555555,,
spatial,across,word,44,25,0.00225,0.0004027593570795,0.0025472738346326,40,0.4972744444444444,0.3414761111111111,,
spatial,across,word,44,26,0.0045833333333333,0.0005684925335338,0.0035954624775333,40,0.5302661111111111,0.3449341666666666,,
spatial,across,word,44,27,0.0044166666666666,0.0005771960417875,0.003650508296965,40,0.5087547222222223,0.3419158333333333,,
spatial,across,word,44,28,0.0039166666666666,0.0005583795745617,0.0035315025090618,40,0.5052883333333333,0.3253316666666667,,
spatial,across,word,44,29,0.0018333333333333,0.0003146471817811,0.0019900035075632,40,0.5076394444444444,0.3381575,,
spatial,across,word,44,30,0.0031666666666666,0.0004295031251026,0.0027164162749691,40,0.5036983333333334,0.3382680555555556,,
spatial,across,word,44,31,0.0028333333333333,0.0003876659648265,0.0024518148403572,40,0.521821388888889,0.3374797222222222,,
spatial,across,word,44,32,0.0049166666666666,0.0005335936864527,0.0033747427885527,40,0.4935891666666666,0.3395166666666667,,
spatial,across,word,44,33,0.00525,0.0007149950690165,0.004522025867763,40,0.5252905555555556,0.3352477777777777,,
spatial,across,word,44,34,0.0029166666666666,0.0004948092383294,0.0031294484008283,40,0.5237169444444444,0.3355455555555555,,
spatial,across,word,44,35,0.0040833333333333,0.0005784287095915,0.0036583043726829,40,0.5026677777777777,0.3397177777777777,,
spatial,across,word,44,36,0.0043333333333333,0.0005364226763936,0.0033926348919345,40,0.5060252777777778,0.331533611111111,,
spatial,across,word,44,37,0.0029166666666666,0.0005989960736902,0.0037883838047182,40,0.5088852777777777,0.3244780555555556,,
spatial,across,word,44,38,0.003,0.0004591581544807,0.0029039711487975,40,0.5175413888888889,0.336251111111111,,
spatial,across,word,44,39,0.0023333333333333,0.000465321626968,0.0029429523715086,40,0.4917111111111111,0.3366147222222222,,
spatial,across,word,44,40,0.0043333333333333,0.0006338054920158,0.0040085378965872,40,0.5183469444444444,0.3342783333333333,,
spatial,across,word,44,41,0.0059166666666666,0.0007009100718172,0.0044329445237897,40,0.5228766666666667,0.3405641666666666,,
spatial,across,word,44,42,0.0028333333333333,0.0005540578101426,0.0035041692709117,40,0.5236572222222222,0.3464616666666666,,
spatial,across,word,44,43,0.0024166666666666,0.0004620575191436,0.0029223083410013,40,0.4910830555555556,0.3413463888888889,,
spatial,across,word,46,0,0.0049166666666666,0.0005061938301996,0.0032014508819108,40,0.5295041666666667,0.3342583333333332,,
spatial,across,word,46,1,0.0061666666666666,0.0006487990219938,0.0041033653063804,40,0.5392105555555556,0.3332425,,
spatial,across,word,46,2,0.0045,0.0006264584123867,0.0039620708850304,40,0.5661341666666666,0.333126111111111,,
spatial,across,word,46,3,0.0030833333333333,0.0004976798018658,0.0031476034387145,40,0.4971458333333333,0.3512049999999999,,
spatial,across,word,46,4,0.00675,0.0004217636961434,0.0026674678283691,40,0.685813888888889,0.3969733333333333,,
spatial,across,word,46,5,0.0065833333333333,0.0004542847607774,0.002873149100723,40,0.5366061111111111,0.3962969444444443,,
spatial,across,word,46,6,0.0065,0.0006639903545106,0.0041994437292726,40,0.5789613888888889,0.3541974999999999,,
spatial,across,word,46,7,0.0040833333333333,0.000602552736754,0.0038108781170213,40,0.5506658333333334,0.3432413888888889,,
spatial,across,word,46,8,0.006,0.0006109168300344,0.0038637772876778,40,0.5701458333333334,0.3622902777777777,,
spatial,across,word,46,9,0.0063333333333333,0.0005035486605694,0.0031847213602527,40,0.5509905555555557,0.3535611111111111,,
spatial,across,word,46,10,0.0065833333333333,0.0004542847607774,0.002873149100723,40,0.5546252777777778,0.3659930555555555,,
spatial,across,word,46,11,0.0069166666666666,0.0005117911677922,0.0032368515531621,40,0.5589891666666668,0.399383611111111,,
spatial,across,word,46,12,0.00675,0.0007009100718172,0.0044329445237897,40,0.5559386111111111,0.3855827777777778,,
spatial,across,word,46,13,0.006,0.0006877023141843,0.0043494113299823,40,0.5599974999999999,0.3490994444444444,,
spatial,across,word,46,14,0.0040833333333333,0.0005131809630673,0.0032456413902629,40,0.5192380555555556,0.3326441666666667,,
spatial,across,word,46,15,0.00325,0.0004697016692749,0.0029706541913838,40,0.5197844444444446,0.3326208333333332,,
spatial,across,word,46,16,0.0036666666666666,0.0004891995904702,0.003093969872615,40,0.5323908333333334,0.3080433333333333,,
spatial,across,word,46,17,0.0040833333333333,0.0005906139063083,0.0037353703234072,40,0.5254594444444445,0.3468155555555555,,
spatial,across,word,46,18,0.00575,0.0005722388181146,0.0036191560616103,40,0.5391958333333335,0.3352894444444444,,
spatial,across,word,46,19,0.0046666666666666,0.0006062354060275,0.0038341693625679,40,0.5517936111111112,0.3272177777777777,,
spatial,across,word,46,20,0.00275,0.0004284654257727,0.0027098532881513,40,0.5047608333333333,0.3364625,,
spatial,across,word,46,21,0.0039166666666666,0.0004757285610699,0.0030087716019509,40,0.5186691666666666,0.3352194444444444,,
spatial,across,word,46,22,0.0056666666666666,0.0006449452813645,0.0040789921105803,40,0.5613605555555556,0.3387863888888889,,
spatial,across,word,46,23,0.0055,0.0005791977947731,0.0036631684944598,40,0.5499836111111112,0.3239805555555555,,
spatial,across,word,46,24,0.0036666666666666,0.0004270084101468,0.0027006383122231,40,0.4786147222222222,0.3348608333333334,,
spatial,across,word,46,25,0.0034166666666666,0.0005906139063083,0.0037353703234072,40,0.5000555555555557,0.3457922222222221,,
spatial,across,word,46,26,0.0021666666666666,0.0004393403498655,0.0027786323471804,40,0.4899438888888889,0.3447922222222221,,
spatial,across,word,46,27,0.0028333333333333,0.0005277215444626,0.0033376041016874,40,0.5281933333333333,0.3442694444444444,,
spatial,across,word,46,28,0.00475,0.0005583795745617,0.0035315025090618,40,0.5057033333333333,0.3424538888888889,,
spatial,across,word,46,29,0.0025833333333333,0.000526877324526,0.0033322647859959,40,0.4994111111111111,0.3330380555555555,,
spatial,across,word,46,30,0.0023333333333333,0.0004949891362588,0.0031305861752345,40,0.5059527777777777,0.3464405555555555,,
spatial,across,word,46,31,0.0041666666666666,0.00055662290631,0.0035203923635246,40,0.4986347222222222,0.3352902777777778,,
spatial,across,word,46,32,0.00475,0.0005709927876363,0.0036112754729195,40,0.5268008333333333,0.3697811111111111,,
spatial,across,word,46,33,0.003,0.0004744167209018,0.0030004747962362,40,0.5052347222222222,0.3345511111111111,,
spatial,across,word,46,34,0.00475,0.0006633195892576,0.0041952014373227,40,0.5015236111111111,0.3385844444444445,,
spatial,across,word,46,35,0.0034166666666666,0.0004846283858428,0.0030650590360687,40,0.5221333333333333,0.3371075,,
spatial,across,word,46,36,0.00225,0.0004681828240069,0.0029610481704636,40,0.5171555555555555,0.3367605555555555,,
spatial,across,word,46,37,0.0039166666666666,0.0006188802957865,0.0039141426673682,40,0.5113519444444445,0.340168611111111,,
spatial,across,word,46,38,0.0039999999999999,0.0005623515948579,0.0035566237711589,40,0.5052533333333333,0.3363791666666665,,
spatial,across,word,46,39,0.0036666666666666,0.0004433747811741,0.0028041483311779,40,0.5153116666666667,0.32523,,
spatial,across,word,46,40,0.0031666666666666,0.0004457779141208,0.0028193470784417,40,0.5282908333333334,0.3340477777777777,,
spatial,across,word,46,41,0.0028333333333333,0.0005540578101426,0.0035041692709117,40,0.4963022222222221,0.3395358333333333,,
spatial,across,word,46,42,0.0048333333333333,0.0005840959605818,0.0036941472150854,40,0.5186972222222223,0.3359786111111111,,
spatial,across,word,46,43,0.0050833333333333,0.000642594234667,0.0040641227856813,40,0.5223872222222222,0.3428002777777776,,
spatial,across,word,46,44,0.0025,0.00055662290631,0.0035203923635246,40,0.5275002777777777,0.3410397222222222,,
spatial,across,word,46,45,0.0015,0.0003570614477829,0.0022582548792629,40,0.4974758333333332,0.3406925,,
spatial,across,word,48,0,0.0045833333333333,0.0006049122278635,0.0038258008490709,40,0.5305255555555556,0.3330977777777777,,
spatial,across,word,48,1,0.0068333333333333,0.0006851081807811,0.0043330045897654,40,0.5390555555555555,0.3363997222222222,,
spatial,across,word,48,2,0.0031666666666666,0.0005330928945203,0.0033715755022721,40,0.5546866666666667,0.3273627777777778,,
spatial,across,word,48,3,0.0030833333333333,0.000345658873718,0.0021861386687953,40,0.4971697222222221,0.3494836111111111,,
spatial,across,word,48,4,0.0073333333333333,0.0003811812499312,0.0024108019022652,40,0.6854197222222222,0.3966513888888889,,
spatial,across,word,48,5,0.00675,0.0004542847607774,0.002873149100723,40,0.5361341666666668,0.3982730555555553,,
spatial,across,word,48,6,0.007,0.0006515377383555,0.0041206864695165,40,0.5737558333333334,0.3550591666666666,,
spatial,across,word,48,7,0.0034166666666666,0.000602552736754,0.0038108781170213,40,0.5520347222222223,0.3458686111111111,,
spatial,across,word,48,8,0.006,0.0006666666666666,0.0042163702135578,40,0.5702122222222222,0.36156,,
spatial,across,word,48,9,0.0060833333333333,0.0005583795745617,0.0035315025090618,40,0.5499436111111111,0.3526386111111111,,
spatial,across,word,48,10,0.0068333333333333,0.0004457779141208,0.0028193470784417,40,0.5528019444444445,0.3659988888888889,,
spatial,across,word,48,11,0.00675,0.0005131809630673,0.0032456413902629,40,0.5578869444444445,0.3971175,,
spatial,across,word,48,12,0.0069166666666666,0.0006686668711812,0.0042290206176626,40,0.5544055555555556,0.3854136111111111,,
spatial,across,word,48,13,0.00525,0.0006072625513464,0.0038406655999594,40,0.5579680555555556,0.35062,,
spatial,across,word,48,14,0.00925,0.0006481125346341,0.0040990235790971,40,0.5727511111111111,0.3281213888888888,,
spatial,across,word,48,15,0.0044166666666666,0.0005255237517707,0.003323704040225,40,0.5257197222222222,0.3343061111111111,,
spatial,across,word,48,16,0.0035,0.0005717718748968,0.0036162028533978,40,0.5238402777777779,0.3368352777777777,,
spatial,across,word,48,17,0.0035833333333333,0.0005117911677922,0.0032368515531621,40,0.5346863888888889,0.3111697222222222,,
spatial,across,word,48,18,0.0036666666666666,0.0005443310539518,0.0034426518632954,40,0.5207455555555555,0.3460819444444444,,
spatial,across,word,48,19,0.006,0.0006338054920158,0.0040085378965872,40,0.5371286111111112,0.339098611111111,,
spatial,across,word,48,20,0.0046666666666666,0.0005035486605694,0.0031847213602527,40,0.5496899999999999,0.3296344444444444,,
spatial,across,word,48,21,0.00275,0.0004115065088642,0.0026025956799903,40,0.5036302777777777,0.3403275,,
spatial,across,word,48,22,0.0034166666666666,0.0005131809630673,0.0032456413902629,40,0.5218116666666666,0.3356633333333333,,
spatial,across,word,48,23,0.0058333333333333,0.0006172958213483,0.0039041215711303,40,0.5662324999999999,0.3367194444444444,,
spatial,across,word,48,24,0.0045,0.0005277215444626,0.0033376041016874,40,0.5475525,0.324916111111111,,
spatial,across,word,48,25,0.0045,0.0005140476770154,0.003251122970575,40,0.4787611111111111,0.3394258333333333,,
spatial,across,word,48,26,0.00375,0.0005989960736902,0.0037883838047182,40,0.4950008333333334,0.3407533333333333,,
spatial,across,word,48,27,0.0024166666666666,0.0004301245430187,0.0027203464669569,40,0.4919069444444444,0.3443405555555555,,
spatial,across,word,48,28,0.0031666666666666,0.0005330928945203,0.0033715755022721,40,0.5287616666666667,0.3449272222222223,,
spatial,across,word,48,29,0.0045833333333333,0.0006049122278635,0.0038258008490709,40,0.4988652777777778,0.3425030555555556,,
spatial,across,word,48,30,0.00425,0.0005722388181146,0.0036191560616103,40,0.5020924999999998,0.3302530555555555,,
spatial,across,word,48,31,0.0025833333333333,0.000526877324526,0.0033322647859959,40,0.5027916666666667,0.3463330555555555,,
spatial,across,word,48,32,0.0045,0.0005667672107885,0.0035845505783853,40,0.4959744444444445,0.3357575,,
spatial,across,word,48,33,0.0050833333333333,0.0006314129680188,0.003993406246213,40,0.5343108333333333,0.3705030555555556,,
spatial,across,word,48,34,0.0036666666666666,0.0005443310539518,0.0034426518632954,40,0.5032441666666666,0.3320388888888889,,
spatial,across,word,48,35,0.0041666666666666,0.00058165203371,0.0036786904643858,40,0.5035797222222224,0.3418569444444445,,
spatial,across,word,48,36,0.00325,0.000526877324526,0.0033322647859959,40,0.5228016666666667,0.3389605555555555,,
spatial,across,word,48,37,0.00275,0.0005047847980156,0.0031925393799149,40,0.52001,0.3401202777777777,,
spatial,across,word,48,38,0.0035833333333333,0.0004831564663131,0.0030557497995756,40,0.5119427777777779,0.3384755555555555,,
spatial,across,word,48,39,0.0030833333333333,0.0005771960417875,0.003650508296965,40,0.5160822222222222,0.3371499999999999,,
spatial,across,word,48,40,0.0028333333333333,0.0004706484585228,0.0029766422123592,40,0.5150061111111113,0.3280047222222222,,
spatial,across,word,48,41,0.0035,0.0005056659032384,0.0031981119786399,40,0.5295125,0.3359955555555555,,
spatial,across,word,48,42,0.0030833333333333,0.0005389065112987,0.0034083440431988,40,0.494036388888889,0.3429655555555556,,
spatial,across,word,48,43,0.00425,0.0004919219241781,0.0031111874227515,40,0.5142888888888889,0.3348558333333333,,
spatial,across,word,48,44,0.00525,0.0005583795745617,0.0035315025090618,40,0.5083791666666666,0.3400241666666667,,
spatial,across,word,48,45,0.0054166666666666,0.0006280197703168,0.0039719457796341,40,0.5187736111111112,0.3426541666666666,,
spatial,across,word,48,46,0.0030833333333333,0.0004976798018658,0.0031476034387145,40,0.5274455555555555,0.3389738888888888,,
spatial,across,word,48,47,0.00225,0.0004527141951056,0.0028632159712473,40,0.4961033333333333,0.3422619444444444,,
spatial,across,word,50,0,0.0024166666666666,0.0004132337211096,0.0026135195293864,40,0.4947694444444445,0.3511141666666667,msaa_flexible_outputs_npz/spatialAA_across_acrossCond_K50.npz,spatialAA_across_acrossCond_K50.npz
spatial,across,word,50,1,0.0053333333333333,0.0006515377383555,0.0041206864695165,40,0.529116388888889,0.3339419444444443,msaa_flexible_outputs_npz/spatialAA_across_acrossCond_K50.npz,spatialAA_across_acrossCond_K50.npz
spatial,across,word,50,2,0.0059166666666666,0.0007307598589892,0.0046217311540589,40,0.5367225000000001,0.3378272222222222,msaa_flexible_outputs_npz/spatialAA_across_acrossCond_K50.npz,spatialAA_across_acrossCond_K50.npz
spatial,across,word,50,3,0.0040833333333333,0.0006906735223894,0.0043682029006442,40,0.5621272222222222,0.3268047222222222,msaa_flexible_outputs_npz/spatialAA_across_acrossCond_K50.npz,spatialAA_across_acrossCond_K50.npz
spatial,across,word,50,4,0.0074166666666666,0.0004697016692749,0.0029706541913838,40,0.6852555555555556,0.3967072222222222,msaa_flexible_outputs_npz/spatialAA_across_acrossCond_K50.npz,spatialAA_across_acrossCond_K50.npz
spatial,across,word,50,5,0.0064166666666666,0.0004366979828269,0.0027619205506685,40,0.540675,0.395868611111111,msaa_flexible_outputs_npz/spatialAA_across_acrossCond_K50.npz,spatialAA_across_acrossCond_K50.npz
spatial,across,word,50,6,0.0070833333333333,0.0006771346956192,0.0042825758417634,40,0.5739858333333333,0.3553313888888888,msaa_flexible_outputs_npz/spatialAA_across_acrossCond_K50.npz,spatialAA_across_acrossCond_K50.npz
spatial,across,word,50,7,0.00375,0.0006448072217929,0.0040781189451822,40,0.5553780555555555,0.3465172222222222,msaa_flexible_outputs_npz/spatialAA_across_acrossCond_K50.npz,spatialAA_across_acrossCond_K50.npz
spatial,across,word,50,8,0.0058333333333333,0.0005304140187994,0.0033546328045795,40,0.5670333333333333,0.3603316666666666,msaa_flexible_outputs_npz/spatialAA_across_acrossCond_K50.npz,spatialAA_across_acrossCond_K50.npz
spatial,across,word,50,9,0.0069166666666666,0.0005117911677922,0.0032368515531621,40,0.5474544444444444,0.3541422222222222,msaa_flexible_outputs_npz/spatialAA_across_acrossCond_K50.npz,spatialAA_across_acrossCond_K50.npz
spatial,across,word,50,10,0.0075,0.0005937710859953,0.003755338080994,40,0.5566636111111111,0.3949602777777777,msaa_flexible_outputs_npz/spatialAA_across_acrossCond_K50.npz,spatialAA_across_acrossCond_K50.npz
spatial,across,word,50,11,0.0068333333333333,0.0005462902602399,0.0034550429718488,40,0.5523391666666666,0.3871094444444444,msaa_flexible_outputs_npz/spatialAA_across_acrossCond_K50.npz,spatialAA_across_acrossCond_K50.npz
spatial,across,word,50,12,0.0069166666666666,0.0004681828240069,0.0029610481704636,40,0.5524613888888888,0.3654413888888889,msaa_flexible_outputs_npz/spatialAA_across_acrossCond_K50.npz,spatialAA_across_acrossCond_K50.npz
spatial,across,word,50,13,0.00625,0.0006557601448101,0.0041473913127235,40,0.5588963888888889,0.3473488888888888,msaa_flexible_outputs_npz/spatialAA_across_acrossCond_K50.npz,spatialAA_across_acrossCond_K50.npz
spatial,across,word,50,14,0.0094166666666666,0.0007537890989514,0.0047673808561851,40,0.5723636111111111,0.3278733333333333,msaa_flexible_outputs_npz/spatialAA_across_acrossCond_K50.npz,spatialAA_across_acrossCond_K50.npz
spatial,across,word,50,15,0.0042499999999999,0.0004463766758603,0.0028231339801868,40,0.5249794444444444,0.3302591666666666,msaa_flexible_outputs_npz/spatialAA_across_acrossCond_K50.npz,spatialAA_across_acrossCond_K50.npz
spatial,across,word,50,16,0.0039166666666666,0.0006072625513464,0.0038406655999594,40,0.5250025,0.3384005555555555,msaa_flexible_outputs_npz/spatialAA_across_acrossCond_K50.npz,spatialAA_across_acrossCond_K50.npz
spatial,across,word,50,17,0.0036666666666666,0.0005310850045437,0.0033588764910385,40,0.5311011111111112,0.3080880555555556,msaa_flexible_outputs_npz/spatialAA_across_acrossCond_K50.npz,spatialAA_across_acrossCond_K50.npz
spatial,across,word,50,18,0.0039166666666666,0.0006072625513464,0.0038406655999594,40,0.5194208333333334,0.3488055555555555,msaa_flexible_outputs_npz/spatialAA_across_acrossCond_K50.npz,spatialAA_across_acrossCond_K50.npz
spatial,across,word,50,19,0.0045,0.0004552636129375,0.0028793399053599,40,0.5380241666666666,0.3380027777777777,msaa_flexible_outputs_npz/spatialAA_across_acrossCond_K50.npz,spatialAA_across_acrossCond_K50.npz
spatial,across,word,50,20,0.0048333333333333,0.0006195991719677,0.0039186892395449,40,0.5524105555555556,0.3278202777777778,msaa_flexible_outputs_npz/spatialAA_across_acrossCond_K50.npz,spatialAA_across_acrossCond_K50.npz
spatial,across,word,50,21,0.0028333333333333,0.0004393403498655,0.0027786323471804,40,0.5020425,0.3364372222222221,msaa_flexible_outputs_npz/spatialAA_across_acrossCond_K50.npz,spatialAA_across_acrossCond_K50.npz
spatial,across,word,50,22,0.0042499999999999,0.000520074233141,0.003289238258182,40,0.5010025,0.3351183333333333,msaa_flexible_outputs_npz/spatialAA_across_acrossCond_K50.npz,spatialAA_across_acrossCond_K50.npz
spatial,across,word,50,23,0.0030833333333333,0.0005647213971599,0.0035716117169158,40,0.5196480555555556,0.3394927777777778,msaa_flexible_outputs_npz/spatialAA_across_acrossCond_K50.npz,spatialAA_across_acrossCond_K50.npz
spatial,across,word,50,24,0.0055833333333333,0.0005647213971599,0.0035716117169158,40,0.5626327777777778,0.3369277777777778,msaa_flexible_outputs_npz/spatialAA_across_acrossCond_K50.npz,spatialAA_across_acrossCond_K50.npz
spatial,across,word,50,25,0.0040833333333333,0.0005906139063083,0.0037353703234072,40,0.5502711111111112,0.3241722222222222,msaa_flexible_outputs_npz/spatialAA_across_acrossCond_K50.npz,spatialAA_across_acrossCond_K50.npz
spatial,across,word,50,26,0.0039166666666666,0.0004757285610699,0.0030087716019509,40,0.4812155555555556,0.3376897222222222,msaa_flexible_outputs_npz/spatialAA_across_acrossCond_K50.npz,spatialAA_across_acrossCond_K50.npz
spatial,across,word,50,27,0.003,0.0004891995904702,0.003093969872615,40,0.4914722222222222,0.3366002777777777,msaa_flexible_outputs_npz/spatialAA_across_acrossCond_K50.npz,spatialAA_across_acrossCond_K50.npz
spatial,across,word,50,28,0.00375,0.0006448072217929,0.0040781189451822,40,0.4929563888888889,0.3423572222222222,msaa_flexible_outputs_npz/spatialAA_across_acrossCond_K50.npz,spatialAA_across_acrossCond_K50.npz
spatial,across,word,50,29,0.0021666666666666,0.0004706484585228,0.0029766422123592,40,0.4881555555555555,0.3419833333333332,msaa_flexible_outputs_npz/spatialAA_across_acrossCond_K50.npz,spatialAA_across_acrossCond_K50.npz
spatial,across,word,50,30,0.00375,0.0004948092383294,0.0031294484008283,40,0.5307294444444446,0.3445330555555556,msaa_flexible_outputs_npz/spatialAA_across_acrossCond_K50.npz,spatialAA_across_acrossCond_K50.npz
spatial,across,word,50,31,0.0046666666666666,0.0005175000172041,0.0032729574870827,40,0.4989825,0.3411474999999999,msaa_flexible_outputs_npz/spatialAA_across_acrossCond_K50.npz,spatialAA_across_acrossCond_K50.npz
spatial,across,word,50,32,0.0025833333333333,0.000438325939946,0.0027722166555277,40,0.4997180555555555,0.3341294444444444,msaa_flexible_outputs_npz/spatialAA_across_acrossCond_K50.npz,spatialAA_across_acrossCond_K50.npz
spatial,across,word,50,33,0.0029166666666666,0.0004948092383294,0.0031294484008283,40,0.5047694444444445,0.3453997222222221,msaa_flexible_outputs_npz/spatialAA_across_acrossCond_K50.npz,spatialAA_across_acrossCond_K50.npz
spatial,across,word,50,34,0.0039166666666666,0.0005709927876363,0.0036112754729195,40,0.4924127777777778,0.3356888888888888,msaa_flexible_outputs_npz/spatialAA_across_acrossCond_K50.npz,spatialAA_across_acrossCond_K50.npz
spatial,across,word,50,35,0.0045833333333333,0.0005930209011272,0.0037505934952953,40,0.5335113888888889,0.3667883333333333,msaa_flexible_outputs_npz/spatialAA_across_acrossCond_K50.npz,spatialAA_across_acrossCond_K50.npz
spatial,across,word,50,36,0.0030833333333333,0.0004200715581423,0.0026567658079711,40,0.5004916666666667,0.3317888888888888,msaa_flexible_outputs_npz/spatialAA_across_acrossCond_K50.npz,spatialAA_across_acrossCond_K50.npz
spatial,across,word,50,37,0.0044166666666666,0.0005519648921491,0.0034909324952811,40,0.499745,0.3380983333333334,msaa_flexible_outputs_npz/spatialAA_across_acrossCond_K50.npz,spatialAA_across_acrossCond_K50.npz
spatial,across,word,50,38,0.0034166666666666,0.0004217636961434,0.0026674678283691,40,0.5195011111111111,0.3409380555555555,msaa_flexible_outputs_npz/spatialAA_across_acrossCond_K50.npz,spatialAA_across_acrossCond_K50.npz
spatial,across,word,50,39,0.0024166666666666,0.0005061938301996,0.0032014508819108,40,0.5219133333333333,0.3433152777777777,msaa_flexible_outputs_npz/spatialAA_across_acrossCond_K50.npz,spatialAA_across_acrossCond_K50.npz
spatial,across,word,50,40,0.00325,0.0006697312043199,0.0042357520514774,40,0.5087875000000001,0.3391355555555555,msaa_flexible_outputs_npz/spatialAA_across_acrossCond_K50.npz,spatialAA_across_acrossCond_K50.npz
spatial,across,word,50,41,0.0036666666666666,0.0005699002761767,0.0036043658237549,40,0.5146616666666667,0.3372583333333333,msaa_flexible_outputs_npz/spatialAA_across_acrossCond_K50.npz,spatialAA_across_acrossCond_K50.npz
spatial,across,word,50,42,0.004,0.0005991446895152,0.0037893237337253,40,0.5156308333333334,0.3245419444444445,msaa_flexible_outputs_npz/spatialAA_across_acrossCond_K50.npz,spatialAA_across_acrossCond_K50.npz
spatial,across,word,50,43,0.00275,0.0004284654257727,0.0027098532881513,40,0.5216427777777778,0.3372274999999999,msaa_flexible_outputs_npz/spatialAA_across_acrossCond_K50.npz,spatialAA_across_acrossCond_K50.npz
spatial,across,word,50,44,0.00325,0.0005532537786493,0.0034990841292529,40,0.4969588888888889,0.3419847222222222,msaa_flexible_outputs_npz/spatialAA_across_acrossCond_K50.npz,spatialAA_across_acrossCond_K50.npz
spatial,across,word,50,45,0.0043333333333333,0.0007660904560785,0.0048451814698505,40,0.5127955555555556,0.3360222222222222,msaa_flexible_outputs_npz/spatialAA_across_acrossCond_K50.npz,spatialAA_across_acrossCond_K50.npz
spatial,across,word,50,46,0.00475,0.0005454747794744,0.0034498854186348,40,0.5117508333333334,0.3375277777777777,msaa_flexible_outputs_npz/spatialAA_across_acrossCond_K50.npz,spatialAA_across_acrossCond_K50.npz
spatial,across,word,50,47,0.005,0.0006085806194501,0.0038490017945975,40,0.5151683333333333,0.3423366666666666,msaa_flexible_outputs_npz/spatialAA_across_acrossCond_K50.npz,spatialAA_across_acrossCond_K50.npz
spatial,across,word,50,48,0.0025833333333333,0.000438325939946,0.0027722166555277,40,0.5333527777777778,0.3386969444444444,msaa_flexible_outputs_npz/spatialAA_across_acrossCond_K50.npz,spatialAA_across_acrossCond_K50.npz
spatial,across,word,50,49,0.003,0.0004891995904702,0.003093969872615,40,0.4916066666666666,0.3389194444444444,msaa_flexible_outputs_npz/spatialAA_across_acrossCond_K50.npz,spatialAA_across_acrossCond_K50.npz
spatial,across,word,52,0,0.0043333333333333,0.0006338054920158,0.0040085378965872,40,0.5514416666666667,0.3280883333333333,,
spatial,across,word,52,1,0.0044166666666666,0.0005519648921491,0.0034909324952811,40,0.5236530555555554,0.3417930555555554,,
spatial,across,word,52,2,0.0051666666666666,0.000782191384396,0.0049470126817034,40,0.5170277777777778,0.3341238888888888,,
spatial,across,word,52,3,0.00325,0.0004846283858428,0.0030650590360687,40,0.4937180555555555,0.3493558333333333,,
spatial,across,word,52,4,0.0071666666666666,0.0004552636129375,0.0028793399053599,40,0.6805255555555555,0.3931294444444444,,
spatial,across,word,52,5,0.0075833333333333,0.000520074233141,0.003289238258182,40,0.5399305555555556,0.3906091666666665,,
spatial,across,word,52,6,0.0058333333333333,0.0005692750425533,0.0036004114991154,40,0.5708580555555555,0.3542419444444444,,
spatial,across,word,52,7,0.0041666666666666,0.0005304140187994,0.0033546328045795,40,0.5457836111111112,0.3463458333333332,,
spatial,across,word,52,8,0.0070833333333333,0.0004948092383294,0.0031294484008283,40,0.5331702777777778,0.381443611111111,,
spatial,across,word,52,9,0.0054166666666666,0.0005930209011272,0.0037505934952953,40,0.5668822222222223,0.3626527777777777,,
spatial,across,word,52,10,0.0066666666666666,0.0005847053462046,0.0036980013081681,40,0.5525805555555556,0.3913783333333333,,
spatial,across,word,52,11,0.00725,0.0005709927876363,0.0036112754729195,40,0.5603752777777778,0.4037791666666666,,
spatial,across,word,52,12,0.0044166666666666,0.0006579288490181,0.0041611074024608,40,0.5382319444444444,0.3475974999999999,,
spatial,across,word,52,13,0.0056666666666666,0.0005495400822454,0.0034755966509035,40,0.5595716666666666,0.3606027777777777,,
spatial,across,word,52,14,0.0095,0.000731368774901,0.0046255822764287,40,0.5777716666666667,0.3307247222222221,,
spatial,across,word,52,15,0.0050833333333333,0.0005966131857806,0.0037733130983118,40,0.5573066666666667,0.3433280555555555,,
spatial,across,word,52,16,0.0030833333333333,0.0004681828240069,0.0029610481704636,40,0.5256958333333334,0.3327402777777777,,
spatial,across,word,52,17,0.0036666666666666,0.0005699002761767,0.0036043658237549,40,0.5154569444444445,0.3398630555555555,,
spatial,across,word,52,18,0.0036666666666666,0.0005699002761767,0.0036043658237549,40,0.5292586111111112,0.3109797222222222,,
spatial,across,word,52,19,0.0042499999999999,0.000620030097606,0.003921414652583,40,0.5203786111111112,0.3504630555555555,,
spatial,across,word,52,20,0.00575,0.0006643924886069,0.004201987048611,40,0.5297672222222223,0.3413802777777778,,
spatial,across,word,52,21,0.0043333333333333,0.0006338054920158,0.0040085378965872,40,0.5467258333333334,0.3266152777777778,,
spatial,across,word,52,22,0.0045,0.0005913671446023,0.0037401342206669,40,0.5141794444444445,0.3343452777777778,,
spatial,across,word,52,23,0.0040833333333333,0.0004846283858428,0.0030650590360687,40,0.4933344444444444,0.3372413888888889,,
spatial,across,word,52,24,0.0045,0.0006032910690206,0.0038155477402863,40,0.5246744444444444,0.3385547222222222,,
spatial,across,word,52,25,0.00625,0.0006771346956192,0.0042825758417634,40,0.5653069444444444,0.3313252777777777,,
spatial,across,word,52,26,0.0054166666666666,0.0006049122278635,0.0038258008490709,40,0.5426119444444446,0.3236016666666666,,
spatial,across,word,52,27,0.0035,0.0004614791034954,0.0029186501192363,40,0.4879116666666666,0.3428216666666667,,
spatial,across,word,52,28,0.0025833333333333,0.0004217636961434,0.0026674678283691,40,0.4899022222222222,0.3362613888888889,,
spatial,across,word,52,29,0.004,0.0004949891362588,0.0031305861752345,40,0.4940230555555556,0.3429333333333333,,
spatial,across,word,52,30,0.0024166666666666,0.0004132337211096,0.0026135195293864,40,0.4982916666666666,0.3392244444444444,,
spatial,across,word,52,31,0.005,0.0005723943812052,0.0036201399289824,40,0.5366127777777778,0.3442816666666666,,
spatial,across,word,52,32,0.0029166666666666,0.000480199092139,0.0030370457230089,40,0.5197749999999999,0.3472627777777778,,
spatial,across,word,52,33,0.0045,0.0006264584123867,0.0039620708850304,40,0.5105969444444444,0.3443930555555555,,
spatial,across,word,52,34,0.0041666666666666,0.0004583818933094,0.0028990616420763,40,0.5036888888888889,0.3286483333333332,,
spatial,across,word,52,35,0.0028333333333333,0.0005140476770154,0.003251122970575,40,0.5029261111111112,0.3387211111111111,,
spatial,across,word,52,36,0.0039999999999999,0.0006338054920158,0.0040085378965872,40,0.4943491666666667,0.3357213888888888,,
spatial,across,word,52,37,0.00625,0.0005228060929505,0.0033065160566748,40,0.5369530555555555,0.3671577777777778,,
spatial,across,word,52,38,0.004,0.0005495400822454,0.0034755966509035,40,0.4965716666666666,0.3363947222222221,,
spatial,across,word,52,39,0.0042499999999999,0.0004772233913401,0.0030182257386893,40,0.5029277777777779,0.3369519444444444,,
spatial,across,word,52,40,0.0040833333333333,0.000602552736754,0.0038108781170213,40,0.5114233333333333,0.3363,,
spatial,across,word,52,41,0.0039166666666666,0.0005322571942188,0.0033662900694843,40,0.5228905555555555,0.3352638888888888,,
spatial,across,word,52,42,0.0020833333333333,0.0003309207563882,0.0020929266304249,40,0.5116875000000001,0.3404844444444444,,
spatial,across,word,52,43,0.0038333333333333,0.0005,0.0031622776601683,40,0.5111669444444444,0.3315766666666667,,
spatial,across,word,52,44,0.00375,0.0005747227747412,0.0036348659827084,40,0.5113972222222223,0.3243558333333333,,
spatial,across,word,52,45,0.0041666666666666,0.0005304140187994,0.0033546328045795,40,0.5280211111111112,0.3280569444444444,,
spatial,across,word,52,46,0.0035,0.0005961653339578,0.0037704806346836,40,0.4893769444444444,0.3418336111111111,,
spatial,across,word,52,47,0.00325,0.0004991088925371,0.0031566418017233,40,0.5148769444444445,0.334285,,
spatial,across,word,52,48,0.0039166666666666,0.0005954181656808,0.0037657551275822,40,0.5129602777777778,0.3391894444444444,,
spatial,across,word,52,49,0.00525,0.0005187029077928,0.0032805652351551,40,0.5211277777777777,0.3453238888888889,,
spatial,across,word,52,50,0.0035,0.0005591762357951,0.0035365410371042,40,0.535073611111111,0.337713611111111,,
spatial,across,word,52,51,0.00275,0.0005583795745617,0.0035315025090618,40,0.493876111111111,0.3343463888888889,,
spatial,across,word,54,0,0.0041666666666666,0.0005304140187994,0.0033546328045795,40,0.5251852777777779,0.3382658333333332,,
spatial,across,word,54,1,0.0046666666666666,0.0007337993857053,0.0046409548089225,40,0.5174175,0.3345766666666666,,
spatial,across,word,54,2,0.0053333333333333,0.000557262335477,0.0035244364686645,40,0.5538397222222222,0.3387694444444444,,
spatial,across,word,54,3,0.0033333333333333,0.0005598127485064,0.0035405666969586,40,0.4957749999999999,0.3484833333333333,,
spatial,across,word,54,4,0.0045833333333333,0.0005428570089754,0.0034333291842975,40,0.5565080555555555,0.3330075,,
spatial,across,word,54,5,0.0078333333333333,0.0004706484585228,0.0029766422123592,40,0.6800463888888888,0.3927355555555555,,
spatial,across,word,54,6,0.0085833333333333,0.0006072625513464,0.0038406655999594,40,0.5428236111111111,0.3899663888888887,,
spatial,across,word,54,7,0.007,0.0006062354060275,0.0038341693625679,40,0.5653686111111111,0.358955,,
spatial,across,word,54,8,0.0038333333333333,0.0005277215444626,0.0033376041016874,40,0.5430316666666668,0.3457858333333333,,
spatial,across,word,54,9,0.0055,0.0006032910690206,0.0038155477402863,40,0.5717891666666668,0.3636813888888888,,
spatial,across,word,54,10,0.007,0.0004099892292379,0.0025929995610579,40,0.5381483333333332,0.3856916666666666,,
spatial,across,word,54,11,0.0065833333333333,0.0005532537786493,0.0034990841292529,40,0.5477980555555556,0.3931894444444444,,
spatial,across,word,54,12,0.0070833333333333,0.0004651302547095,0.0029417420270727,40,0.5616269444444445,0.4004777777777777,,
spatial,across,word,54,13,0.00525,0.0007442801834342,0.0047072411939606,40,0.5453058333333333,0.3438180555555555,,
spatial,across,word,54,14,0.0060833333333333,0.0005583795745617,0.0035315025090618,40,0.5543430555555556,0.3620336111111111,,
spatial,across,word,54,15,0.00825,0.0007452365348515,0.0047132896914044,40,0.5790816666666667,0.3300374999999999,,
spatial,across,word,54,16,0.0059166666666666,0.0008310867152139,0.0052562539063676,40,0.5606672222222222,0.3444302777777778,,
spatial,across,word,54,17,0.0039166666666666,0.0005322571942188,0.0033662900694843,40,0.5186925,0.3321725,,
spatial,across,word,54,18,0.00275,0.0005322571942188,0.0033662900694843,40,0.5241608333333334,0.3390577777777778,,
spatial,across,word,54,19,0.0044166666666666,0.0007490497303754,0.0047374064574427,40,0.5431963888888889,0.3077769444444445,,
spatial,across,word,54,20,0.0040833333333333,0.0005532537786493,0.0034990841292529,40,0.5281322222222223,0.3448527777777778,,
spatial,across,word,54,21,0.0054166666666666,0.0006718548123582,0.0042491829279939,40,0.5313602777777777,0.3416761111111111,,
spatial,across,word,54,22,0.0035833333333333,0.000613098942578,0.0038775781791747,40,0.5446130555555555,0.3283013888888889,,
spatial,across,word,54,23,0.0035,0.0004614791034954,0.0029186501192363,40,0.5231255555555556,0.3350841666666667,,
spatial,across,word,54,24,0.0044166666666666,0.0006359090673047,0.0040218420748723,40,0.4928808333333333,0.3414827777777777,,
spatial,across,word,54,25,0.0049166666666666,0.0005335936864527,0.0033747427885527,40,0.5276458333333334,0.3377313888888889,,
spatial,across,word,54,26,0.0058333333333333,0.0006830257802778,0.0043198343325836,40,0.5749122222222223,0.3295536111111111,,
spatial,across,word,54,27,0.0056666666666666,0.0007376717048657,0.0046654455056705,40,0.5464,0.3252216666666666,,
spatial,across,word,54,28,0.0039166666666666,0.0005833333333333,0.0036893239368631,40,0.4866802777777777,0.3433027777777777,,
spatial,across,word,54,29,0.00275,0.0005583795745617,0.0035315025090618,40,0.4909647222222222,0.3406533333333333,,
spatial,across,word,54,30,0.00375,0.0004948092383294,0.0031294484008283,40,0.4986925,0.3421741666666666,,
spatial,across,word,54,31,0.0036666666666666,0.0005699002761767,0.0036043658237549,40,0.5024005555555555,0.3392849999999999,,
spatial,across,word,54,32,0.0049166666666666,0.0006084343084444,0.0038480764425479,40,0.5351383333333333,0.3430841666666666,,
spatial,across,word,54,33,0.0036666666666666,0.0006405126152203,0.0040509574683346,40,0.5276647222222224,0.3451669444444444,,
spatial,across,word,54,34,0.0046666666666666,0.0007240279857964,0.0045791550496419,40,0.5227172222222223,0.3390577777777778,,
spatial,across,word,54,35,0.00375,0.0006107710786713,0.0038628554751184,40,0.5332986111111111,0.3342227777777777,,
spatial,across,word,54,36,0.00425,0.0004919219241781,0.0031111874227515,40,0.5131163888888889,0.3323138888888888,,
spatial,across,word,54,37,0.0035833333333333,0.0005647213971599,0.0035716117169158,40,0.5089705555555557,0.3379780555555555,,
spatial,across,word,54,38,0.0043333333333333,0.0005495400822454,0.0034755966509035,40,0.4940422222222221,0.3332316666666667,,
spatial,across,word,54,39,0.0035,0.0003949467128397,0.00249786233394,40,0.4953522222222222,0.3370308333333333,,
spatial,across,word,54,40,0.0041666666666666,0.0006172958213483,0.0039041215711303,40,0.5029738888888888,0.3355730555555555,,
spatial,across,word,54,41,0.0045833333333333,0.0005295740910852,0.0033493206352854,40,0.5215438888888888,0.3414008333333333,,
spatial,across,word,54,42,0.0040833333333333,0.0006142595663193,0.0038849186082326,40,0.5149372222222223,0.330595,,
spatial,across,word,54,43,0.0043333333333333,0.0006558958989042,0.004148249897002,40,0.5209569444444445,0.3354038888888888,,
spatial,across,word,54,44,0.00225,0.0004366979828269,0.0027619205506685,40,0.5111374999999999,0.3374336111111111,,
spatial,across,word,54,45,0.0043333333333333,0.0005991446895152,0.0037893237337253,40,0.500976388888889,0.3291638888888888,,
spatial,across,word,54,46,0.0024166666666666,0.0004301245430187,0.0027203464669569,40,0.5075222222222223,0.3259938888888888,,
spatial,across,word,54,47,0.0030833333333333,0.0005389065112987,0.0034083440431988,40,0.5291349999999999,0.3296633333333333,,
spatial,across,word,54,48,0.0036666666666666,0.0005443310539518,0.0034426518632954,40,0.4911088888888889,0.3430972222222222,,
spatial,across,word,54,49,0.0035833333333333,0.0005519648921491,0.0034909324952811,40,0.5139344444444445,0.3364419444444445,,
spatial,across,word,54,50,0.0046666666666666,0.000557262335477,0.0035244364686645,40,0.5099158333333333,0.3383524999999999,,
spatial,across,word,54,51,0.0055,0.0005277215444626,0.0033376041016874,40,0.523857777777778,0.3435083333333333,,
spatial,across,word,54,52,0.0034166666666666,0.0004991088925371,0.0031566418017233,40,0.5398219444444445,0.332413611111111,,
spatial,across,word,54,53,0.0025833333333333,0.0004846283858428,0.0030650590360687,40,0.4953858333333333,0.3408777777777777,,
spatial,across,word,56,0,0.0030833333333333,0.0005771960417875,0.003650508296965,40,0.4947258333333333,0.3421172222222222,,
spatial,across,word,56,1,0.0036666666666666,0.0005699002761767,0.0036043658237549,40,0.5582566666666666,0.3316152777777778,,
spatial,across,word,56,2,0.003,0.0004433747811741,0.0028041483311779,40,0.5480197222222222,0.3585672222222222,,
spatial,across,word,56,3,0.005,0.0006751595780557,0.0042700841014689,40,0.5196741666666667,0.3337047222222222,,
spatial,across,word,56,4,0.004,0.0004949891362588,0.0031305861752345,40,0.5174588888888889,0.3375983333333333,,
spatial,across,word,56,5,0.0049166666666666,0.0005845530593558,0.0036970381615681,40,0.5534080555555556,0.3409124999999999,,
spatial,across,word,56,6,0.0073333333333333,0.0004497546022879,0.0028444978627462,40,0.6791491666666667,0.3944427777777778,,
spatial,across,word,56,7,0.0081666666666666,0.0004766633793443,0.003014683911842,40,0.5397966666666668,0.3904074999999998,,
spatial,across,word,56,8,0.0065833333333333,0.0007009100718172,0.0044329445237897,40,0.5641041666666667,0.3599777777777778,,
spatial,across,word,56,9,0.0039166666666666,0.0004447781866589,0.0028130242468036,40,0.5392952777777777,0.3432105555555555,,
spatial,across,word,56,10,0.00625,0.0003809476113865,0.002409324242364,40,0.5356799999999999,0.3857883333333333,,
spatial,across,word,56,11,0.0069166666666666,0.0005255237517707,0.003323704040225,40,0.5445894444444445,0.3914716666666666,,
spatial,across,word,56,12,0.0071666666666666,0.0006149838438569,0.0038894993415869,40,0.5627236111111111,0.4065397222222222,,
spatial,across,word,56,13,0.0054166666666666,0.0005930209011272,0.0037505934952953,40,0.5661561111111111,0.360586111111111,,
spatial,across,word,56,14,0.0049166666666666,0.0006084343084444,0.0038480764425479,40,0.5450722222222224,0.3457605555555555,,
spatial,across,word,56,15,0.00575,0.0003956224134412,0.0025021358397744,40,0.5473177777777778,0.3557066666666666,,
spatial,across,word,56,16,0.0028333333333333,0.0004855460696524,0.0030708629780892,40,0.4990049999999999,0.3350944444444445,,
spatial,across,word,56,17,0.0084999999999999,0.0007055942515803,0.0044625698778315,40,0.5740625,0.3306672222222221,,
spatial,across,word,56,18,0.0054166666666666,0.0006927329336612,0.0043812277611597,40,0.5583822222222221,0.3444088888888889,,
spatial,across,word,56,19,0.00375,0.0005090001931052,0.0032191998793563,40,0.5219902777777778,0.3283075,,
spatial,across,word,56,20,0.0035833333333333,0.0005117911677922,0.0032368515531621,40,0.5378372222222222,0.3333763888888889,,
spatial,across,word,56,21,0.00475,0.000734648199622,0.0046463231794957,40,0.5388455555555556,0.3077788888888889,,
spatial,across,word,56,22,0.0035833333333333,0.000613098942578,0.0038775781791747,40,0.5202413888888888,0.343581111111111,,
spatial,across,word,56,23,0.0061666666666666,0.0005791977947731,0.0036631684944598,40,0.535503888888889,0.3361491666666666,,
spatial,across,word,56,24,0.00325,0.0004542847607774,0.002873149100723,40,0.5462297222222222,0.3289319444444444,,
spatial,across,word,56,25,0.00375,0.0005747227747412,0.0036348659827084,40,0.5231211111111111,0.3350824999999999,,
spatial,across,word,56,26,0.0038333333333333,0.0005140476770154,0.003251122970575,40,0.4948363888888888,0.3425797222222222,,
spatial,across,word,56,27,0.0036666666666666,0.0005310850045437,0.0033588764910385,40,0.5245752777777778,0.3364588888888889,,
spatial,across,word,56,28,0.0055833333333333,0.0005771960417875,0.003650508296965,40,0.5670041666666668,0.3359,,
spatial,across,word,56,29,0.0055,0.0007505933075842,0.0047471688968913,40,0.5447252777777778,0.3235455555555555,,
spatial,across,word,56,30,0.0040833333333333,0.0006257474163429,0.0039575741512185,40,0.4876091666666667,0.33798,,
spatial,across,word,56,31,0.00275,0.0004115065088642,0.0026025956799903,40,0.4949280555555555,0.3388519444444444,,
spatial,across,word,56,32,0.0035833333333333,0.0005519648921491,0.0034909324952811,40,0.4934566666666666,0.3452283333333333,,
spatial,across,word,56,33,0.003,0.0004591581544807,0.0029039711487975,40,0.5008347222222223,0.3413322222222221,,
spatial,across,word,56,34,0.0058333333333333,0.0006399563731569,0.004047439484633,40,0.5363033333333334,0.342878611111111,,
spatial,across,word,56,35,0.0035,0.0005330928945203,0.0033715755022721,40,0.5175183333333333,0.3463377777777777,,
spatial,across,word,56,36,0.0043333333333333,0.0006449452813645,0.0040789921105803,40,0.5177563888888889,0.343905,,
spatial,across,word,56,37,0.0033333333333333,0.0005723943812052,0.0036201399289824,40,0.5299911111111111,0.3323877777777778,,
spatial,across,word,56,38,0.0043333333333333,0.0005623515948579,0.0035566237711589,40,0.5031386111111111,0.3339747222222221,,
spatial,across,word,56,39,0.00275,0.0004447781866589,0.0028130242468036,40,0.5113363888888889,0.3405394444444444,,
spatial,across,word,56,40,0.0039166666666666,0.0004757285610699,0.0030087716019509,40,0.4932716666666666,0.3331352777777777,,
spatial,across,word,56,41,0.0028333333333333,0.0004393403498655,0.0027786323471804,40,0.5039855555555556,0.3355324999999999,,
spatial,across,word,56,42,0.005,0.0005598127485064,0.0035405666969586,40,0.5065761111111111,0.3380813888888888,,
spatial,across,word,56,43,0.0048333333333333,0.0004457779141208,0.0028193470784417,40,0.5155766666666667,0.3397533333333333,,
spatial,across,word,56,44,0.0038333333333333,0.0005540578101426,0.0035041692709117,40,0.5088555555555555,0.3256280555555556,,
spatial,across,word,56,45,0.0041666666666666,0.0005692750425533,0.0036004114991154,40,0.5167249999999999,0.3353811111111111,,
spatial,across,word,56,46,0.0025833333333333,0.000526877324526,0.0033322647859959,40,0.511147222222222,0.3405330555555554,,
spatial,across,word,56,47,0.0040833333333333,0.0004697016692749,0.0029706541913838,40,0.4986427777777777,0.3326097222222222,,
spatial,across,word,56,48,0.0029166666666666,0.000480199092139,0.0030370457230089,40,0.5101327777777779,0.3203472222222222,,
spatial,across,word,56,49,0.0025,0.0004425708371198,0.0027990637425321,40,0.5277980555555557,0.3325891666666666,,
spatial,across,word,56,50,0.0039166666666666,0.0005833333333333,0.0036893239368631,40,0.4880638888888889,0.3437036111111111,,
spatial,across,word,56,51,0.0044166666666666,0.0005894067228156,0.0037277354246259,40,0.5163336111111111,0.3351216666666667,,
spatial,across,word,56,52,0.00475,0.0006739717291829,0.0042625714855607,40,0.5056766666666667,0.3354738888888888,,
spatial,across,word,56,53,0.004,0.0005495400822454,0.0034755966509035,40,0.5233275,0.3420030555555555,,
spatial,across,word,56,54,0.003,0.0004591581544807,0.0029039711487975,40,0.5238186111111112,0.3371919444444444,,
spatial,across,word,56,55,0.00225,0.0004366979828269,0.0027619205506685,40,0.4973680555555555,0.3426338888888888,,
spatial,across,word,58,0,0.0045833333333333,0.0005558225853982,0.0035153306896435,40,0.5558497222222223,0.3393108333333333,,
spatial,across,word,58,1,0.0041666666666666,0.0005028409319546,0.0031802452914767,40,0.4984152777777778,0.3447269444444444,,
spatial,across,word,58,2,0.0058333333333333,0.0007235359517703,0.0045760431532242,40,0.509501388888889,0.363053611111111,,
spatial,across,word,58,3,0.0040833333333333,0.0007109992566943,0.0044967541316818,40,0.5181758333333334,0.3344522222222222,,
spatial,across,word,58,4,0.0056666666666666,0.0005991446895152,0.0037893237337253,40,0.5144877777777779,0.3357219444444443,,
spatial,across,word,58,5,0.0040833333333333,0.0006257474163429,0.0039575741512185,40,0.5584844444444445,0.3290402777777778,,
spatial,across,word,58,6,0.0074166666666666,0.0003676269476651,0.0023250769677545,40,0.6757919444444445,0.3923274999999999,,
spatial,across,word,58,7,0.0075,0.0005028409319546,0.0031802452914767,40,0.5465033333333333,0.3957952777777776,,
spatial,across,word,58,8,0.0070833333333333,0.0006223233281713,0.003935918316156,40,0.5683194444444444,0.3577583333333333,,
spatial,across,word,58,9,0.0035833333333333,0.0005117911677922,0.0032368515531621,40,0.5406152777777778,0.3438702777777778,,
spatial,across,word,58,10,0.006,0.0004168802871199,0.0026365824378477,40,0.5480725000000001,0.3891519444444443,,
spatial,across,word,58,11,0.0063333333333333,0.0004744167209018,0.0030004747962362,40,0.5288183333333334,0.3795913888888887,,
spatial,across,word,58,12,0.0050833333333333,0.0005966131857806,0.0037733130983118,40,0.5564213888888888,0.3576872222222221,,
spatial,across,word,58,13,0.0075833333333333,0.0005845530593558,0.0036970381615681,40,0.5681933333333334,0.3948347222222222,,
spatial,across,word,58,14,0.0063333333333333,0.0005443310539518,0.0034426518632954,40,0.5411083333333333,0.3650463888888889,,
spatial,across,word,58,15,0.00625,0.0004948092383294,0.0031294484008283,40,0.5503522222222224,0.3612111111111111,,
spatial,across,word,58,16,0.00325,0.0005659812345252,0.0035795796280276,40,0.5027855555555554,0.3326472222222222,,
spatial,across,word,58,17,0.0054166666666666,0.000751896936321,0.0047554137689542,40,0.5525766666666667,0.33526,,
spatial,across,word,58,18,0.0084999999999999,0.0005840959605818,0.0036941472150854,40,0.5690952777777777,0.3326077777777777,,
spatial,across,word,58,19,0.0050833333333333,0.0006958106219744,0.0044006927711551,40,0.5564408333333335,0.3445513888888888,,
spatial,across,word,58,20,0.0042499999999999,0.0004919219241781,0.0031111874227515,40,0.5323527777777777,0.3290927777777777,,
spatial,across,word,58,21,0.0043333333333333,0.0005991446895152,0.0037893237337253,40,0.535686388888889,0.3362786111111111,,
spatial,across,word,58,22,0.0036666666666666,0.0004744167209018,0.0030004747962362,40,0.4983041666666666,0.3382919444444444,,
spatial,across,word,58,23,0.005,0.0006315539556208,0.0039942979301018,40,0.5398925,0.3090872222222222,,
spatial,across,word,58,24,0.0043333333333333,0.0004949891362588,0.0031305861752345,40,0.5208322222222224,0.3430069444444444,,
spatial,across,word,58,25,0.0051666666666666,0.0006195991719677,0.0039186892395449,40,0.5319761111111112,0.3385622222222222,,
spatial,across,word,58,26,0.0038333333333333,0.0005667672107885,0.0035845505783853,40,0.5487652777777778,0.3303558333333333,,
spatial,across,word,58,27,0.0035833333333333,0.0005771960417875,0.003650508296965,40,0.5145172222222222,0.3360383333333333,,
spatial,across,word,58,28,0.0043333333333333,0.0005991446895152,0.0037893237337253,40,0.5018436111111111,0.3423452777777777,,
spatial,across,word,58,29,0.00475,0.0005583795745617,0.0035315025090618,40,0.5254033333333333,0.3369925,,
spatial,across,word,58,30,0.0064166666666666,0.0006013695196343,0.003803394794892,40,0.5759963888888888,0.3340966666666666,,
spatial,across,word,58,31,0.0058333333333333,0.0007524887482476,0.0047591567162232,40,0.5464422222222222,0.3245469444444444,,
spatial,across,word,58,32,0.0036666666666666,0.0005310850045437,0.0033588764910385,40,0.4781358333333334,0.3421633333333333,,
spatial,across,word,58,33,0.0031666666666666,0.0004766633793443,0.003014683911842,40,0.4925633333333333,0.3350316666666667,,
spatial,across,word,58,34,0.0030833333333333,0.0004681828240069,0.0029610481704636,40,0.4933933333333332,0.3459502777777777,,
spatial,across,word,58,35,0.0033333333333333,0.0005337605126836,0.0033757978902788,40,0.5062705555555557,0.3373605555555555,,
spatial,across,word,58,36,0.0050833333333333,0.0005966131857806,0.0037733130983118,40,0.5379977777777778,0.3467191666666666,,
spatial,across,word,58,37,0.003,0.0005035486605694,0.0031847213602527,40,0.5207733333333333,0.3455491666666667,,
spatial,across,word,58,38,0.0045,0.0006032910690206,0.0038155477402863,40,0.5145177777777776,0.3404777777777777,,
spatial,across,word,58,39,0.0033333333333333,0.0005202453946507,0.0032903207786188,40,0.5292563888888887,0.3339991666666667,,
spatial,across,word,58,40,0.0041666666666666,0.00055662290631,0.0035203923635246,40,0.5075316666666667,0.3332977777777777,,
spatial,across,word,58,41,0.00325,0.000526877324526,0.0033322647859959,40,0.5067913888888889,0.3382544444444444,,
spatial,across,word,58,42,0.0036666666666666,0.0006515377383555,0.0041206864695165,40,0.49457,0.335155,,
spatial,across,word,58,43,0.003,0.0004891995904702,0.003093969872615,40,0.5046216666666667,0.3305602777777777,,
spatial,across,word,58,44,0.004,0.0006772661653216,0.0042834073291689,40,0.5006647222222222,0.3389619444444445,,
spatial,across,word,58,45,0.0045833333333333,0.0004574097142864,0.0028929130420643,40,0.5084627777777777,0.3387272222222222,,
spatial,across,word,58,46,0.00375,0.0006336650053706,0.0040076493810279,40,0.4984677777777777,0.3359044444444444,,
spatial,across,word,58,47,0.0036666666666666,0.0005443310539518,0.0034426518632954,40,0.517755,0.3354538888888889,,
spatial,across,word,58,48,0.0025,0.0004261735932972,0.0026953584668754,40,0.5077236111111112,0.3390599999999999,,
spatial,across,word,58,49,0.0035,0.0004766633793443,0.003014683911842,40,0.5024255555555556,0.3338858333333333,,
spatial,across,word,58,50,0.0029166666666666,0.0004334237249576,0.0027412123256407,40,0.5097758333333333,0.3266030555555556,,
spatial,across,word,58,51,0.0030833333333333,0.0004976798018658,0.0031476034387145,40,0.5256383333333332,0.331186111111111,,
spatial,across,word,58,52,0.00375,0.0004495566033339,0.0028432456074081,40,0.488441111111111,0.3439511111111111,,
spatial,across,word,58,53,0.004,0.0005229763603684,0.0033075929223788,40,0.5117805555555556,0.3369405555555556,,
spatial,across,word,58,54,0.0050833333333333,0.000642594234667,0.0040641227856813,40,0.5127900000000001,0.3392005555555555,,
spatial,across,word,58,55,0.0046666666666666,0.0005443310539518,0.0034426518632954,40,0.529496388888889,0.3421475,,
spatial,across,word,58,56,0.0025833333333333,0.0005131809630673,0.0032456413902629,40,0.5339530555555555,0.3379097222222222,,
spatial,across,word,58,57,0.0028333333333333,0.0005277215444626,0.0033376041016874,40,0.4948330555555555,0.3400961111111111,,
spatial,across,word,60,0,0.0045833333333333,0.0005930209011272,0.0037505934952953,40,0.5135413888888889,0.3386197222222221,,
spatial,across,word,60,1,0.00375,0.0006336650053706,0.0040076493810279,40,0.5166969444444444,0.3364530555555555,,
spatial,across,word,60,2,0.00375,0.0004948092383294,0.0031294484008283,40,0.5047688888888888,0.3451458333333333,,
spatial,across,word,60,3,0.0045833333333333,0.0005428570089754,0.0034333291842975,40,0.548478888888889,0.3424197222222221,,
spatial,across,word,60,4,0.003,0.0004744167209018,0.0030004747962362,40,0.54691,0.3339647222222222,,
spatial,across,word,60,5,0.0079166666666666,0.0004727247200735,0.0029897736433961,40,0.677366388888889,0.3939977777777777,,
spatial,across,word,60,6,0.0076666666666666,0.0005748776656683,0.0036358455989457,40,0.5421247222222224,0.3920952777777776,,
spatial,across,word,60,7,0.0059166666666666,0.0006590105247982,0.0041679485207707,40,0.5665144444444444,0.3542352777777777,,
spatial,across,word,60,8,0.0040833333333333,0.0005402265537205,0.0034166927245201,40,0.5480380555555555,0.3472488888888889,,
spatial,across,word,60,9,0.0066666666666666,0.0004134491152973,0.0026148818018424,40,0.5346205555555557,0.3783911111111111,,
spatial,across,word,60,10,0.0068333333333333,0.0005591762357951,0.0035365410371042,40,0.550775,0.3858016666666665,,
spatial,across,word,60,11,0.0053333333333333,0.0006178724639975,0.0039077685794651,40,0.5658158333333333,0.3624422222222222,,
spatial,across,word,60,12,0.0069999999999999,0.0005699002761767,0.0036043658237549,40,0.5627569444444446,0.3989041666666667,,
spatial,across,word,60,13,0.0055,0.0005667672107885,0.0035845505783853,40,0.544941388888889,0.3606855555555555,,
spatial,across,word,60,14,0.0033333333333333,0.0004303314829119,0.002721655269759,40,0.504135,0.3324594444444444,,
spatial,across,word,60,15,0.0071666666666666,0.0005,0.0031622776601683,40,0.5533772222222222,0.3554072222222222,,
spatial,across,word,60,16,0.006,0.0007279522854655,0.0046039744999925,40,0.5539769444444445,0.3335722222222222,,
spatial,across,word,60,17,0.0076666666666666,0.0006666666666666,0.0042163702135578,40,0.5739113888888888,0.330211111111111,,
spatial,across,word,60,18,0.0055833333333333,0.0006470126398497,0.0040920672336869,40,0.5620475,0.3438419444444444,,
spatial,across,word,60,19,0.00375,0.0005869849078564,0.003712418521941,40,0.5266616666666666,0.3268891666666666,,
spatial,across,word,60,20,0.0045,0.0006377265532304,0.0040333368651535,40,0.5446555555555554,0.3275277777777777,,
spatial,across,word,60,21,0.0034166666666666,0.0004991088925371,0.0031566418017233,40,0.5243877777777778,0.3373491666666666,,
spatial,across,word,60,22,0.0042499999999999,0.0006084343084444,0.0038480764425479,40,0.4991544444444444,0.3380086111111111,,
spatial,across,word,60,23,0.0036666666666666,0.0005310850045437,0.0033588764910385,40,0.5287236111111111,0.3159058333333333,,
spatial,across,word,60,24,0.0040833333333333,0.0005659812345252,0.0035795796280276,40,0.5125049999999999,0.3486594444444444,,
spatial,across,word,60,25,0.0051666666666666,0.0005056659032384,0.0031981119786399,40,0.5271405555555555,0.3388466666666667,,
spatial,across,word,60,26,0.0031666666666666,0.0005330928945203,0.0033715755022721,40,0.540156388888889,0.3332058333333333,,
spatial,across,word,60,27,0.0031666666666666,0.0004913786640188,0.0031077515438206,40,0.5113605555555555,0.3344580555555556,,
spatial,across,word,60,28,0.0043333333333333,0.0005623515948579,0.0035566237711589,40,0.4957008333333333,0.3404625,,
spatial,across,word,60,29,0.00425,0.0006535842445105,0.0041336297109071,40,0.5232308333333334,0.3373936111111111,,
spatial,across,word,60,30,0.0061666666666666,0.0005667672107885,0.0035845505783853,40,0.5610761111111111,0.3357691666666666,,
spatial,across,word,60,31,0.00475,0.0006188802957865,0.0039141426673682,40,0.5335263888888888,0.3286058333333332,,
spatial,across,word,60,32,0.003,0.0004591581544807,0.0029039711487975,40,0.4863811111111112,0.3381686111111111,,
spatial,across,word,60,33,0.00225,0.0005255237517707,0.003323704040225,40,0.493045,0.3375136111111111,,
spatial,across,word,60,34,0.004,0.0004336290903919,0.0027425111706914,40,0.4931633333333334,0.3458227777777777,,
spatial,across,word,60,35,0.0035833333333333,0.0005894067228156,0.0037277354246259,40,0.4873541666666666,0.3374380555555555,,
spatial,across,word,60,36,0.0054166666666666,0.0006392603899459,0.0040430377003132,40,0.5447258333333334,0.3451083333333333,,
spatial,across,word,60,37,0.00375,0.0005362566783465,0.0033915850281024,40,0.5258775,0.3458688888888888,,
spatial,across,word,60,38,0.0040833333333333,0.000602552736754,0.0038108781170213,40,0.5184338888888889,0.3477338888888889,,
spatial,across,word,60,39,0.0035,0.0005840959605818,0.0036941472150854,40,0.5316344444444444,0.3320830555555555,,
spatial,across,word,60,40,0.0039166666666666,0.0005709927876363,0.0036112754729195,40,0.5101836111111111,0.3314155555555556,,
spatial,across,word,60,41,0.0045,0.0006032910690206,0.0038155477402863,40,0.5049444444444444,0.3319291666666666,,
spatial,across,word,60,42,0.0039999999999999,0.0005991446895152,0.0037893237337253,40,0.5090402777777778,0.3394111111111111,,
spatial,across,word,60,43,0.0029166666666666,0.0004651302547095,0.0029417420270727,40,0.4962438888888888,0.3336291666666667,,
spatial,across,word,60,44,0.00725,0.0006947862406725,0.0043942140149424,40,0.537755,0.3619430555555555,,
spatial,across,word,60,45,0.003,0.0005443310539518,0.0034426518632954,40,0.5013927777777777,0.3311233333333333,,
spatial,across,word,60,46,0.0041666666666666,0.0006287281966789,0.0039764262613514,40,0.4985519444444444,0.3354388888888889,,
spatial,across,word,60,47,0.0039166666666666,0.0005454747794744,0.0034498854186348,40,0.5123366666666668,0.3314080555555555,,
spatial,across,word,60,48,0.00325,0.0004542847607774,0.002873149100723,40,0.5005091666666667,0.3377588888888889,,
spatial,across,word,60,49,0.0039166666666666,0.0004757285610699,0.0030087716019509,40,0.5156622222222224,0.3338783333333333,,
spatial,across,word,60,50,0.0024166666666666,0.000520074233141,0.003289238258182,40,0.5096141666666665,0.3375966666666666,,
spatial,across,word,60,51,0.0035,0.0005195604102922,0.00328598855715,40,0.4984961111111111,0.3340074999999999,,
spatial,across,word,60,52,0.0035833333333333,0.0005647213971599,0.0035716117169158,40,0.5075422222222222,0.3292202777777777,,
spatial,across,word,60,53,0.00425,0.000620030097606,0.003921414652583,40,0.5287108333333335,0.3277727777777778,,
spatial,across,word,60,54,0.00375,0.0005228060929505,0.0033065160566748,40,0.4860877777777777,0.3423663888888889,,
spatial,across,word,60,55,0.0041666666666666,0.00055662290631,0.0035203923635246,40,0.5113208333333332,0.3329552777777779,,
spatial,across,word,60,56,0.0061666666666666,0.0006809370115327,0.0043066237991039,40,0.5183077777777779,0.3363066666666666,,
spatial,across,word,60,57,0.0049166666666666,0.0005722388181146,0.0036191560616103,40,0.5285869444444444,0.3417386111111111,,
spatial,across,word,60,58,0.0018333333333333,0.0004125868638576,0.0026094284449121,40,0.5302030555555557,0.339428611111111,,
spatial,across,word,60,59,0.0029166666666666,0.0005747227747412,0.0036348659827084,40,0.4929055555555555,0.3407294444444444,,
spatial,across,word,75,0,0.0045,0.0005277215444626,0.0033376041016874,40,0.5540933333333333,0.3421863888888888,msaa_flexible_outputs_npz/spatialAA_across_acrossCond_K75.npz,spatialAA_across_acrossCond_K75.npz
spatial,across,word,75,1,0.0041666666666666,0.0006172958213483,0.0039041215711303,40,0.5095438888888889,0.3442447222222221,msaa_flexible_outputs_npz/spatialAA_across_acrossCond_K75.npz,spatialAA_across_acrossCond_K75.npz
spatial,across,word,75,2,0.005,0.0005967623950328,0.0037742567804819,40,0.5008902777777777,0.3369830555555554,msaa_flexible_outputs_npz/spatialAA_across_acrossCond_K75.npz,spatialAA_across_acrossCond_K75.npz
spatial,across,word,75,3,0.0035,0.0005195604102922,0.00328598855715,40,0.4973488888888889,0.3479638888888888,msaa_flexible_outputs_npz/spatialAA_across_acrossCond_K75.npz,spatialAA_across_acrossCond_K75.npz
spatial,across,word,75,4,0.003,0.0004591581544807,0.0029039711487975,40,0.5395555555555556,0.3374811111111111,msaa_flexible_outputs_npz/spatialAA_across_acrossCond_K75.npz,spatialAA_across_acrossCond_K75.npz
spatial,across,word,75,5,0.0046666666666666,0.0005822639771026,0.0036825607342247,40,0.5129233333333334,0.3529877777777777,msaa_flexible_outputs_npz/spatialAA_across_acrossCond_K75.npz,spatialAA_across_acrossCond_K75.npz
spatial,across,word,75,6,0.0085,0.0006079951641733,0.0038452990503112,40,0.6829366666666667,0.3770694444444444,msaa_flexible_outputs_npz/spatialAA_across_acrossCond_K75.npz,spatialAA_across_acrossCond_K75.npz
spatial,across,word,75,7,0.0087499999999999,0.0005159493228057,0.0032631500345752,40,0.6576538888888889,0.3875244444444444,msaa_flexible_outputs_npz/spatialAA_across_acrossCond_K75.npz,spatialAA_across_acrossCond_K75.npz
spatial,across,word,75,8,0.0065,0.0004457779141208,0.0028193470784417,40,0.541501388888889,0.3909558333333332,msaa_flexible_outputs_npz/spatialAA_across_acrossCond_K75.npz,spatialAA_across_acrossCond_K75.npz
spatial,across,word,75,9,0.0084166666666666,0.0005966131857806,0.0037733130983118,40,0.5398466666666666,0.4027841666666665,msaa_flexible_outputs_npz/spatialAA_across_acrossCond_K75.npz,spatialAA_across_acrossCond_K75.npz
spatial,across,word,75,10,0.0045,0.0006809370115327,0.0043066237991039,40,0.5436861111111112,0.3366191666666666,msaa_flexible_outputs_npz/spatialAA_across_acrossCond_K75.npz,spatialAA_across_acrossCond_K75.npz
spatial,across,word,75,11,0.0051666666666666,0.0006079951641733,0.0038452990503112,40,0.5784219444444445,0.3513269444444444,msaa_flexible_outputs_npz/spatialAA_across_acrossCond_K75.npz,spatialAA_across_acrossCond_K75.npz
spatial,across,word,75,12,0.0058333333333333,0.0004884710724331,0.0030893623199876,40,0.5273397222222223,0.3736655555555555,msaa_flexible_outputs_npz/spatialAA_across_acrossCond_K75.npz,spatialAA_across_acrossCond_K75.npz
spatial,across,word,75,13,0.00575,0.0005845530593558,0.0036970381615681,40,0.5735944444444444,0.3590899999999999,msaa_flexible_outputs_npz/spatialAA_across_acrossCond_K75.npz,spatialAA_across_acrossCond_K75.npz
spatial,across,word,75,14,0.0074166666666666,0.0006142595663193,0.0038849186082326,40,0.5433855555555557,0.3888655555555554,msaa_flexible_outputs_npz/spatialAA_across_acrossCond_K75.npz,spatialAA_across_acrossCond_K75.npz
spatial,across,word,75,15,0.0073333333333333,0.0007279522854655,0.0046039744999925,40,0.5738247222222222,0.3698475,msaa_flexible_outputs_npz/spatialAA_across_acrossCond_K75.npz,spatialAA_across_acrossCond_K75.npz
spatial,across,word,75,16,0.0044166666666666,0.0004976798018658,0.0031476034387145,40,0.5570269444444446,0.3381241666666666,msaa_flexible_outputs_npz/spatialAA_across_acrossCond_K75.npz,spatialAA_across_acrossCond_K75.npz
spatial,across,word,75,17,0.0035833333333333,0.0005894067228156,0.0037277354246259,40,0.5103180555555556,0.3309072222222222,msaa_flexible_outputs_npz/spatialAA_across_acrossCond_K75.npz,spatialAA_across_acrossCond_K75.npz
spatial,across,word,75,18,0.006,0.000465321626968,0.0029429523715086,40,0.5485780555555555,0.3536544444444444,msaa_flexible_outputs_npz/spatialAA_across_acrossCond_K75.npz,spatialAA_across_acrossCond_K75.npz
spatial,across,word,75,19,0.0056666666666666,0.0005623515948579,0.0035566237711589,40,0.5534508333333333,0.3471452777777777,msaa_flexible_outputs_npz/spatialAA_across_acrossCond_K75.npz,spatialAA_across_acrossCond_K75.npz
spatial,across,word,75,20,0.0068333333333333,0.0005717718748968,0.0036162028533978,40,0.5548377777777779,0.3228197222222221,msaa_flexible_outputs_npz/spatialAA_across_acrossCond_K75.npz,spatialAA_across_acrossCond_K75.npz
spatial,across,word,75,21,0.0061666666666666,0.0006487990219938,0.0041033653063804,40,0.5624158333333333,0.3487958333333333,msaa_flexible_outputs_npz/spatialAA_across_acrossCond_K75.npz,spatialAA_across_acrossCond_K75.npz
spatial,across,word,75,22,0.0041666666666666,0.0005168113941217,0.003268602252303,40,0.5580138888888889,0.34426,msaa_flexible_outputs_npz/spatialAA_across_acrossCond_K75.npz,spatialAA_across_acrossCond_K75.npz
spatial,across,word,75,23,0.0034166666666666,0.0005131809630673,0.0032456413902629,40,0.5242902777777776,0.3591291666666666,msaa_flexible_outputs_npz/spatialAA_across_acrossCond_K75.npz,spatialAA_across_acrossCond_K75.npz
spatial,across,word,75,24,0.0044166666666666,0.0006013695196343,0.003803394794892,40,0.5274347222222222,0.3330530555555555,msaa_flexible_outputs_npz/spatialAA_across_acrossCond_K75.npz,spatialAA_across_acrossCond_K75.npz
spatial,across,word,75,25,0.0034166666666666,0.0005784287095915,0.0036583043726829,40,0.5076188888888888,0.3382636111111111,msaa_flexible_outputs_npz/spatialAA_across_acrossCond_K75.npz,spatialAA_across_acrossCond_K75.npz
spatial,across,word,75,26,0.0045,0.0006703955544528,0.0042399537706451,40,0.539586388888889,0.34002,msaa_flexible_outputs_npz/spatialAA_across_acrossCond_K75.npz,spatialAA_across_acrossCond_K75.npz
spatial,across,word,75,27,0.0035833333333333,0.0005117911677922,0.0032368515531621,40,0.5229375,0.3274544444444444,msaa_flexible_outputs_npz/spatialAA_across_acrossCond_K75.npz,spatialAA_across_acrossCond_K75.npz
spatial,across,word,75,28,0.0044166666666666,0.0006359090673047,0.0040218420748723,40,0.5167561111111111,0.3448747222222222,msaa_flexible_outputs_npz/spatialAA_across_acrossCond_K75.npz,spatialAA_across_acrossCond_K75.npz
spatial,across,word,75,29,0.0033333333333333,0.0005723943812052,0.0036201399289824,40,0.5188083333333333,0.3320180555555555,msaa_flexible_outputs_npz/spatialAA_across_acrossCond_K75.npz,spatialAA_across_acrossCond_K75.npz
spatial,across,word,75,30,0.0049166666666666,0.0006535842445105,0.0041336297109071,40,0.5059136111111112,0.3404611111111111,msaa_flexible_outputs_npz/spatialAA_across_acrossCond_K75.npz,spatialAA_across_acrossCond_K75.npz
spatial,across,word,75,31,0.004,0.0006224663745652,0.0039368230209872,40,0.5016766666666665,0.3567675,msaa_flexible_outputs_npz/spatialAA_across_acrossCond_K75.npz,spatialAA_across_acrossCond_K75.npz
spatial,across,word,75,32,0.0041666666666666,0.0005692750425533,0.0036004114991154,40,0.5267833333333332,0.3130408333333333,msaa_flexible_outputs_npz/spatialAA_across_acrossCond_K75.npz,spatialAA_across_acrossCond_K75.npz
spatial,across,word,75,33,0.0035,0.0004614791034954,0.0029186501192363,40,0.5123447222222222,0.3390575,msaa_flexible_outputs_npz/spatialAA_across_acrossCond_K75.npz,spatialAA_across_acrossCond_K75.npz
spatial,across,word,75,34,0.0068333333333333,0.0006195991719677,0.0039186892395449,40,0.5663530555555557,0.3223666666666666,msaa_flexible_outputs_npz/spatialAA_across_acrossCond_K75.npz,spatialAA_across_acrossCond_K75.npz
spatial,across,word,75,35,0.006,0.0007660904560785,0.0048451814698505,40,0.5275827777777778,0.3343238888888888,msaa_flexible_outputs_npz/spatialAA_across_acrossCond_K75.npz,spatialAA_across_acrossCond_K75.npz
spatial,across,word,75,36,0.0035,0.0005195604102922,0.00328598855715,40,0.5406416666666667,0.3331502777777776,msaa_flexible_outputs_npz/spatialAA_across_acrossCond_K75.npz,spatialAA_across_acrossCond_K75.npz
spatial,across,word,75,37,0.0035833333333333,0.0005255237517707,0.003323704040225,40,0.5080172222222222,0.3378141666666667,msaa_flexible_outputs_npz/spatialAA_across_acrossCond_K75.npz,spatialAA_across_acrossCond_K75.npz
spatial,across,word,75,38,0.004,0.0006109168300344,0.0038637772876778,40,0.4869013888888888,0.3373049999999999,msaa_flexible_outputs_npz/spatialAA_across_acrossCond_K75.npz,spatialAA_across_acrossCond_K75.npz
spatial,across,word,75,39,0.0046666666666666,0.0006178724639975,0.0039077685794651,40,0.5196813888888888,0.3402719444444445,msaa_flexible_outputs_npz/spatialAA_across_acrossCond_K75.npz,spatialAA_across_acrossCond_K75.npz
spatial,across,word,75,40,0.0068333333333333,0.0006954266558151,0.0043982643559396,40,0.5702441666666667,0.3384430555555555,msaa_flexible_outputs_npz/spatialAA_across_acrossCond_K75.npz,spatialAA_across_acrossCond_K75.npz
spatial,across,word,75,41,0.0055,0.0006264584123867,0.0039620708850304,40,0.5362330555555556,0.3253899999999999,msaa_flexible_outputs_npz/spatialAA_across_acrossCond_K75.npz,spatialAA_across_acrossCond_K75.npz
spatial,across,word,75,42,0.0036666666666666,0.0005175000172041,0.0032729574870827,40,0.4868608333333334,0.3396952777777777,msaa_flexible_outputs_npz/spatialAA_across_acrossCond_K75.npz,spatialAA_across_acrossCond_K75.npz
spatial,across,word,75,43,0.002,0.0003736323588785,0.0023630585231952,40,0.5144544444444443,0.3316058333333334,msaa_flexible_outputs_npz/spatialAA_across_acrossCond_K75.npz,spatialAA_across_acrossCond_K75.npz
spatial,across,word,75,44,0.00275,0.0004605134629656,0.0029125428722863,40,0.4938091666666667,0.329605,msaa_flexible_outputs_npz/spatialAA_across_acrossCond_K75.npz,spatialAA_across_acrossCond_K75.npz
spatial,across,word,75,45,0.00325,0.0004846283858428,0.0030650590360687,40,0.4998322222222222,0.3430299999999999,msaa_flexible_outputs_npz/spatialAA_across_acrossCond_K75.npz,spatialAA_across_acrossCond_K75.npz
spatial,across,word,75,46,0.0023333333333333,0.0003994297930101,0.0025262158224835,40,0.4897213888888888,0.338278611111111,msaa_flexible_outputs_npz/spatialAA_across_acrossCond_K75.npz,spatialAA_across_acrossCond_K75.npz
spatial,across,word,75,47,0.005,0.0006085806194501,0.0038490017945975,40,0.5340872222222222,0.3416388888888888,msaa_flexible_outputs_npz/spatialAA_across_acrossCond_K75.npz,spatialAA_across_acrossCond_K75.npz
spatial,across,word,75,48,0.0026666666666666,0.0003620139928982,0.0022895775248209,40,0.5184005555555554,0.3454166666666666,msaa_flexible_outputs_npz/spatialAA_across_acrossCond_K75.npz,spatialAA_across_acrossCond_K75.npz
spatial,across,word,75,49,0.0036666666666666,0.0005443310539518,0.0034426518632954,40,0.5099297222222221,0.3466241666666666,msaa_flexible_outputs_npz/spatialAA_across_acrossCond_K75.npz,spatialAA_across_acrossCond_K75.npz
spatial,across,word,75,50,0.00325,0.0004991088925371,0.0031566418017233,40,0.5235080555555556,0.3318499999999999,msaa_flexible_outputs_npz/spatialAA_across_acrossCond_K75.npz,spatialAA_across_acrossCond_K75.npz
spatial,across,word,75,51,0.0038333333333333,0.0006487990219938,0.0041033653063804,40,0.5084038888888889,0.3301911111111111,msaa_flexible_outputs_npz/spatialAA_across_acrossCond_K75.npz,spatialAA_across_acrossCond_K75.npz
spatial,across,word,75,52,0.0039166666666666,0.0004447781866589,0.0028130242468036,40,0.530193888888889,0.3357291666666665,msaa_flexible_outputs_npz/spatialAA_across_acrossCond_K75.npz,spatialAA_across_acrossCond_K75.npz
spatial,across,word,75,53,0.0044166666666666,0.0006579288490181,0.0041611074024608,40,0.4969633333333333,0.3286877777777777,msaa_flexible_outputs_npz/spatialAA_across_acrossCond_K75.npz,spatialAA_across_acrossCond_K75.npz
spatial,across,word,75,54,0.0034166666666666,0.0005532537786493,0.0034990841292529,40,0.5070716666666666,0.3414683333333333,msaa_flexible_outputs_npz/spatialAA_across_acrossCond_K75.npz,spatialAA_across_acrossCond_K75.npz
spatial,across,word,75,55,0.00325,0.0005131809630673,0.0032456413902629,40,0.4965033333333333,0.3380691666666666,msaa_flexible_outputs_npz/spatialAA_across_acrossCond_K75.npz,spatialAA_across_acrossCond_K75.npz
spatial,across,word,75,56,0.0069166666666666,0.000613098942578,0.0038775781791747,40,0.55192,0.3629194444444444,msaa_flexible_outputs_npz/spatialAA_across_acrossCond_K75.npz,spatialAA_across_acrossCond_K75.npz
spatial,across,word,75,57,0.0045,0.0006377265532304,0.0040333368651535,40,0.5131955555555555,0.3374641666666667,msaa_flexible_outputs_npz/spatialAA_across_acrossCond_K75.npz,spatialAA_across_acrossCond_K75.npz
spatial,across,word,75,58,0.0048333333333333,0.0005717718748968,0.0036162028533978,40,0.5038355555555556,0.340981111111111,msaa_flexible_outputs_npz/spatialAA_across_acrossCond_K75.npz,spatialAA_across_acrossCond_K75.npz
spatial,across,word,75,59,0.0044166666666666,0.0005647213971599,0.0035716117169158,40,0.514775,0.3400455555555555,msaa_flexible_outputs_npz/spatialAA_across_acrossCond_K75.npz,spatialAA_across_acrossCond_K75.npz
spatial,across,word,75,60,0.00525,0.0006302839318575,0.0039862655945525,40,0.5238502777777777,0.3308877777777778,msaa_flexible_outputs_npz/spatialAA_across_acrossCond_K75.npz,spatialAA_across_acrossCond_K75.npz
spatial,across,word,75,61,0.0015833333333333,0.0003578086996246,0.0022629809148737,40,0.5150775,0.3311952777777778,msaa_flexible_outputs_npz/spatialAA_across_acrossCond_K75.npz,spatialAA_across_acrossCond_K75.npz
spatial,across,word,75,62,0.0034166666666666,0.0005659812345252,0.0035795796280276,40,0.5096552777777779,0.3437955555555555,msaa_flexible_outputs_npz/spatialAA_across_acrossCond_K75.npz,spatialAA_across_acrossCond_K75.npz
spatial,across,word,75,63,0.0048333333333333,0.0005961653339578,0.0037704806346836,40,0.5335766666666666,0.3371286111111111,msaa_flexible_outputs_npz/spatialAA_across_acrossCond_K75.npz,spatialAA_across_acrossCond_K75.npz
spatial,across,word,75,64,0.0016666666666666,0.0003774256780481,0.0023870495801314,40,0.510966111111111,0.3461666666666666,msaa_flexible_outputs_npz/spatialAA_across_acrossCond_K75.npz,spatialAA_across_acrossCond_K75.npz
spatial,across,word,75,65,0.0034166666666666,0.000526877324526,0.0033322647859959,40,0.511258611111111,0.3323558333333333,msaa_flexible_outputs_npz/spatialAA_across_acrossCond_K75.npz,spatialAA_across_acrossCond_K75.npz
spatial,across,word,75,66,0.0036666666666666,0.0005035486605694,0.0031847213602527,40,0.5013855555555555,0.3302641666666666,msaa_flexible_outputs_npz/spatialAA_across_acrossCond_K75.npz,spatialAA_across_acrossCond_K75.npz
spatial,across,word,75,67,0.0043333333333333,0.0005364226763936,0.0033926348919345,40,0.5267447222222224,0.3312919444444444,msaa_flexible_outputs_npz/spatialAA_across_acrossCond_K75.npz,spatialAA_across_acrossCond_K75.npz
spatial,across,word,75,68,0.0048333333333333,0.0005717718748968,0.0036162028533978,40,0.5183802777777778,0.3315063888888888,msaa_flexible_outputs_npz/spatialAA_across_acrossCond_K75.npz,spatialAA_across_acrossCond_K75.npz
spatial,across,word,75,69,0.0028333333333333,0.0004228178434916,0.0026741348415884,40,0.4872391666666665,0.3454308333333333,msaa_flexible_outputs_npz/spatialAA_across_acrossCond_K75.npz,spatialAA_across_acrossCond_K75.npz
spatial,across,word,75,70,0.0050833333333333,0.0006643924886069,0.004201987048611,40,0.5089513888888888,0.3314183333333333,msaa_flexible_outputs_npz/spatialAA_across_acrossCond_K75.npz,spatialAA_across_acrossCond_K75.npz
spatial,across,word,75,71,0.0061666666666666,0.0006264584123867,0.0039620708850304,40,0.5149011111111111,0.3259380555555555,msaa_flexible_outputs_npz/spatialAA_across_acrossCond_K75.npz,spatialAA_across_acrossCond_K75.npz
spatial,across,word,75,72,0.00425,0.0005596536881967,0.0035395607112309,40,0.5230694444444446,0.3430494444444444,msaa_flexible_outputs_npz/spatialAA_across_acrossCond_K75.npz,spatialAA_across_acrossCond_K75.npz
spatial,across,word,75,73,0.0031666666666666,0.0005195604102922,0.00328598855715,40,0.5173041666666667,0.3399402777777777,msaa_flexible_outputs_npz/spatialAA_across_acrossCond_K75.npz,spatialAA_across_acrossCond_K75.npz
spatial,across,word,75,74,0.0020833333333333,0.0004080301508327,0.0025806092613071,40,0.4985705555555556,0.3443027777777777,msaa_flexible_outputs_npz/spatialAA_across_acrossCond_K75.npz,spatialAA_across_acrossCond_K75.npz
spatial,across,word,100,0,0.0044166666666666,0.0005771960417875,0.003650508296965,40,0.57036,0.3208947222222222,msaa_flexible_outputs_npz/spatialAA_across_acrossCond_K100.npz,spatialAA_across_acrossCond_K100.npz
spatial,across,word,100,1,0.005,0.0004921028776234,0.0031123318728261,40,0.5197338888888889,0.3618324999999999,msaa_flexible_outputs_npz/spatialAA_across_acrossCond_K100.npz,spatialAA_across_acrossCond_K100.npz
spatial,across,word,100,2,0.0028333333333333,0.0004056228722963,0.0025653842950319,40,0.5290669444444445,0.3434641666666665,msaa_flexible_outputs_npz/spatialAA_across_acrossCond_K100.npz,spatialAA_across_acrossCond_K100.npz
spatial,across,word,100,3,0.00625,0.0006978548735241,0.0044136217531701,40,0.5437377777777778,0.3424513888888888,msaa_flexible_outputs_npz/spatialAA_across_acrossCond_K100.npz,spatialAA_across_acrossCond_K100.npz
spatial,across,word,100,4,0.0054166666666666,0.0006718548123582,0.0042491829279939,40,0.5666319444444445,0.3407483333333333,msaa_flexible_outputs_npz/spatialAA_across_acrossCond_K100.npz,spatialAA_across_acrossCond_K100.npz
spatial,across,word,100,5,0.00325,0.0004846283858428,0.0030650590360687,40,0.4974550000000001,0.3475408333333333,msaa_flexible_outputs_npz/spatialAA_across_acrossCond_K100.npz,spatialAA_across_acrossCond_K100.npz
spatial,across,word,100,6,0.0040833333333333,0.000602552736754,0.0038108781170213,40,0.5140961111111111,0.3388302777777777,msaa_flexible_outputs_npz/spatialAA_across_acrossCond_K100.npz,spatialAA_across_acrossCond_K100.npz
spatial,across,word,100,7,0.0053333333333333,0.0007529618628798,0.0047621489558877,40,0.5088086111111111,0.3324625,msaa_flexible_outputs_npz/spatialAA_across_acrossCond_K100.npz,spatialAA_across_acrossCond_K100.npz
spatial,across,word,100,8,0.0065,0.0006421784505829,0.0040614931362402,40,0.5595550000000001,0.3296286111111111,msaa_flexible_outputs_npz/spatialAA_across_acrossCond_K100.npz,spatialAA_across_acrossCond_K100.npz
spatial,across,word,100,9,0.0076666666666666,0.0006449452813645,0.0040789921105803,40,0.6970191666666666,0.3824977777777777,msaa_flexible_outputs_npz/spatialAA_across_acrossCond_K100.npz,spatialAA_across_acrossCond_K100.npz
spatial,across,word,100,10,0.0075833333333333,0.0005722388181146,0.0036191560616103,40,0.5355183333333334,0.3958569444444443,msaa_flexible_outputs_npz/spatialAA_across_acrossCond_K100.npz,spatialAA_across_acrossCond_K100.npz
spatial,across,word,100,11,0.0045,0.0005,0.0031622776601683,40,0.5486038888888889,0.3354952777777777,msaa_flexible_outputs_npz/spatialAA_across_acrossCond_K100.npz,spatialAA_across_acrossCond_K100.npz
spatial,across,word,100,12,0.00575,0.0007258701429232,0.004590805874299,40,0.5822325,0.3467638888888888,msaa_flexible_outputs_npz/spatialAA_across_acrossCond_K100.npz,spatialAA_across_acrossCond_K100.npz
spatial,across,word,100,13,0.0055,0.0006487990219938,0.0041033653063804,40,0.5815916666666665,0.3669963888888888,msaa_flexible_outputs_npz/spatialAA_across_acrossCond_K100.npz,spatialAA_across_acrossCond_K100.npz
spatial,across,word,100,14,0.007,0.0006515377383555,0.0041206864695165,40,0.5478561111111111,0.3824330555555555,msaa_flexible_outputs_npz/spatialAA_across_acrossCond_K100.npz,spatialAA_across_acrossCond_K100.npz
spatial,across,word,100,15,0.0040833333333333,0.000526877324526,0.0033322647859959,40,0.5711072222222222,0.3583780555555555,msaa_flexible_outputs_npz/spatialAA_across_acrossCond_K100.npz,spatialAA_across_acrossCond_K100.npz
spatial,across,word,100,16,0.0069166666666666,0.0004976798018658,0.0031476034387145,40,0.5309308333333334,0.3897272222222222,msaa_flexible_outputs_npz/spatialAA_across_acrossCond_K100.npz,spatialAA_across_acrossCond_K100.npz
spatial,across,word,100,17,0.00575,0.0005722388181146,0.0036191560616103,40,0.5394750000000001,0.3578369444444444,msaa_flexible_outputs_npz/spatialAA_across_acrossCond_K100.npz,spatialAA_across_acrossCond_K100.npz
spatial,across,word,100,18,0.00725,0.0005454747794744,0.0034498854186348,40,0.5345636111111112,0.3531247222222221,msaa_flexible_outputs_npz/spatialAA_across_acrossCond_K100.npz,spatialAA_across_acrossCond_K100.npz
spatial,across,word,100,19,0.0028333333333333,0.0004855460696524,0.0030708629780892,40,0.4874552777777777,0.3479874999999999,msaa_flexible_outputs_npz/spatialAA_across_acrossCond_K100.npz,spatialAA_across_acrossCond_K100.npz
spatial,across,word,100,20,0.0071666666666666,0.0005791977947731,0.0036631684944598,40,0.6105555555555556,0.3561574999999999,msaa_flexible_outputs_npz/spatialAA_across_acrossCond_K100.npz,spatialAA_across_acrossCond_K100.npz
spatial,across,word,100,21,0.0073333333333333,0.0006666666666666,0.0042163702135578,40,0.5681180555555555,0.333761111111111,msaa_flexible_outputs_npz/spatialAA_across_acrossCond_K100.npz,spatialAA_across_acrossCond_K100.npz
spatial,across,word,100,22,0.0049166666666666,0.0005966131857806,0.0037733130983118,40,0.5224363888888889,0.3246302777777777,msaa_flexible_outputs_npz/spatialAA_across_acrossCond_K100.npz,spatialAA_across_acrossCond_K100.npz
spatial,across,word,100,23,0.005,0.0004774099160262,0.0030194054243855,40,0.5501347222222222,0.3347594444444444,msaa_flexible_outputs_npz/spatialAA_across_acrossCond_K100.npz,spatialAA_across_acrossCond_K100.npz
spatial,across,word,100,24,0.0058333333333333,0.00055662290631,0.0035203923635246,40,0.5529908333333333,0.3666316666666666,msaa_flexible_outputs_npz/spatialAA_across_acrossCond_K100.npz,spatialAA_across_acrossCond_K100.npz
spatial,across,word,100,25,0.0056666666666666,0.0005991446895152,0.0037893237337253,40,0.5070380555555556,0.3375563888888888,msaa_flexible_outputs_npz/spatialAA_across_acrossCond_K100.npz,spatialAA_across_acrossCond_K100.npz
spatial,across,word,100,26,0.0051666666666666,0.0005591762357951,0.0035365410371042,40,0.5514069444444445,0.3367361111111111,msaa_flexible_outputs_npz/spatialAA_across_acrossCond_K100.npz,spatialAA_across_acrossCond_K100.npz
spatial,across,word,100,27,0.0071666666666666,0.0006377265532304,0.0040333368651535,40,0.5292769444444444,0.3549688888888889,msaa_flexible_outputs_npz/spatialAA_across_acrossCond_K100.npz,spatialAA_across_acrossCond_K100.npz
spatial,across,word,100,28,0.0064166666666666,0.0005647213971599,0.0035716117169158,40,0.5503844444444443,0.3569322222222222,msaa_flexible_outputs_npz/spatialAA_across_acrossCond_K100.npz,spatialAA_across_acrossCond_K100.npz
spatial,across,word,100,29,0.0063333333333333,0.0005699002761767,0.0036043658237549,40,0.5602994444444445,0.323715,msaa_flexible_outputs_npz/spatialAA_across_acrossCond_K100.npz,spatialAA_across_acrossCond_K100.npz
spatial,across,word,100,30,0.00525,0.000734648199622,0.0046463231794957,40,0.5579825,0.3462519444444444,msaa_flexible_outputs_npz/spatialAA_across_acrossCond_K100.npz,spatialAA_across_acrossCond_K100.npz
spatial,across,word,100,31,0.00375,0.0005621932528599,0.0035556223284328,40,0.5484288888888889,0.3464583333333333,msaa_flexible_outputs_npz/spatialAA_across_acrossCond_K100.npz,spatialAA_across_acrossCond_K100.npz
spatial,across,word,100,32,0.0039166666666666,0.0005454747794744,0.0034498854186348,40,0.5373313888888889,0.34263,msaa_flexible_outputs_npz/spatialAA_across_acrossCond_K100.npz,spatialAA_across_acrossCond_K100.npz
spatial,across,word,100,33,0.0046666666666666,0.0006405126152203,0.0040509574683346,40,0.5284374999999999,0.3521127777777777,msaa_flexible_outputs_npz/spatialAA_across_acrossCond_K100.npz,spatialAA_across_acrossCond_K100.npz
spatial,across,word,100,34,0.0048333333333333,0.0007156173992492,0.0045259618297474,40,0.5576861111111111,0.34348,msaa_flexible_outputs_npz/spatialAA_across_acrossCond_K100.npz,spatialAA_across_acrossCond_K100.npz
spatial,across,word,100,35,0.004,0.0005091750772173,0.0032203059435976,40,0.5522491666666667,0.351871111111111,msaa_flexible_outputs_npz/spatialAA_across_acrossCond_K100.npz,spatialAA_across_acrossCond_K100.npz
spatial,across,word,100,36,0.0058333333333333,0.00055662290631,0.0035203923635246,40,0.5475747222222223,0.3234222222222222,msaa_flexible_outputs_npz/spatialAA_across_acrossCond_K100.npz,spatialAA_across_acrossCond_K100.npz
spatial,across,word,100,37,0.0025833333333333,0.000438325939946,0.0027722166555277,40,0.505825,0.3414508333333333,msaa_flexible_outputs_npz/spatialAA_across_acrossCond_K100.npz,spatialAA_across_acrossCond_K100.npz
spatial,across,word,100,38,0.004,0.0006338054920158,0.0040085378965872,40,0.5358327777777777,0.3430933333333333,msaa_flexible_outputs_npz/spatialAA_across_acrossCond_K100.npz,spatialAA_across_acrossCond_K100.npz
spatial,across,word,100,39,0.0048333333333333,0.0005840959605818,0.0036941472150854,40,0.5184333333333334,0.3627166666666666,msaa_flexible_outputs_npz/spatialAA_across_acrossCond_K100.npz,spatialAA_across_acrossCond_K100.npz
spatial,across,word,100,40,0.0036666666666666,0.0005699002761767,0.0036043658237549,40,0.5245022222222222,0.3346588888888888,msaa_flexible_outputs_npz/spatialAA_across_acrossCond_K100.npz,spatialAA_across_acrossCond_K100.npz
spatial,across,word,100,41,0.0055,0.0008143128471941,0.0051501666501402,40,0.4977111111111111,0.3670297222222222,msaa_flexible_outputs_npz/spatialAA_across_acrossCond_K100.npz,spatialAA_across_acrossCond_K100.npz
spatial,across,word,100,42,0.0030833333333333,0.0004200715581423,0.0026567658079711,40,0.5168200000000001,0.3433797222222222,msaa_flexible_outputs_npz/spatialAA_across_acrossCond_K100.npz,spatialAA_across_acrossCond_K100.npz
spatial,across,word,100,43,0.0033333333333333,0.0005337605126836,0.0033757978902788,40,0.4953327777777777,0.350085,msaa_flexible_outputs_npz/spatialAA_across_acrossCond_K100.npz,spatialAA_across_acrossCond_K100.npz
spatial,across,word,100,44,0.0051666666666666,0.0006639903545106,0.0041994437292726,40,0.5066969444444445,0.3335205555555555,msaa_flexible_outputs_npz/spatialAA_across_acrossCond_K100.npz,spatialAA_across_acrossCond_K100.npz
spatial,across,word,100,45,0.0034166666666666,0.0004991088925371,0.0031566418017233,40,0.5137847222222222,0.3580630555555555,msaa_flexible_outputs_npz/spatialAA_across_acrossCond_K100.npz,spatialAA_across_acrossCond_K100.npz
spatial,across,word,100,46,0.00625,0.0007752170911825,0.0049029033784546,40,0.5383186111111111,0.2984561111111111,msaa_flexible_outputs_npz/spatialAA_across_acrossCond_K100.npz,spatialAA_across_acrossCond_K100.npz
spatial,across,word,100,47,0.00375,0.0005869849078564,0.003712418521941,40,0.5193380555555555,0.3434969444444444,msaa_flexible_outputs_npz/spatialAA_across_acrossCond_K100.npz,spatialAA_across_acrossCond_K100.npz
spatial,across,word,100,48,0.00375,0.0005493780477196,0.0034745718545814,40,0.5286041666666667,0.3442116666666667,msaa_flexible_outputs_npz/spatialAA_across_acrossCond_K100.npz,spatialAA_across_acrossCond_K100.npz
spatial,across,word,100,49,0.0040833333333333,0.0005784287095915,0.0036583043726829,40,0.5423355555555556,0.3369872222222222,msaa_flexible_outputs_npz/spatialAA_across_acrossCond_K100.npz,spatialAA_across_acrossCond_K100.npz
spatial,across,word,100,50,0.0049166666666666,0.0005845530593558,0.0036970381615681,40,0.5348905555555555,0.3273527777777777,msaa_flexible_outputs_npz/spatialAA_across_acrossCond_K100.npz,spatialAA_across_acrossCond_K100.npz
spatial,across,word,100,51,0.0051666666666666,0.0005330928945203,0.0033715755022721,40,0.5309066666666667,0.3330519444444443,msaa_flexible_outputs_npz/spatialAA_across_acrossCond_K100.npz,spatialAA_across_acrossCond_K100.npz
spatial,across,word,100,52,0.0055,0.0006149838438569,0.0038894993415869,40,0.5305608333333334,0.3286127777777777,msaa_flexible_outputs_npz/spatialAA_across_acrossCond_K100.npz,spatialAA_across_acrossCond_K100.npz
spatial,across,word,100,53,0.0041666666666666,0.0005304140187994,0.0033546328045795,40,0.5095850000000001,0.3412494444444444,msaa_flexible_outputs_npz/spatialAA_across_acrossCond_K100.npz,spatialAA_across_acrossCond_K100.npz
spatial,across,word,100,54,0.0049166666666666,0.0004919219241781,0.0031111874227515,40,0.53514,0.3324858333333333,msaa_flexible_outputs_npz/spatialAA_across_acrossCond_K100.npz,spatialAA_across_acrossCond_K100.npz
spatial,across,word,100,55,0.0024166666666666,0.0004132337211096,0.0026135195293864,40,0.5058922222222222,0.338361111111111,msaa_flexible_outputs_npz/spatialAA_across_acrossCond_K100.npz,spatialAA_across_acrossCond_K100.npz
spatial,across,word,100,56,0.0024999999999999,0.0004091196858853,0.0025875000860206,40,0.4825727777777778,0.3379402777777778,msaa_flexible_outputs_npz/spatialAA_across_acrossCond_K100.npz,spatialAA_across_acrossCond_K100.npz
spatial,across,word,100,57,0.0038333333333333,0.0004393403498655,0.0027786323471804,40,0.5122355555555556,0.3396944444444444,msaa_flexible_outputs_npz/spatialAA_across_acrossCond_K100.npz,spatialAA_across_acrossCond_K100.npz
spatial,across,word,100,58,0.0054166666666666,0.0006049122278635,0.0038258008490709,40,0.5512755555555554,0.3361922222222222,msaa_flexible_outputs_npz/spatialAA_across_acrossCond_K100.npz,spatialAA_across_acrossCond_K100.npz
spatial,across,word,100,59,0.0063333333333333,0.0006835469751498,0.0043231306583838,40,0.56038,0.3383994444444443,msaa_flexible_outputs_npz/spatialAA_across_acrossCond_K100.npz,spatialAA_across_acrossCond_K100.npz
spatial,across,word,100,60,0.00425,0.0006314129680188,0.003993406246213,40,0.5313547222222222,0.3273388888888889,msaa_flexible_outputs_npz/spatialAA_across_acrossCond_K100.npz,spatialAA_across_acrossCond_K100.npz
spatial,across,word,100,61,0.0044166666666666,0.0004831564663131,0.0030557497995756,40,0.5570233333333334,0.3424430555555555,msaa_flexible_outputs_npz/spatialAA_across_acrossCond_K100.npz,spatialAA_across_acrossCond_K100.npz
spatial,across,word,100,62,0.0030833333333333,0.0005647213971599,0.0035716117169158,40,0.4894702777777778,0.3309338888888888,msaa_flexible_outputs_npz/spatialAA_across_acrossCond_K100.npz,spatialAA_across_acrossCond_K100.npz
spatial,across,word,100,63,0.0026666666666666,0.0004336290903919,0.0027425111706914,40,0.5166497222222222,0.3415283333333333,msaa_flexible_outputs_npz/spatialAA_across_acrossCond_K100.npz,spatialAA_across_acrossCond_K100.npz
spatial,across,word,100,64,0.005,0.0005598127485064,0.0035405666969586,40,0.5475327777777779,0.3319286111111111,msaa_flexible_outputs_npz/spatialAA_across_acrossCond_K100.npz,spatialAA_across_acrossCond_K100.npz
spatial,across,word,100,65,0.0024166666666666,0.0003771897132373,0.0023855572076316,40,0.5054183333333333,0.3328927777777777,msaa_flexible_outputs_npz/spatialAA_across_acrossCond_K100.npz,spatialAA_across_acrossCond_K100.npz
spatial,across,word,100,66,0.00375,0.0005090001931052,0.0032191998793563,40,0.5012666666666666,0.3315774999999999,msaa_flexible_outputs_npz/spatialAA_across_acrossCond_K100.npz,spatialAA_across_acrossCond_K100.npz
spatial,across,word,100,67,0.00225,0.0004527141951056,0.0028632159712473,40,0.4954802777777778,0.3450475,msaa_flexible_outputs_npz/spatialAA_across_acrossCond_K100.npz,spatialAA_across_acrossCond_K100.npz
spatial,across,word,100,68,0.0029166666666666,0.000480199092139,0.0030370457230089,40,0.4939866666666666,0.3381691666666666,msaa_flexible_outputs_npz/spatialAA_across_acrossCond_K100.npz,spatialAA_across_acrossCond_K100.npz
spatial,across,word,100,69,0.00375,0.0005362566783465,0.0033915850281024,40,0.5296661111111112,0.3440805555555555,msaa_flexible_outputs_npz/spatialAA_across_acrossCond_K100.npz,spatialAA_across_acrossCond_K100.npz
spatial,across,word,100,70,0.00325,0.000438325939946,0.0027722166555277,40,0.5091913888888888,0.3526694444444445,msaa_flexible_outputs_npz/spatialAA_across_acrossCond_K100.npz,spatialAA_across_acrossCond_K100.npz
spatial,across,word,100,71,0.0041666666666666,0.0005937710859953,0.003755338080994,40,0.5063875,0.3402661111111111,msaa_flexible_outputs_npz/spatialAA_across_acrossCond_K100.npz,spatialAA_across_acrossCond_K100.npz
spatial,across,word,100,72,0.0045,0.0004552636129375,0.0028793399053599,40,0.5252344444444444,0.3312883333333333,msaa_flexible_outputs_npz/spatialAA_across_acrossCond_K100.npz,spatialAA_across_acrossCond_K100.npz
spatial,across,word,100,73,0.0040833333333333,0.000602552736754,0.0038108781170213,40,0.5062602777777777,0.3293525,msaa_flexible_outputs_npz/spatialAA_across_acrossCond_K100.npz,spatialAA_across_acrossCond_K100.npz
spatial,across,word,100,74,0.004,0.0005871365639519,0.0037133776793067,40,0.5350522222222222,0.3381875,msaa_flexible_outputs_npz/spatialAA_across_acrossCond_K100.npz,spatialAA_across_acrossCond_K100.npz
spatial,across,word,100,75,0.002,0.0004591581544807,0.0029039711487975,40,0.4936783333333333,0.3330086111111111,msaa_flexible_outputs_npz/spatialAA_across_acrossCond_K100.npz,spatialAA_across_acrossCond_K100.npz
spatial,across,word,100,76,0.0052499999999999,0.0005709927876363,0.0036112754729195,40,0.5284783333333334,0.332316111111111,msaa_flexible_outputs_npz/spatialAA_across_acrossCond_K100.npz,spatialAA_across_acrossCond_K100.npz
spatial,across,word,100,77,0.00425,0.0005335936864527,0.0033747427885527,40,0.5004772222222222,0.3373797222222222,msaa_flexible_outputs_npz/spatialAA_across_acrossCond_K100.npz,spatialAA_across_acrossCond_K100.npz
spatial,across,word,100,78,0.00275,0.0004757285610699,0.0030087716019509,40,0.5048911111111112,0.3392388888888888,msaa_flexible_outputs_npz/spatialAA_across_acrossCond_K100.npz,spatialAA_across_acrossCond_K100.npz
spatial,across,word,100,79,0.0041666666666666,0.0004261735932972,0.0026953584668754,40,0.5027952777777778,0.340325,msaa_flexible_outputs_npz/spatialAA_across_acrossCond_K100.npz,spatialAA_across_acrossCond_K100.npz
spatial,across,word,100,80,0.0028333333333333,0.0004552636129375,0.0028793399053599,40,0.5055766666666667,0.3397161111111111,msaa_flexible_outputs_npz/spatialAA_across_acrossCond_K100.npz,spatialAA_across_acrossCond_K100.npz
spatial,across,word,100,81,0.0034166666666666,0.0004045239191192,0.0025584339048691,40,0.4947025,0.3453749999999999,msaa_flexible_outputs_npz/spatialAA_across_acrossCond_K100.npz,spatialAA_across_acrossCond_K100.npz
spatial,across,word,100,82,0.00425,0.0005722388181146,0.0036191560616103,40,0.5040158333333334,0.3412877777777777,msaa_flexible_outputs_npz/spatialAA_across_acrossCond_K100.npz,spatialAA_across_acrossCond_K100.npz
spatial,across,word,100,83,0.0060833333333333,0.0007149950690165,0.004522025867763,40,0.5240088888888887,0.3333944444444444,msaa_flexible_outputs_npz/spatialAA_across_acrossCond_K100.npz,spatialAA_across_acrossCond_K100.npz
spatial,across,word,100,84,0.0041666666666666,0.0004583818933094,0.0028990616420763,40,0.5247363888888888,0.3334786111111111,msaa_flexible_outputs_npz/spatialAA_across_acrossCond_K100.npz,spatialAA_across_acrossCond_K100.npz
spatial,across,word,100,85,0.0034166666666666,0.000526877324526,0.0033322647859959,40,0.5019194444444443,0.3543258333333333,msaa_flexible_outputs_npz/spatialAA_across_acrossCond_K100.npz,spatialAA_across_acrossCond_K100.npz
spatial,across,word,100,86,0.0044166666666666,0.0005519648921491,0.0034909324952811,40,0.5467891666666667,0.327456111111111,msaa_flexible_outputs_npz/spatialAA_across_acrossCond_K100.npz,spatialAA_across_acrossCond_K100.npz
spatial,across,word,100,87,0.0038333333333333,0.0005410499447694,0.0034219003067596,40,0.5093283333333333,0.3411883333333333,msaa_flexible_outputs_npz/spatialAA_across_acrossCond_K100.npz,spatialAA_across_acrossCond_K100.npz
spatial,across,word,100,88,0.0061666666666666,0.0006377265532304,0.0040333368651535,40,0.5293333333333334,0.3281372222222222,msaa_flexible_outputs_npz/spatialAA_across_acrossCond_K100.npz,spatialAA_across_acrossCond_K100.npz
spatial,across,word,100,89,0.0038333333333333,0.0006377265532304,0.0040333368651535,40,0.5079002777777778,0.3260683333333333,msaa_flexible_outputs_npz/spatialAA_across_acrossCond_K100.npz,spatialAA_across_acrossCond_K100.npz
spatial,across,word,100,90,0.004,0.0005991446895152,0.0037893237337253,40,0.5350019444444445,0.3406713888888888,msaa_flexible_outputs_npz/spatialAA_across_acrossCond_K100.npz,spatialAA_across_acrossCond_K100.npz
spatial,across,word,100,91,0.0054166666666666,0.0004875588940976,0.0030835931976424,40,0.5325088888888889,0.3313633333333333,msaa_flexible_outputs_npz/spatialAA_across_acrossCond_K100.npz,spatialAA_across_acrossCond_K100.npz
spatial,across,word,100,92,0.0028333333333333,0.0004056228722963,0.0025653842950319,40,0.5050144444444444,0.3368163888888889,msaa_flexible_outputs_npz/spatialAA_across_acrossCond_K100.npz,spatialAA_across_acrossCond_K100.npz
spatial,across,word,100,93,0.003,0.0006062354060275,0.0038341693625679,40,0.4996780555555554,0.3373869444444444,msaa_flexible_outputs_npz/spatialAA_across_acrossCond_K100.npz,spatialAA_across_acrossCond_K100.npz
spatial,across,word,100,94,0.0043333333333333,0.0005364226763936,0.0033926348919345,40,0.5007236111111112,0.3335155555555555,msaa_flexible_outputs_npz/spatialAA_across_acrossCond_K100.npz,spatialAA_across_acrossCond_K100.npz
spatial,across,word,100,95,0.0051666666666666,0.0006639903545106,0.0041994437292726,40,0.5148686111111112,0.3318322222222222,msaa_flexible_outputs_npz/spatialAA_across_acrossCond_K100.npz,spatialAA_across_acrossCond_K100.npz
spatial,across,word,100,96,0.0048333333333333,0.0005330928945203,0.0033715755022721,40,0.5291788888888889,0.3425291666666666,msaa_flexible_outputs_npz/spatialAA_across_acrossCond_K100.npz,spatialAA_across_acrossCond_K100.npz
spatial,across,word,100,97,0.00275,0.0003938179688543,0.0024907235301622,40,0.5148522222222223,0.3392516666666666,msaa_flexible_outputs_npz/spatialAA_across_acrossCond_K100.npz,spatialAA_across_acrossCond_K100.npz
spatial,across,word,100,98,0.00275,0.0004605134629656,0.0029125428722863,40,0.4952549999999999,0.3390119444444444,msaa_flexible_outputs_npz/spatialAA_across_acrossCond_K100.npz,spatialAA_across_acrossCond_K100.npz
spatial,across,word,100,99,0.0029166666666666,0.0005228060929505,0.0033065160566748,40,0.5034216666666667,0.3377755555555555,msaa_flexible_outputs_npz/spatialAA_across_acrossCond_K100.npz,spatialAA_across_acrossCond_K100.npz
spatial,across,word,300,0,0.005416666666666666,0.0007029394935724777,0.004445779713948641,40,0.5085794444444446,0.3540997222222222,,
spatial,across,word,300,1,0.005166666666666667,0.0005961653339578756,0.003770480634683623,40,0.5777758333333333,0.34739166666666665,,
spatial,across,word,300,2,0.0045,0.0006377265532304238,0.0040333368651535,40,0.5248655555555556,0.3366666666666666,,
spatial,across,word,300,3,0.004083333333333333,0.0006481125346341155,0.004099023579097137,40,0.5813025000000002,0.35070805555555556,,
spatial,across,word,300,4,0.004666666666666667,0.0005443310539518173,0.0034426518632954817,40,0.5187658333333334,0.35096416666666663,,
spatial,across,word,300,5,0.006166666666666667,0.0005410499447694665,0.003421900306759639,40,0.5508927777777778,0.3399872222222222,,
spatial,across,word,300,6,0.0035000000000000005,0.0005330928945203023,0.0033715755022721006,40,0.48047666666666666,0.3470166666666667,,
spatial,across,word,300,7,0.004833333333333334,0.0006079951641733013,0.003845299050311274,40,0.5132763888888889,0.34353833333333333,,
spatial,across,word,300,8,0.006333333333333334,0.0006178724639975321,0.0039077685794651745,40,0.5390975,0.34572277777777777,,
spatial,across,word,300,9,0.004,0.0004168802871199042,0.0026365824378477057,40,0.531623611111111,0.3291102777777778,,
spatial,across,word,300,10,0.0065833333333333325,0.0005784287095915728,0.0036583043726829078,40,0.5599211111111112,0.36724222222222214,,
spatial,across,word,300,11,0.005333333333333334,0.0007240279857964913,0.004579155049641907,40,0.5324455555555556,0.3377852777777777,,
spatial,across,word,300,12,0.007000000000000001,0.000629294363562392,0.003980007015126461,40,0.5669536111111112,0.35082194444444437,,
spatial,across,word,300,13,0.0034166666666666664,0.0006257474163429115,0.003957574151218542,40,0.5544447222222222,0.32678166666666664,,
spatial,across,word,300,14,0.00475,0.0006302839318575675,0.00398626559455255,40,0.5204544444444444,0.3383541666666667,,
spatial,across,word,300,15,0.004833333333333334,0.000674631903431942,0.004266746794119403,40,0.5357963888888889,0.33742944444444445,,
spatial,across,word,300,16,0.003333333333333333,0.0004465760847047224,0.0028243951524544115,40,0.49878638888888893,0.3465119444444444,,
spatial,across,word,300,17,0.004666666666666667,0.0007141228955659593,0.004516509758525979,40,0.5589788888888888,0.33631083333333334,,
spatial,across,word,300,18,0.0025833333333333333,0.00045428476077747075,0.0028731491007230646,40,0.5099213888888889,0.3408397222222222,,
spatial,across,word,300,19,0.003916666666666667,0.0005454747794744824,0.0034498854186348574,40,0.5015530555555555,0.33047666666666664,,
spatial,across,word,300,20,0.004666666666666667,0.0005943705521611524,0.003759129437922314,40,0.5269780555555557,0.34869472222222225,,
spatial,across,word,300,21,0.0032500000000000003,0.000540226553720501,0.0034166927245201867,40,0.5230783333333333,0.34682499999999994,,
spatial,across,word,300,22,0.003,0.00044337478117411743,0.002804148331177911,40,0.5011991666666666,0.33565027777777773,,
spatial,across,word,300,23,0.002416666666666667,0.00037718971323735725,0.002385557207631624,40,0.5182116666666665,0.33604777777777783,,
spatial,across,word,300,24,0.00625,0.0008198698736303278,0.005185312371252516,40,0.5567083333333332,0.3358361111111111,,
spatial,across,word,300,25,0.008833333333333335,0.0006487990219938459,0.004103365306380464,40,0.6828083333333334,0.3584980555555556,,
spatial,across,word,300,26,0.009000000000000001,0.0006449452813645634,0.0040789921105803375,40,0.6551044444444445,0.3680747222222222,,
spatial,across,word,300,27,0.007000000000000001,0.0005943705521611524,0.003759129437922314,40,0.6809533333333333,0.3650838888888889,,
spatial,across,word,300,28,0.010083333333333335,0.0006590105247982552,0.004167948520770725,40,0.6268205555555555,0.36343833333333325,,
spatial,across,word,300,29,0.008583333333333335,0.0005709927876363794,0.0036112754729195804,40,0.6643669444444444,0.3611427777777778,,
spatial,across,word,300,30,0.007333333333333333,0.0006772661653216249,0.004283407329168958,40,0.6125611111111111,0.35813111111111107,,
spatial,across,word,300,31,0.008833333333333334,0.0008230130177284119,0.005205191359980639,40,0.6440158333333332,0.3605705555555555,,
spatial,across,word,300,32,0.007083333333333333,0.0005090001931052645,0.0032191998793563385,40,0.5835397222222223,0.3443816666666667,,
spatial,across,word,300,33,0.003166666666666666,0.0005591762357951763,0.0035365410371042644,40,0.5233997222222222,0.3495233333333333,,
spatial,across,word,300,34,0.004333333333333333,0.0005623515948579822,0.0035566237711589133,40,0.5444113888888888,0.33280666666666675,,
spatial,across,word,300,35,0.007416666666666666,0.0005906139063083313,0.003735370323407233,40,0.5995741666666667,0.3571497222222223,,
spatial,across,word,300,36,0.009166666666666667,0.0007711869713171668,0.004877414662418379,40,0.5302336111111112,0.3677324999999999,,
spatial,across,word,300,37,0.006333333333333332,0.000557262335477027,0.003524436468664519,40,0.5356458333333334,0.365916111111111,,
spatial,across,word,300,38,0.007166666666666667,0.0008230130177284119,0.005205191359980639,40,0.5474991666666666,0.3865527777777777,,
spatial,across,word,300,39,0.007833333333333335,0.0007015448967566097,0.0044369595092371185,40,0.5760991666666666,0.3475261111111111,,
spatial,across,word,300,40,0.007000000000000001,0.0007141228955659593,0.004516509758525979,40,0.5932558333333334,0.35453305555555553,,
spatial,across,word,300,41,0.0036666666666666666,0.000557262335477027,0.003524436468664519,40,0.5698608333333334,0.35904416666666666,,
spatial,across,word,300,42,0.0075000000000000015,0.0005168113941217019,0.003268602252303067,40,0.6009847222222223,0.37375722222222224,,
spatial,across,word,300,43,0.005,0.0005967623950328606,0.0037742567804819856,40,0.5727075000000001,0.3361855555555555,,
spatial,across,word,300,44,0.004333333333333333,0.0005623515948579822,0.0035566237711589133,40,0.5747180555555556,0.3420347222222222,,
spatial,across,word,300,45,0.00375,0.0005493780477196366,0.0034745718545814495,40,0.538533888888889,0.3293794444444444,,
spatial,across,word,300,46,0.005666666666666666,0.000633805492015809,0.004008537896587242,40,0.572275,0.3447416666666666,,
spatial,across,word,300,47,0.003333333333333333,0.0005469417694282446,0.003459163477751806,40,0.5569608333333333,0.34374805555555554,,
spatial,across,word,300,48,0.007583333333333333,0.0007356170733693438,0.00465245087510864,40,0.5867163888888889,0.3463552777777778,,
spatial,across,word,300,49,0.005583333333333334,0.0007584988548577465,0.0047971679679598995,40,0.5336980555555555,0.347793611111111,,
spatial,across,word,300,50,0.0041666666666666675,0.000569275042553311,0.0036004114991154777,40,0.5275644444444445,0.32527333333333325,,
spatial,across,word,300,51,0.0034166666666666664,0.0004217636961434866,0.0026674678283691846,40,0.5404597222222222,0.3319727777777778,,
spatial,across,word,300,52,0.005583333333333333,0.0005255237517707583,0.003323704040225084,40,0.532345277777778,0.3671116666666666,,
spatial,across,word,300,53,0.007416666666666667,0.0006481125346341155,0.004099023579097137,40,0.5858850000000001,0.35579916666666667,,
spatial,across,word,300,54,0.004666666666666667,0.0006623793767520534,0.004189255011318546,40,0.531931388888889,0.35653305555555553,,
spatial,across,word,300,55,0.004916666666666667,0.000596613185780614,0.0037733130983118456,40,0.5356686111111111,0.3424808333333333,,
spatial,across,word,300,56,0.004666666666666666,0.0005175000172041232,0.0032729574870827014,40,0.560741111111111,0.3445813888888889,,
spatial,across,word,300,57,0.007333333333333333,0.0006109168300344762,0.0038637772876778144,40,0.5752761111111111,0.3609075,,
spatial,across,word,300,58,0.00575,0.000584553059355846,0.0036970381615681453,40,0.5369211111111112,0.3675891666666666,,
spatial,across,word,300,59,0.004916666666666666,0.0006200300976060129,0.003921414652583029,40,0.5180380555555556,0.37668888888888885,,
spatial,across,word,300,60,0.006333333333333332,0.0006062354060275328,0.0038341693625679476,40,0.5728483333333333,0.3576483333333333,,
spatial,across,word,300,61,0.00775,0.0006246081392643932,0.003950368730310261,40,0.5053575,0.3604294444444444,,
spatial,across,word,300,62,0.0045,0.0006596856715021065,0.004172218523448575,40,0.5518330555555556,0.34240638888888886,,
spatial,across,word,300,63,0.006,0.0006109168300344762,0.0038637772876778144,40,0.536718611111111,0.3662213888888889,,
spatial,across,word,300,64,0.004916666666666666,0.0005722388181146617,0.003619156061610303,40,0.5394208333333333,0.3444541666666667,,
spatial,across,word,300,65,0.005583333333333334,0.0005389065112987853,0.003408344043198855,40,0.5096344444444445,0.3486897222222221,,
spatial,across,word,300,66,0.004333333333333333,0.0005229763603684908,0.0033075929223788923,40,0.5440597222222222,0.34584027777777776,,
spatial,across,word,300,67,0.006750000000000001,0.0005659812345252781,0.0035795796280276146,40,0.5209444444444445,0.36606944444444445,,
spatial,across,word,300,68,0.004,0.0004497546022879613,0.0028444978627462686,40,0.5178777777777778,0.3641408333333333,,
spatial,across,word,300,69,0.0030833333333333333,0.0004527141951056344,0.0028632159712473136,40,0.49358305555555565,0.3417705555555555,,
spatial,across,word,300,70,0.004833333333333334,0.0004913786640188924,0.0031077515438206545,40,0.5195230555555554,0.3543166666666667,,
spatial,across,word,300,71,0.007666666666666666,0.0007753319296531009,0.004903629680714485,40,0.5746488888888888,0.3498758333333333,,
spatial,across,word,300,72,0.007833333333333335,0.0007693375994193588,0.004865718207542816,40,0.6042913888888888,0.3670686111111111,,
spatial,across,word,300,73,0.005416666666666667,0.0006718548123582125,0.004249182927993988,40,0.5259302777777778,0.33879833333333337,,
spatial,across,word,300,74,0.005333333333333333,0.000673046397354189,0.0042567191732199245,40,0.5406641666666667,0.350675,,
spatial,across,word,300,75,0.00575,0.0005722388181146617,0.003619156061610303,40,0.5451641666666667,0.34060083333333335,,
spatial,across,word,300,76,0.00625,0.00048019909213905024,0.003037045723008912,40,0.5264866666666667,0.38041416666666666,,
spatial,across,word,300,77,0.005333333333333333,0.0005822639771026017,0.0036825607342247002,40,0.5361630555555555,0.35824472222222215,,
spatial,across,word,300,78,0.006500000000000001,0.0006195991719677601,0.003918689239544948,40,0.5399205555555555,0.3429030555555555,,
spatial,across,word,300,79,0.005583333333333333,0.0006579288490181673,0.00416110740246089,40,0.5497891666666667,0.34249277777777776,,
spatial,across,word,300,80,0.005,0.0005469417694282446,0.003459163477751806,40,0.5181322222222222,0.33055666666666667,,
spatial,across,word,300,81,0.003166666666666666,0.0005961653339578756,0.003770480634683623,40,0.5279177777777779,0.35314027777777773,,
spatial,across,word,300,82,0.0045,0.0006809370115327948,0.00430662379910395,40,0.5194688888888889,0.32884416666666666,,
spatial,across,word,300,83,0.005583333333333333,0.0004976798018658033,0.00314760343871451,40,0.5310897222222223,0.3754027777777777,,
spatial,across,word,300,84,0.0036666666666666666,0.0005175000172041232,0.003272957487082702,40,0.5287922222222222,0.34971166666666664,,
spatial,across,word,300,85,0.006,0.0005623515948579822,0.0035566237711589133,40,0.49458944444444447,0.35799222222222216,,
spatial,across,word,300,86,0.0036666666666666666,0.0005035486605694166,0.0031847213602527527,40,0.5399494444444445,0.3423413888888888,,
spatial,across,word,300,87,0.004916666666666666,0.0005596536881967729,0.0035395607112309897,40,0.5278713888888888,0.3535902777777777,,
spatial,across,word,300,88,0.004333333333333333,0.0004653216269680751,0.002942952371508696,40,0.5284461111111112,0.33164916666666666,,
spatial,across,word,300,89,0.004166666666666667,0.0006399563731569203,0.004047439484633017,40,0.5478994444444446,0.33112916666666664,,
spatial,across,word,300,90,0.006833333333333333,0.0005961653339578756,0.003770480634683623,40,0.5499252777777778,0.35582305555555555,,
spatial,across,word,300,91,0.006083333333333334,0.0005954181656808868,0.0037657551275822065,40,0.5347094444444445,0.3730866666666666,,
spatial,across,word,300,92,0.003166666666666667,0.0004913786640188924,0.0031077515438206545,40,0.5177241666666668,0.3378749999999999,,
spatial,across,word,300,93,0.0038333333333333336,0.0005,0.0031622776601683794,40,0.5379722222222222,0.35162611111111114,,
spatial,across,word,300,94,0.006666666666666668,0.0007259927871993819,0.0045915815448079635,40,0.5413597222222222,0.3427494444444444,,
spatial,across,word,300,95,0.004333333333333333,0.0005871365639519861,0.0037133776793067774,40,0.5336844444444445,0.3558524999999999,,
spatial,across,word,300,96,0.003833333333333333,0.0005277215444626347,0.0033376041016874875,40,0.5104447222222224,0.3297447222222222,,
spatial,across,word,300,97,0.006500000000000001,0.0006195991719677601,0.003918689239544948,40,0.5307619444444445,0.3522136111111111,,
spatial,across,word,300,98,0.004333333333333333,0.0005871365639519861,0.0037133776793067774,40,0.5056955555555556,0.3315647222222221,,
spatial,across,word,300,99,0.0030833333333333333,0.0005519648921491675,0.003490932495281123,40,0.525261388888889,0.33286194444444445,,
spatial,across,word,300,100,0.003,0.0006515377383555189,0.004120686469516576,40,0.5418455555555557,0.3411636111111111,,
spatial,across,word,300,101,0.005333333333333333,0.000629294363562392,0.003980007015126461,40,0.5446275,0.35761777777777776,,
spatial,across,word,300,102,0.004833333333333334,0.0006421784505829843,0.00406149313624023,40,0.5245155555555556,0.35791166666666663,,
spatial,across,word,300,103,0.0036666666666666666,0.0005443310539518173,0.0034426518632954817,40,0.5423169444444443,0.3463455555555556,,
spatial,across,word,300,104,0.005666666666666667,0.0005495400822454191,0.0034755966509035655,40,0.5294533333333333,0.36965222222222216,,
spatial,across,word,300,105,0.006666666666666666,0.0007916947813271392,0.005007117441325405,40,0.5215175000000001,0.3470816666666667,,
spatial,across,word,300,106,0.0042499999999999994,0.0004772233913401199,0.0030182257386893066,40,0.5237055555555555,0.35574972222222223,,
spatial,across,word,300,107,0.004833333333333334,0.0006954266558151432,0.004398264355939664,40,0.5189666666666667,0.3295383333333334,,
spatial,across,word,300,108,0.0072499999999999995,0.0006947862406725684,0.004394214014942469,40,0.5053905555555557,0.3534533333333333,,
spatial,across,word,300,109,0.0036666666666666666,0.0005699002761767403,0.003604365823754991,40,0.5180208333333334,0.3608058333333333,,
spatial,across,word,300,110,0.004833333333333334,0.0005056659032384978,0.0031981119786399334,40,0.5364202777777778,0.3617225,,
spatial,across,word,300,111,0.004333333333333333,0.0005871365639519862,0.003713377679306778,40,0.5194924999999999,0.34108222222222223,,
spatial,across,word,300,112,0.00475,0.0006188802957865281,0.003914142667368273,40,0.5124394444444444,0.3432383333333333,,
spatial,across,word,300,113,0.006333333333333334,0.000816496580927726,0.0051639777949432225,40,0.5509594444444443,0.3522599999999999,,
spatial,across,word,300,114,0.0041666666666666675,0.0005168113941217019,0.003268602252303067,40,0.5432558333333333,0.33000944444444447,,
spatial,across,word,300,115,0.0045000000000000005,0.000514047677015483,0.0032511229705750244,40,0.5518683333333333,0.3376430555555555,,
spatial,across,word,300,116,0.005083333333333333,0.0006535842445105027,0.004133629710907181,40,0.5399133333333334,0.3407630555555555,,
spatial,across,word,300,117,0.004,0.0005748776656683841,0.0036358455989457554,40,0.5274472222222221,0.3443558333333333,,
spatial,across,word,300,118,0.005916666666666666,0.0006590105247982552,0.004167948520770725,40,0.51989,0.34799972222222225,,
spatial,across,word,300,119,0.006500000000000001,0.0006531754562429428,0.004131044306894694,40,0.5571105555555554,0.3520525,,
spatial,across,word,300,120,0.006416666666666666,0.0006246081392643932,0.003950368730310261,40,0.5437744444444444,0.3374894444444444,,
spatial,across,word,300,121,0.002916666666666667,0.0004948092383294621,0.0031294484008283787,40,0.5181938888888888,0.3356241666666666,,
spatial,across,word,300,122,0.003166666666666666,0.00044577791412086436,0.0028193470784417356,40,0.5204277777777777,0.34237833333333334,,
spatial,across,word,300,123,0.004,0.0006109168300344762,0.0038637772876778144,40,0.5070102777777777,0.3276183333333333,,
spatial,across,word,300,124,0.00525,0.0006844581111966648,0.004328893188716516,40,0.5612022222222222,0.3389363888888889,,
spatial,across,word,300,125,0.005166666666666667,0.00051956041029222,0.003285988557150009,40,0.5339341666666668,0.3514947222222222,,
spatial,across,word,300,126,0.005416666666666667,0.0007423637845450089,0.004695120823169468,40,0.5613077777777777,0.335228611111111,,
spatial,across,word,300,127,0.004,0.0005364226763936138,0.003392634891934514,40,0.5224569444444445,0.3528408333333333,,
spatial,across,word,300,128,0.003916666666666667,0.0005047847980156418,0.0031925393799149436,40,0.5432819444444444,0.3245094444444444,,
spatial,across,word,300,129,0.006,0.0004949891362588122,0.003130586175234568,40,0.5268466666666667,0.35405527777777773,,
spatial,across,word,300,130,0.004416666666666668,0.000577196041787598,0.0036505082969650712,40,0.5274230555555555,0.3420375,,
spatial,across,word,300,131,0.00375,0.0005362566783465032,0.003391585028102495,40,0.5301041666666666,0.3338433333333333,,
spatial,across,word,300,132,0.003916666666666667,0.0005709927876363795,0.003611275472919581,40,0.5308008333333333,0.35139694444444447,,
spatial,across,word,300,133,0.005083333333333333,0.0005335936864527374,0.0033747427885527648,40,0.5372583333333334,0.34702861111111116,,
spatial,across,word,300,134,0.004833333333333334,0.000715617399249251,0.0045259618297474056,40,0.5578966666666667,0.3206544444444444,,
spatial,across,word,300,135,0.0045,0.000514047677015483,0.0032511229705750244,40,0.5304552777777778,0.3438377777777778,,
spatial,across,word,300,136,0.00575,0.0007258701429232809,0.00459080587429904,40,0.5269927777777779,0.34516111111111114,,
spatial,across,word,300,137,0.005416666666666667,0.0005930209011272614,0.0037505934952953204,40,0.5301750000000001,0.3342061111111111,,
spatial,across,word,300,138,0.005166666666666667,0.0005717718748968656,0.003616202853397895,40,0.5148538888888888,0.3420319444444444,,
spatial,across,word,300,139,0.00225,0.0004366979828269512,0.002761920550668525,40,0.5498333333333333,0.34035166666666666,,
spatial,across,word,300,140,0.005416666666666667,0.0006049122278635169,0.0038258008490709675,40,0.5502736111111111,0.3317405555555554,,
spatial,across,word,300,141,0.004833333333333334,0.0006195991719677601,0.003918689239544948,40,0.5197700000000001,0.3445238888888889,,
spatial,across,word,300,142,0.0036666666666666666,0.0005822639771026016,0.0036825607342247,40,0.5586119444444445,0.3453622222222221,,
spatial,across,word,300,143,0.0038333333333333336,0.000514047677015483,0.0032511229705750244,40,0.5587483333333333,0.3387511111111111,,
spatial,across,word,300,144,0.004083333333333333,0.000540226553720501,0.0034166927245201867,40,0.5246863888888889,0.35413388888888886,,
spatial,across,word,300,145,0.005083333333333334,0.0006425942346670646,0.004064122785681311,40,0.5585875,0.34721638888888884,,
spatial,across,word,300,146,0.004083333333333333,0.0005532537786493135,0.0034990841292529317,40,0.540173888888889,0.33297333333333334,,
spatial,across,word,300,147,0.00375,0.000574722774741238,0.0036348659827084013,40,0.48530555555555555,0.34131333333333336,,
spatial,across,word,300,148,0.00525,0.0006414848782339682,0.0040571065995502215,40,0.5351297222222222,0.34789,,
spatial,across,word,300,149,0.005333333333333334,0.0006292943635623921,0.0039800070151264615,40,0.5275933333333334,0.34805055555555553,,
spatial,across,word,300,150,0.005333333333333334,0.0004591581544807963,0.0029039711487975277,40,0.5327841666666666,0.3723955555555555,,
spatial,across,word,300,151,0.004916666666666666,0.0005467789649092551,0.0034581338115650556,40,0.5094427777777778,0.34376555555555555,,
spatial,across,word,300,152,0.004416666666666667,0.0005894067228156503,0.003727735424625975,40,0.5477702777777778,0.3463277777777777,,
spatial,across,word,300,153,0.006,0.0005623515948579822,0.0035566237711589133,40,0.5085658333333334,0.3523869444444444,,
spatial,across,word,300,154,0.0028333333333333335,0.0004228178434916492,0.002674134841588425,40,0.5309088888888888,0.34340166666666666,,
spatial,across,word,300,155,0.0055000000000000005,0.0007313687749010652,0.004625582276428709,40,0.5568261111111111,0.3259291666666667,,
spatial,across,word,300,156,0.004833333333333334,0.0005330928945203023,0.0033715755022721006,40,0.5415002777777778,0.33857472222222224,,
spatial,across,word,300,157,0.00525,0.0006188802957865281,0.003914142667368273,40,0.5276572222222222,0.3273680555555555,,
spatial,across,word,300,158,0.004833333333333334,0.0005330928945203023,0.0033715755022721006,40,0.5420688888888888,0.3657736111111111,,
spatial,across,word,300,159,0.0032500000000000003,0.0005268773245260372,0.0033322647859959456,40,0.4970052777777777,0.35289222222222216,,
spatial,across,word,300,160,0.004083333333333333,0.0005131809630673188,0.003245641390262953,40,0.5170936111111112,0.3390716666666666,,
spatial,across,word,300,161,0.0041666666666666675,0.0006056476837313231,0.0038304522803925744,40,0.49678555555555554,0.3394916666666667,,
spatial,across,word,300,162,0.0026666666666666666,0.00044975460228796133,0.002844497862746269,40,0.5224633333333333,0.33537333333333336,,
spatial,across,word,300,163,0.005083333333333334,0.0006084343084444759,0.003848076442547927,40,0.5014333333333333,0.3664924999999999,,
spatial,across,word,300,164,0.0036666666666666666,0.0005699002761767403,0.003604365823754991,40,0.4955197222222223,0.3491930555555555,,
spatial,across,word,300,165,0.004916666666666666,0.0005722388181146617,0.003619156061610303,40,0.5284805555555556,0.32478027777777774,,
spatial,across,word,300,166,0.00475,0.0006072625513464554,0.0038406655999594984,40,0.49994916666666667,0.34975111111111107,,
spatial,across,word,300,167,0.005916666666666667,0.00043832593994609724,0.0027722166555277,40,0.5135638888888889,0.3582186111111111,,
spatial,across,word,300,168,0.0061666666666666675,0.0006149838438569978,0.0038894993415869257,40,0.5531658333333334,0.3260669444444444,,
spatial,across,word,300,169,0.0045,0.0004706484585228889,0.0029766422123592316,40,0.5186108333333334,0.3348413888888889,,
spatial,across,word,300,170,0.0028333333333333335,0.000566767210788584,0.003584550578385364,40,0.5075738888888889,0.3442124999999999,,
spatial,across,word,300,171,0.00575,0.000596613185780614,0.0037733130983118456,40,0.5561552777777778,0.33423138888888887,,
spatial,across,word,300,172,0.0037500000000000007,0.0005090001931052645,0.0032191998793563385,40,0.5262558333333333,0.3507699999999999,,
spatial,across,word,300,173,0.004833333333333334,0.0007255020856987775,0.004588478076021619,40,0.4967705555555554,0.33609750000000005,,
spatial,across,word,300,174,0.004333333333333333,0.0005623515948579822,0.0035566237711589133,40,0.5264461111111112,0.32433277777777775,,
spatial,across,word,300,175,0.0036666666666666666,0.0005035486605694166,0.0031847213602527527,40,0.5256858333333334,0.3241444444444444,,
spatial,across,word,300,176,0.0069166666666666664,0.0006359090673047066,0.004021842074872368,40,0.5130044444444446,0.34979527777777775,,
spatial,across,word,300,177,0.005583333333333333,0.0007770524701141752,0.004914511334041427,40,0.5506994444444444,0.3260230555555555,,
spatial,across,word,300,178,0.0035833333333333333,0.0006013695196343919,0.003803394794892054,40,0.5256405555555556,0.3501316666666666,,
spatial,across,word,300,179,0.002916666666666667,0.0004948092383294621,0.0031294484008283787,40,0.5078913888888887,0.33825500000000003,,
spatial,across,word,300,180,0.003833333333333333,0.00045526361293755647,0.002879339905359958,40,0.49700000000000005,0.34323527777777774,,
spatial,across,word,300,181,0.0041666666666666675,0.0006287281966789348,0.003976426261351493,40,0.5204119444444444,0.3534575,,
spatial,across,word,300,182,0.002916666666666667,0.0005090001931052645,0.0032191998793563385,40,0.5146374999999999,0.33209944444444445,,
spatial,across,word,300,183,0.0025,0.0004736654667156709,0.0029957234475763905,40,0.5234677777777778,0.3315661111111111,,
spatial,across,word,300,184,0.0025833333333333333,0.00040452391911925456,0.002558433904869158,40,0.5129519444444444,0.33903222222222223,,
spatial,across,word,300,185,0.004333333333333333,0.0005748776656683841,0.0036358455989457554,40,0.5280069444444443,0.31691250000000004,,
spatial,across,word,300,186,0.007333333333333333,0.0006666666666666665,0.004216370213557839,40,0.5583658333333333,0.3465911111111112,,
spatial,across,word,300,187,0.0021666666666666666,0.0004228178434916492,0.002674134841588425,40,0.5304305555555555,0.33653055555555556,,
spatial,across,word,300,188,0.004416666666666667,0.0005117911677922933,0.003236851553162112,40,0.5522311111111111,0.34812111111111105,,
spatial,across,word,300,189,0.003333333333333333,0.0005469417694282446,0.003459163477751806,40,0.5124466666666667,0.3497477777777777,,
spatial,across,word,300,190,0.004333333333333333,0.00048038446141526135,0.003038218101251,40,0.5239580555555555,0.3308241666666666,,
spatial,across,word,300,191,0.004083333333333333,0.0006257474163429115,0.003957574151218542,40,0.5030705555555557,0.3416636111111111,,
spatial,across,word,300,192,0.003333333333333334,0.000559812748506421,0.003540566696958629,40,0.5235816666666666,0.3341633333333333,,
spatial,across,word,300,193,0.003333333333333334,0.0005337605126836238,0.003375797890278889,40,0.5229508333333334,0.34058527777777775,,
spatial,across,word,300,194,0.005666666666666667,0.0006449452813645634,0.0040789921105803375,40,0.5189455555555555,0.3547858333333333,,
spatial,across,word,300,195,0.0045,0.0005410499447694665,0.003421900306759639,40,0.5419366666666667,0.33394444444444443,,
spatial,across,word,300,196,0.0038333333333333336,0.000566767210788584,0.0035845505783853645,40,0.5271422222222222,0.3340005555555555,,
spatial,across,word,300,197,0.00475,0.0005187029077928006,0.003280565235155104,40,0.5314419444444445,0.3328741666666666,,
spatial,across,word,300,198,0.0035833333333333333,0.0005894067228156503,0.003727735424625975,40,0.5106366666666666,0.33990694444444447,,
spatial,across,word,300,199,0.0025833333333333333,0.0004846283858428769,0.0030650590360687827,40,0.5480630555555555,0.3331086111111111,,
spatial,across,word,300,200,0.0030833333333333333,0.0005255237517707583,0.003323704040225084,40,0.5107863888888888,0.3378088888888889,,
spatial,across,word,300,201,0.004416666666666667,0.0004976798018658033,0.00314760343871451,40,0.5345636111111112,0.3350372222222222,,
spatial,across,word,300,202,0.004833333333333334,0.0005840959605818988,0.003694147215085458,40,0.5340791666666667,0.33595305555555555,,
spatial,across,word,300,203,0.002833333333333333,0.0003688358524328756,0.0023327227528352873,40,0.5082074999999999,0.34161416666666666,,
spatial,across,word,300,204,0.00475,0.0005047847980156418,0.0031925393799149436,40,0.5109458333333334,0.33243,,
spatial,across,word,300,205,0.003999999999999999,0.0005871365639519862,0.003713377679306778,40,0.5303747222222223,0.3243330555555555,,
spatial,across,word,300,206,0.00275,0.0005454747794744822,0.003449885418634857,40,0.5354538888888889,0.3570505555555555,,
spatial,across,word,300,207,0.005583333333333333,0.0005389065112987853,0.003408344043198855,40,0.5140316666666667,0.328125,,
spatial,across,word,300,208,0.0027500000000000003,0.000444778186658963,0.0028130242468036803,40,0.5039086111111111,0.33100416666666665,,
spatial,across,word,300,209,0.0021666666666666666,0.00045526361293755647,0.002879339905359958,40,0.5074644444444444,0.35099333333333327,,
spatial,across,word,300,210,0.005083333333333334,0.0005061938301996516,0.0032014508819108484,40,0.5593200000000002,0.3370972222222222,,
spatial,across,word,300,211,0.00475,0.0006188802957865281,0.003914142667368273,40,0.5387525,0.3333222222222222,,
spatial,across,word,300,212,0.004916666666666666,0.0004919219241781967,0.0031111874227515096,40,0.5062800000000001,0.33518499999999996,,
spatial,across,word,300,213,0.004333333333333333,0.00048038446141526135,0.003038218101251,40,0.4937813888888888,0.3359875,,
spatial,across,word,300,214,0.003916666666666667,0.0004757285610699276,0.0030087716019509612,40,0.5242883333333334,0.3404877777777777,,
spatial,across,word,300,215,0.005583333333333333,0.0006359090673047066,0.004021842074872368,40,0.5537383333333332,0.33771,,
spatial,across,word,300,216,0.003916666666666667,0.0004904718932443306,0.0031020166218940744,40,0.49640000000000006,0.33106027777777775,,
spatial,across,word,300,217,0.00475,0.0005709927876363795,0.003611275472919581,40,0.5513444444444444,0.33349361111111114,,
spatial,across,word,300,218,0.0030833333333333333,0.0005647213971599238,0.003571611716915804,40,0.5280700000000002,0.34026138888888885,,
spatial,across,word,300,219,0.004999999999999999,0.0006645264792282107,0.004202834479707435,40,0.5583113888888889,0.3496747222222222,,
spatial,across,word,300,220,0.0065833333333333325,0.0006370281338409186,0.004028919673087779,40,0.5303752777777778,0.3439455555555555,,
spatial,across,word,300,221,0.002416666666666667,0.0004463766758603509,0.002823133980186819,40,0.4966641666666668,0.33831833333333333,,
spatial,across,word,300,222,0.005,0.0005967623950328607,0.003774256780481986,40,0.5425041666666668,0.33760666666666667,,
spatial,across,word,300,223,0.004333333333333333,0.0005748776656683841,0.0036358455989457554,40,0.5195947222222222,0.33820972222222223,,
spatial,across,word,300,224,0.004833333333333334,0.0007352538953302393,0.0046501539355091916,40,0.5232066666666668,0.338785,,
spatial,across,word,300,225,0.003833333333333333,0.0005410499447694665,0.003421900306759639,40,0.5093913888888888,0.3573425,,
spatial,across,word,300,226,0.004833333333333334,0.0005717718748968656,0.003616202853397895,40,0.5277341666666666,0.3487608333333333,,
spatial,across,word,300,227,0.004083333333333333,0.0006590105247982552,0.004167948520770725,40,0.5291363888888888,0.3382263888888889,,
spatial,across,word,300,228,0.003583333333333333,0.0004366979828269512,0.002761920550668525,40,0.5265208333333333,0.32771555555555554,,
spatial,across,word,300,229,0.0036666666666666666,0.0005175000172041232,0.003272957487082702,40,0.5195627777777777,0.3311261111111111,,
spatial,across,word,300,230,0.0037500000000000007,0.0005090001931052645,0.0032191998793563385,40,0.5139272222222223,0.33741305555555556,,
spatial,across,word,300,231,0.00475,0.0007248882417055494,0.004584595785728391,40,0.5298241666666668,0.3430233333333333,,
spatial,across,word,300,232,0.0034166666666666664,0.0005268773245260372,0.0033322647859959456,40,0.5077472222222221,0.34263388888888885,,
spatial,across,word,300,233,0.0032500000000000003,0.00045428476077747075,0.0028731491007230646,40,0.5174663888888889,0.3516380555555556,,
spatial,across,word,300,234,0.002833333333333333,0.000566767210788584,0.0035845505783853645,40,0.5436636111111111,0.3285363888888888,,
spatial,across,word,300,235,0.0036666666666666666,0.00044337478117411743,0.002804148331177911,40,0.5081524999999999,0.3330258333333333,,
spatial,across,word,300,236,0.003,0.0005310850045437943,0.0033588764910385265,40,0.5039980555555555,0.3362502777777778,,
spatial,across,word,300,237,0.002,0.00044337478117411754,0.0028041483311779113,40,0.491835,0.3370816666666666,,
spatial,across,word,300,238,0.00625,0.0007079875978761483,0.004477706728880036,40,0.5156750000000001,0.3308125,,
spatial,across,word,300,239,0.005333333333333333,0.0006515377383555189,0.004120686469516576,40,0.5084330555555556,0.3434480555555555,,
spatial,across,word,300,240,0.004083333333333333,0.0005659812345252781,0.0035795796280276146,40,0.5201111111111111,0.3344180555555555,,
spatial,across,word,300,241,0.0034166666666666672,0.0004991088925371763,0.003156641801723386,40,0.506593611111111,0.32741777777777775,,
spatial,across,word,300,242,0.0021666666666666666,0.0003489912202260564,0.0022072142786315227,40,0.4952877777777777,0.35211388888888884,,
spatial,across,word,300,243,0.0034166666666666664,0.0005268773245260372,0.0033322647859959456,40,0.5353022222222222,0.3444175,,
spatial,across,word,300,244,0.003083333333333333,0.00045271419510563445,0.002863215971247314,40,0.5160688888888889,0.34260083333333335,,
spatial,across,word,300,245,0.003583333333333333,0.0006130989425780422,0.003877578179174798,40,0.5033236111111111,0.34406722222222214,,
spatial,across,word,300,246,0.0037500000000000007,0.0005090001931052645,0.0032191998793563385,40,0.4809525,0.33395277777777777,,
spatial,across,word,300,247,0.00375,0.000494809238329462,0.0031294484008283783,40,0.5488941666666667,0.3336636111111111,,
spatial,across,word,300,248,0.004583333333333333,0.0007029394935724779,0.004445779713948642,40,0.5267183333333334,0.3307191666666666,,
spatial,across,word,300,249,0.003333333333333333,0.00046225016352102424,0.0029235267310234307,40,0.5093836111111112,0.33142250000000006,,
spatial,across,word,300,250,0.0035000000000000005,0.00047666337934435156,0.0030146839118420175,40,0.5148877777777778,0.3415597222222222,,
spatial,across,word,300,251,0.003916666666666667,0.0006072625513464553,0.003840665599959498,40,0.5027308333333333,0.33652638888888886,,
spatial,across,word,300,252,0.0019166666666666666,0.0003752966537921413,0.00237358444844567,40,0.4877391666666666,0.3204,,
spatial,across,word,300,253,0.003583333333333333,0.0004366979828269512,0.002761920550668525,40,0.5075858333333334,0.3283558333333333,,
spatial,across,word,300,254,0.0036666666666666666,0.0006405126152203485,0.004050957468334666,40,0.5269047222222223,0.34021833333333334,,
spatial,across,word,300,255,0.003333333333333333,0.0004303314829119352,0.002721655269759087,40,0.5264216666666667,0.34170111111111107,,
spatial,across,word,300,256,0.002916666666666667,0.0005621932528599516,0.003555622328432836,40,0.5074741666666667,0.34169499999999997,,
spatial,across,word,300,257,0.0035833333333333333,0.0005519648921491676,0.0034909324952811234,40,0.5001494444444445,0.33728111111111114,,
spatial,across,word,300,258,0.004916666666666667,0.0006200300976060129,0.003921414652583029,40,0.5361683333333332,0.33870888888888884,,
spatial,across,word,300,259,0.003583333333333333,0.0004976798018658033,0.00314760343871451,40,0.5300041666666667,0.3384391666666667,,
spatial,across,word,300,260,0.0035000000000000005,0.0006195991719677601,0.003918689239544948,40,0.4982619444444444,0.3356008333333333,,
spatial,across,word,300,261,0.005333333333333333,0.0007623624998624875,0.004821603804530527,40,0.5558688888888889,0.3295855555555555,,
spatial,across,word,300,262,0.004583333333333333,0.0006611685674953662,0.004181597181192252,40,0.49953388888888883,0.3369275,,
spatial,across,word,300,263,0.00425,0.0005061938301996516,0.0032014508819108484,40,0.5460380555555555,0.3464333333333333,,
spatial,across,word,300,264,0.003833333333333333,0.0005277215444626347,0.0033376041016874875,40,0.5382397222222222,0.3221616666666667,,
spatial,across,word,300,265,0.002,0.0003540566696958629,0.002239250994025684,40,0.4999680555555555,0.3404127777777778,,
spatial,across,word,300,266,0.006500000000000001,0.0007055942515803598,0.004462569877831598,40,0.5426236111111111,0.35472499999999996,,
spatial,across,word,300,267,0.002916666666666667,0.0004801990921390503,0.0030370457230089122,40,0.5104919444444445,0.33520666666666665,,
spatial,across,word,300,268,0.003333333333333334,0.000559812748506421,0.003540566696958629,40,0.5253527777777778,0.33395472222222217,,
spatial,across,word,300,269,0.004833333333333334,0.0006531754562429428,0.004131044306894694,40,0.5193644444444445,0.34893138888888886,,
spatial,across,word,300,270,0.0045000000000000005,0.000626458412386762,0.003962070885030415,40,0.5057313888888888,0.3505963888888889,,
spatial,across,word,300,271,0.003833333333333333,0.0005410499447694665,0.003421900306759639,40,0.4836444444444445,0.3429727777777778,,
spatial,across,word,300,272,0.005083333333333334,0.000596613185780614,0.0037733130983118456,40,0.5118741666666666,0.33238083333333335,,
spatial,across,word,300,273,0.005,0.0006085806194501846,0.0038490017945975053,40,0.5141252777777778,0.33201250000000004,,
spatial,across,word,300,274,0.003333333333333333,0.0005063696835418333,0.003202563076101743,40,0.5126388888888889,0.31133833333333333,,
spatial,across,word,300,275,0.003166666666666666,0.00041258686385768536,0.002609428444912182,40,0.5041827777777778,0.34783944444444437,,
spatial,across,word,300,276,0.003166666666666666,0.00046147910349544853,0.002918650119236377,40,0.504576111111111,0.3292786111111111,,
spatial,across,word,300,277,0.004,0.0005091750772173156,0.0032203059435976533,40,0.52589,0.330335,,
spatial,across,word,300,278,0.0037500000000000007,0.0005869849078564814,0.0037124185219410922,40,0.507673611111111,0.3418583333333333,,
spatial,across,word,300,279,0.0045,0.0004855460696524952,0.003070862978089291,40,0.5285599999999999,0.34853555555555554,,
spatial,across,word,300,280,0.008666666666666666,0.0007898934256794544,0.004995724667880022,40,0.542086111111111,0.3590936111111111,,
spatial,across,word,300,281,0.003333333333333333,0.0005337605126836238,0.003375797890278889,40,0.5019516666666667,0.34614472222222215,,
spatial,across,word,300,282,0.004416666666666667,0.000577196041787598,0.0036505082969650712,40,0.536108888888889,0.33916666666666667,,
spatial,across,word,300,283,0.002333333333333333,0.0004336290903919939,0.0027425111706914744,40,0.5162011111111111,0.3392302777777777,,
spatial,across,word,300,284,0.004833333333333334,0.00051956041029222,0.003285988557150009,40,0.5472072222222222,0.34020277777777774,,
spatial,across,word,300,285,0.00525,0.0005833333333333333,0.0036893239368631092,40,0.5094830555555555,0.3438563888888889,,
spatial,across,word,300,286,0.004666666666666667,0.0006178724639975322,0.003907768579465175,40,0.4926433333333334,0.3434541666666667,,
spatial,across,word,300,287,0.002833333333333333,0.0004706484585228889,0.0029766422123592316,40,0.5161538888888889,0.32714027777777777,,
spatial,across,word,300,288,0.0030833333333333333,0.00048315646631310954,0.003055749799575685,40,0.5416083333333332,0.3369994444444444,,
spatial,across,word,300,289,0.0036666666666666666,0.0006062354060275328,0.0038341693625679476,40,0.525371111111111,0.3290688888888889,,
spatial,across,word,300,290,0.003333333333333333,0.0004465760847047224,0.0028243951524544115,40,0.4962858333333333,0.3293327777777778,,
spatial,across,word,300,291,0.0034166666666666664,0.0006906735223894966,0.0043682029006442205,40,0.4901791666666667,0.33640138888888893,,
spatial,across,word,300,292,0.004,0.0006109168300344762,0.0038637772876778144,40,0.5054547222222223,0.33509527777777776,,
spatial,across,word,300,293,0.004416666666666668,0.0004681828240069863,0.002961048170463674,40,0.5150011111111111,0.33720194444444446,,
spatial,across,word,300,294,0.0034166666666666664,0.0005268773245260372,0.003332264785995945,40,0.5091869444444443,0.33302027777777776,,
spatial,across,word,300,295,0.003833333333333333,0.0006264584123867621,0.003962070885030416,40,0.5086122222222222,0.32828611111111106,,
spatial,across,word,300,296,0.003916666666666667,0.0005583795745617396,0.003531502509061826,40,0.534521388888889,0.34173027777777776,,
spatial,across,word,300,297,0.004166666666666667,0.0005566229063100618,0.003520392363524611,40,0.539705,0.33264194444444445,,
spatial,across,word,300,298,0.0036666666666666666,0.00044337478117411743,0.002804148331177911,40,0.4872547222222222,0.34246527777777774,,
spatial,across,word,300,299,0.003333333333333333,0.00046225016352102424,0.0029235267310234307,40,0.5023927777777778,0.34048666666666666,,
spatial,across,word,500,0,0.004583333333333333,0.0006503067433133847,0.004112900973273538,40,0.5497391666666667,0.3326925,,
spatial,across,word,500,1,0.0037500000000000007,0.000574722774741238,0.0036348659827084013,40,0.5145330555555556,0.3504877777777778,,
spatial,across,word,500,2,0.002916666666666667,0.0004334237249576047,0.002741212325640795,40,0.5305316666666667,0.3391252777777778,,
spatial,across,word,500,3,0.00525,0.0006302839318575675,0.00398626559455255,40,0.5689336111111111,0.33834888888888887,,
spatial,across,word,500,4,0.0041666666666666675,0.0004884710724331468,0.0030893623199876614,40,0.5394719444444445,0.33510111111111107,,
spatial,across,word,500,5,0.003166666666666667,0.0004614791034954486,0.0029186501192363773,40,0.5311174999999999,0.34101972222222227,,
spatial,across,word,500,6,0.00275,0.0004904718932443306,0.003102016621894074,40,0.5042158333333333,0.33378500000000005,,
spatial,across,word,500,7,0.0034166666666666664,0.00043832593994609713,0.0027722166555276995,40,0.507858888888889,0.3571588888888888,,
spatial,across,word,500,8,0.004416666666666667,0.0006130989425780422,0.003877578179174798,40,0.5440091666666667,0.33353472222222214,,
spatial,across,word,500,9,0.005833333333333334,0.0006830257802778872,0.0043198343325836774,40,0.5447297222222222,0.3327819444444444,,
spatial,across,word,500,10,0.00625,0.0007079875978761483,0.004477706728880036,40,0.5679038888888889,0.3351883333333333,,
spatial,across,word,500,11,0.00375,0.000494809238329462,0.0031294484008283783,40,0.5162461111111112,0.33725194444444445,,
spatial,across,word,500,12,0.008166666666666666,0.0006639903545106592,0.00419944372927268,40,0.5603697222222221,0.36036611111111105,,
spatial,across,word,500,13,0.005166666666666667,0.0007352538953302395,0.004650153935509192,40,0.5450336111111111,0.3325261111111111,,
spatial,across,word,500,14,0.00375,0.000522806092950542,0.003306516056674825,40,0.5352225,0.33990305555555556,,
spatial,across,word,500,15,0.004833333333333334,0.00041258686385768536,0.002609428444912182,40,0.4915436111111111,0.36186972222222225,,
spatial,across,word,500,16,0.006333333333333334,0.0006623793767520534,0.004189255011318546,40,0.5517974999999999,0.3444583333333333,,
spatial,across,word,500,17,0.0041666666666666675,0.0006056476837313231,0.0038304522803925744,40,0.5352327777777779,0.3484363888888889,,
spatial,across,word,500,18,0.006750000000000001,0.000540226553720501,0.0034166927245201863,40,0.5364391666666666,0.3595702777777778,,
spatial,across,word,500,19,0.00575,0.0005596536881967729,0.0035395607112309897,40,0.5619400000000001,0.36197333333333337,,
spatial,across,word,500,20,0.0030833333333333333,0.0004027593570795094,0.0025472738346326235,40,0.5046502777777778,0.3389063888888889,,
spatial,across,word,500,21,0.004833333333333334,0.000715617399249251,0.0045259618297474056,40,0.48613833333333334,0.33947333333333335,,
spatial,across,word,500,22,0.005,0.0006751595780557777,0.00427008410146899,40,0.5689072222222222,0.3494002777777778,,
spatial,across,word,500,23,0.0035000000000000005,0.0005462902602399647,0.0034550429718488217,40,0.5583175,0.3416980555555555,,
spatial,across,word,500,24,0.006333333333333332,0.000673046397354189,0.0042567191732199245,40,0.5673513888888888,0.3385197222222222,,
spatial,across,word,500,25,0.003833333333333333,0.000514047677015483,0.003251122970575025,40,0.5128786111111111,0.3296594444444444,,
spatial,across,word,500,26,0.00225,0.0004366979828269512,0.002761920550668525,40,0.541415,0.3396669444444444,,
spatial,across,word,500,27,0.005,0.0006085806194501847,0.0038490017945975057,40,0.5070075,0.3484716666666666,,
spatial,across,word,500,28,0.004333333333333333,0.0006877023141843227,0.004349411329982359,40,0.5330627777777778,0.34831305555555553,,
spatial,across,word,500,29,0.004916666666666667,0.0005200742331410084,0.0032892382581820247,40,0.5157027777777777,0.337505,,
spatial,across,word,500,30,0.004666666666666666,0.000557262335477027,0.003524436468664519,40,0.4950902777777778,0.37070611111111107,,
spatial,across,word,500,31,0.0025833333333333333,0.0004991088925371763,0.003156641801723386,40,0.5298358333333333,0.3353275,,
spatial,across,word,500,32,0.004083333333333333,0.0005131809630673188,0.003245641390262953,40,0.5511661111111111,0.3413119444444444,,
spatial,across,word,500,33,0.004916666666666666,0.0006643924886069821,0.004201987048611068,40,0.5073263888888888,0.3429527777777778,,
spatial,across,word,500,34,0.0019999999999999996,0.00040998922923799846,0.0025929995610579504,40,0.51673,0.34726944444444446,,
spatial,across,word,500,35,0.007666666666666667,0.0007181013268818792,0.004541671567471675,40,0.6808219444444445,0.34701222222222217,,
spatial,across,word,500,36,0.008833333333333334,0.0007410433854676115,0.004686769886159546,40,0.6757205555555557,0.36426805555555547,,
spatial,across,word,500,37,0.007750000000000002,0.0006013695196343918,0.0038033947948920535,40,0.6585936111111111,0.36187388888888883,,
spatial,across,word,500,38,0.008166666666666666,0.0006954266558151432,0.004398264355939664,40,0.6504088888888889,0.3511183333333333,,
spatial,across,word,500,39,0.008,0.0007434423667686371,0.004701942376110336,40,0.6624666666666668,0.36641,,
spatial,across,word,500,40,0.011583333333333334,0.0008605595145384648,0.005442656256140666,40,0.6877774999999999,0.35380555555555554,,
spatial,across,word,500,41,0.00825,0.0007059726877843333,0.004464963318538847,40,0.685138888888889,0.3630130555555556,,
spatial,across,word,500,42,0.009333333333333334,0.0007081133393917258,0.004478501988051368,40,0.6263741666666667,0.3406405555555555,,
spatial,across,word,500,43,0.009416666666666667,0.0007346481996220893,0.0046463231794957064,40,0.6615658333333334,0.3579583333333333,,
spatial,across,word,500,44,0.008333333333333333,0.0006751595780557777,0.00427008410146899,40,0.6211158333333333,0.3459102777777777,,
spatial,across,word,500,45,0.004916666666666666,0.0006200300976060129,0.003921414652583029,40,0.6606288888888889,0.3687547222222222,,
spatial,across,word,500,46,0.006,0.0006877023141843227,0.004349411329982359,40,0.6436886111111112,0.3398780555555555,,
spatial,across,word,500,47,0.006833333333333333,0.0005717718748968656,0.0036162028533978947,40,0.5795086111111111,0.36718916666666657,,
spatial,across,word,500,48,0.004666666666666667,0.0006515377383555189,0.004120686469516576,40,0.545726111111111,0.33410805555555556,,
spatial,across,word,500,49,0.007000000000000001,0.0006405126152203485,0.004050957468334666,40,0.6398452777777778,0.3648441666666667,,
spatial,across,word,500,50,0.005416666666666667,0.0006280197703168524,0.003971945779634118,40,0.5427725000000001,0.3449,,
spatial,across,word,500,51,0.006416666666666668,0.0007297845367541505,0.0046155626746279595,40,0.5919961111111111,0.33446388888888884,,
spatial,across,word,500,52,0.003833333333333333,0.0005791977947731548,0.003663168494459874,40,0.5443508333333332,0.33849333333333337,,
spatial,across,word,500,53,0.00525,0.0005187029077928005,0.0032805652351551038,40,0.5643525,0.3434525,,
spatial,across,word,500,54,0.005416666666666667,0.0006165742596507072,0.0038995580142565786,40,0.5577588888888889,0.33368833333333336,,
spatial,across,word,500,55,0.0065833333333333325,0.0005906139063083313,0.003735370323407233,40,0.5301377777777778,0.36670333333333327,,
spatial,across,word,500,56,0.007166666666666667,0.0007015448967566097,0.0044369595092371185,40,0.5410730555555556,0.3696352777777777,,
spatial,across,word,500,57,0.0034166666666666664,0.0005906139063083313,0.003735370323407233,40,0.5487675,0.3390255555555556,,
spatial,across,word,500,58,0.009416666666666667,0.0008259286407784389,0.005223631379253783,40,0.5525902777777778,0.35489749999999987,,
spatial,across,word,500,59,0.005416666666666667,0.0007129999620399329,0.004509407703319565,40,0.5276375,0.3530955555555555,,
spatial,across,word,500,60,0.005916666666666667,0.0006697312043199764,0.004235752051477452,40,0.5842658333333334,0.34477083333333336,,
spatial,across,word,500,61,0.007666666666666666,0.0008623164985025763,0.0054537683984186335,40,0.5703797222222222,0.3529808333333333,,
spatial,across,word,500,62,0.004833333333333334,0.0006639903545106592,0.00419944372927268,40,0.5626202777777778,0.3497211111111111,,
spatial,across,word,500,63,0.006166666666666667,0.0006149838438569978,0.0038894993415869257,40,0.5400366666666667,0.3697022222222221,,
spatial,across,word,500,64,0.00475,0.0006302839318575675,0.00398626559455255,40,0.5328647222222223,0.3547016666666666,,
spatial,across,word,500,65,0.005,0.000559812748506421,0.003540566696958629,40,0.5896280555555555,0.34311583333333334,,
spatial,across,word,500,66,0.0065833333333333325,0.0005659812345252781,0.0035795796280276146,40,0.5015413888888889,0.34231,,
spatial,across,word,500,67,0.004583333333333333,0.0006165742596507071,0.003899558014256578,40,0.5369155555555556,0.34170138888888885,,
spatial,across,word,500,68,0.005166666666666667,0.0005462902602399647,0.0034550429718488217,40,0.5431838888888889,0.36675861111111113,,
spatial,across,word,500,69,0.007916666666666666,0.0007706095193669952,0.004873762535614682,40,0.6207677777777778,0.33529833333333336,,
spatial,across,word,500,70,0.007333333333333333,0.0007181013268818792,0.004541671567471675,40,0.6084805555555556,0.3562713888888888,,
spatial,across,word,500,71,0.006583333333333334,0.0005906139063083313,0.003735370323407233,40,0.5700425,0.3614866666666666,,
spatial,across,word,500,72,0.00475,0.0006072625513464554,0.0038406655999594984,40,0.5418619444444444,0.33754166666666663,,
spatial,across,word,500,73,0.008000000000000002,0.0009306432539361502,0.005885904743017392,40,0.5802294444444444,0.3728408333333334,,
spatial,across,word,500,74,0.004083333333333333,0.0006370281338409186,0.004028919673087779,40,0.5307766666666666,0.3305349999999999,,
spatial,across,word,500,75,0.005166666666666667,0.0005961653339578757,0.0037704806346836235,40,0.5825400000000001,0.3399030555555555,,
spatial,across,word,500,76,0.005333333333333333,0.0006515377383555189,0.004120686469516576,40,0.5535788888888888,0.3432408333333334,,
spatial,across,word,500,77,0.007666666666666666,0.0007567361314550618,0.004786019526285168,40,0.6138791666666668,0.3477549999999999,,
spatial,across,word,500,78,0.004083333333333333,0.0005131809630673188,0.003245641390262953,40,0.5198516666666666,0.3377908333333333,,
spatial,across,word,500,79,0.004166666666666667,0.000569275042553311,0.0036004114991154777,40,0.5512388888888887,0.33733250000000004,,
spatial,across,word,500,80,0.004166666666666667,0.0004884710724331468,0.0030893623199876614,40,0.5428577777777777,0.3353813888888889,,
spatial,across,word,500,81,0.0035833333333333333,0.0004976798018658033,0.00314760343871451,40,0.5644205555555555,0.3357972222222222,,
spatial,across,word,500,82,0.0036666666666666666,0.0005822639771026017,0.0036825607342247002,40,0.544006388888889,0.35222388888888884,,
spatial,across,word,500,83,0.007166666666666667,0.0006149838438569978,0.003889499341586926,40,0.5257,0.3758202777777777,,
spatial,across,word,500,84,0.003333333333333333,0.00047740991602628855,0.0030194054243855885,40,0.549996388888889,0.34909138888888885,,
spatial,across,word,500,85,0.006416666666666666,0.0006359090673047066,0.004021842074872368,40,0.5735561111111112,0.3307188888888889,,
spatial,across,word,500,86,0.004666666666666666,0.0006178724639975322,0.003907768579465175,40,0.534746111111111,0.35682305555555555,,
spatial,across,word,500,87,0.006666666666666666,0.0006537204504606134,0.004134491152973615,40,0.5712561111111112,0.3560347222222222,,
spatial,across,word,500,88,0.00475,0.0006633195892576048,0.004195201437322779,40,0.5316269444444445,0.3512197222222222,,
spatial,across,word,500,89,0.004416666666666667,0.0006130989425780422,0.0038775781791747974,40,0.5373419444444446,0.3301008333333333,,
spatial,across,word,500,90,0.005166666666666667,0.0005330928945203023,0.0033715755022721006,40,0.5378602777777779,0.3634147222222222,,
spatial,across,word,500,91,0.006,0.0005364226763936138,0.003392634891934514,40,0.5379752777777776,0.33771611111111116,,
spatial,across,word,500,92,0.004833333333333334,0.0007912448268825371,0.005004271679548888,40,0.5707219444444446,0.34526277777777775,,
spatial,across,word,500,93,0.006500000000000001,0.000715617399249251,0.0045259618297474056,40,0.5195386111111111,0.35352916666666656,,
spatial,across,word,500,94,0.0030833333333333333,0.00046818282400698627,0.0029610481704636735,40,0.5199547222222222,0.32687666666666665,,
spatial,across,word,500,95,0.005333333333333333,0.0005310850045437943,0.003358876491038526,40,0.5288591666666667,0.34214222222222224,,
spatial,across,word,500,96,0.00375,0.0004651302547095317,0.0029417420270727605,40,0.5391480555555554,0.3340322222222222,,
spatial,across,word,500,97,0.003583333333333333,0.0004976798018658033,0.00314760343871451,40,0.5500441666666667,0.34698861111111107,,
spatial,across,word,500,98,0.007000000000000001,0.0007040784727049221,0.004452983250480495,40,0.5380419444444445,0.36327472222222223,,
spatial,across,word,500,99,0.0075000000000000015,0.0007524887482476505,0.004759156716223226,40,0.5698208333333333,0.3377294444444444,,
spatial,across,word,500,100,0.006,0.0007279522854655584,0.004603974499992501,40,0.5571391666666666,0.3156880555555555,,
spatial,across,word,500,101,0.006083333333333332,0.0006302839318575675,0.00398626559455255,40,0.508518888888889,0.3564738888888887,,
spatial,across,word,500,102,0.005666666666666667,0.0006877023141843228,0.00434941132998236,40,0.5543363888888889,0.3537852777777777,,
spatial,across,word,500,103,0.007333333333333333,0.0006666666666666665,0.004216370213557839,40,0.5180677777777778,0.35063194444444434,,
spatial,across,word,500,104,0.007333333333333333,0.000828619144486589,0.00524064761879555,40,0.5555819444444443,0.34237694444444444,,
spatial,across,word,500,105,0.0036666666666666666,0.0006515377383555189,0.004120686469516576,40,0.5465013888888889,0.34152055555555555,,
spatial,across,word,500,106,0.004416666666666667,0.0004976798018658033,0.00314760343871451,40,0.5595147222222223,0.3508719444444444,,
spatial,across,word,500,107,0.008166666666666666,0.0009163752450517144,0.005795665931516722,40,0.5984002777777778,0.3386633333333333,,
spatial,across,word,500,108,0.004833333333333334,0.0007055942515803596,0.004462569877831597,40,0.5393844444444444,0.3546972222222221,,
spatial,across,word,500,109,0.005916666666666666,0.0006142595663193327,0.0038849186082326862,40,0.519298888888889,0.34869138888888884,,
spatial,across,word,500,110,0.002916666666666667,0.000574722774741238,0.0036348659827084013,40,0.5074594444444445,0.3492130555555555,,
spatial,across,word,500,111,0.006083333333333334,0.0005583795745617396,0.0035315025090618263,40,0.560841388888889,0.3511058333333333,,
spatial,across,word,500,112,0.005333333333333334,0.0006062354060275327,0.003834169362567947,40,0.5499763888888889,0.3366391666666667,,
spatial,across,word,500,113,0.0036666666666666666,0.0005310850045437943,0.003358876491038526,40,0.5662330555555555,0.3247758333333333,,
spatial,across,word,500,114,0.005,0.0006315539556208946,0.003994297930101854,40,0.5550308333333334,0.3460469444444444,,
spatial,across,word,500,115,0.004,0.0005871365639519862,0.003713377679306778,40,0.5415258333333334,0.33580277777777784,,
spatial,across,word,500,116,0.00575,0.0005722388181146617,0.003619156061610303,40,0.521148888888889,0.339716111111111,,
spatial,across,word,500,117,0.006750000000000001,0.000680282956044689,0.0043024871889868555,40,0.5713666666666666,0.3485575,,
spatial,across,word,500,118,0.0034166666666666664,0.0005784287095915728,0.0036583043726829078,40,0.5458894444444444,0.349265,,
spatial,across,word,500,119,0.005166666666666667,0.0006531754562429428,0.004131044306894694,40,0.505221111111111,0.35898138888888875,,
spatial,across,word,500,120,0.004833333333333334,0.0005961653339578756,0.003770480634683623,40,0.5319561111111112,0.33472194444444436,,
spatial,across,word,500,121,0.005666666666666667,0.0004653216269680752,0.0029429523715086966,40,0.5158533333333333,0.3644986111111111,,
spatial,across,word,500,122,0.005166666666666667,0.000674631903431942,0.004266746794119403,40,0.5325472222222223,0.3370283333333333,,
spatial,across,word,500,123,0.0034166666666666664,0.00040452391911925445,0.0025584339048691576,40,0.5442188888888888,0.33751333333333333,,
spatial,across,word,500,124,0.0052499999999999995,0.0006633195892576047,0.004195201437322778,40,0.519563611111111,0.3621141666666666,,
spatial,across,word,500,125,0.005583333333333333,0.0006359090673047066,0.004021842074872368,40,0.5457888888888889,0.35386916666666657,,
spatial,across,word,500,126,0.006750000000000001,0.0006025527367540542,0.0038108781170213277,40,0.5058825,0.35798055555555547,,
spatial,across,word,500,127,0.006166666666666667,0.0006032910690206792,0.0038155477402863876,40,0.5738777777777777,0.3605824999999999,,
spatial,across,word,500,128,0.005416666666666667,0.0005295740910852022,0.0033493206352854187,40,0.5287058333333334,0.3607733333333333,,
spatial,across,word,500,129,0.003333333333333333,0.0004921028776234113,0.0031123318728261753,40,0.5430227777777777,0.35742555555555555,,
spatial,across,word,500,130,0.006999999999999999,0.0005822639771026016,0.0036825607342247,40,0.5375622222222223,0.35435416666666664,,
spatial,across,word,500,131,0.007833333333333335,0.0007505933075842825,0.004747168896891339,40,0.5486580555555554,0.33991944444444444,,
spatial,across,word,500,132,0.007333333333333333,0.0006877023141843227,0.004349411329982359,40,0.5466277777777778,0.35806972222222216,,
spatial,across,word,500,133,0.00625,0.000737551002630653,0.004664682117707407,40,0.5580716666666665,0.34591249999999996,,
spatial,across,word,500,134,0.0036666666666666666,0.0005310850045437943,0.003358876491038526,40,0.5552988888888889,0.3473069444444444,,
spatial,across,word,500,135,0.004416666666666668,0.0006359090673047066,0.004021842074872368,40,0.557066111111111,0.3398919444444444,,
spatial,across,word,500,136,0.0041666666666666675,0.0004736654667156709,0.0029957234475763905,40,0.5376841666666667,0.3374052777777778,,
spatial,across,word,500,137,0.004583333333333333,0.0004727247200735973,0.002989773643396175,40,0.5071816666666666,0.3487530555555555,,
spatial,across,word,500,138,0.005,0.0006085806194501846,0.0038490017945975053,40,0.5416075000000001,0.340905,,
spatial,across,word,500,139,0.004833333333333334,0.0006195991719677601,0.003918689239544948,40,0.5686272222222222,0.3459280555555555,,
spatial,across,word,500,140,0.0075000000000000015,0.000661841512776426,0.004185853260849874,40,0.5237319444444445,0.35803916666666674,,
spatial,across,word,500,141,0.0045,0.0006487990219938459,0.004103365306380464,40,0.5161363888888889,0.3390963888888889,,
spatial,across,word,500,142,0.005666666666666666,0.0006338054920158089,0.0040085378965872415,40,0.49471444444444435,0.35131055555555557,,
spatial,across,word,500,143,0.007000000000000001,0.0007141228955659593,0.004516509758525979,40,0.5518605555555556,0.37587083333333327,,
spatial,across,word,500,144,0.006416666666666666,0.0006130989425780422,0.0038775781791747974,40,0.5665777777777778,0.3553733333333333,,
spatial,across,word,500,145,0.00775,0.0005647213971599237,0.0035716117169158033,40,0.5608269444444445,0.3646702777777778,,
spatial,across,word,500,146,0.0025,0.00042617359329729905,0.002695358466875467,40,0.4952872222222221,0.3466591666666667,,
spatial,across,word,500,147,0.0042499999999999994,0.000596613185780614,0.0037733130983118456,40,0.5140941666666666,0.35531611111111105,,
spatial,across,word,500,148,0.004583333333333333,0.0006165742596507072,0.0038995580142565786,40,0.5329302777777778,0.34372611111111107,,
spatial,across,word,500,149,0.005583333333333334,0.0005117911677922933,0.003236851553162112,40,0.5076497222222223,0.35668944444444445,,
spatial,across,word,500,150,0.00475,0.0005833333333333334,0.0036893239368631097,40,0.5427847222222222,0.34044555555555556,,
spatial,across,word,500,151,0.004083333333333333,0.0006142595663193327,0.0038849186082326862,40,0.5575833333333333,0.3258613888888889,,
spatial,across,word,500,152,0.008166666666666666,0.0007821913843960196,0.004947012681703421,40,0.5626191666666667,0.35238305555555555,,
spatial,across,word,500,153,0.0055,0.00072156446049904,0.004563574347615127,40,0.5190975,0.3521622222222222,,
spatial,across,word,500,154,0.004416666666666667,0.0007394798741889359,0.0046768813725835915,40,0.5675711111111111,0.3449763888888889,,
spatial,across,word,500,155,0.005833333333333334,0.0007235359517703826,0.0045760431532242945,40,0.5359380555555555,0.33717611111111107,,
spatial,across,word,500,156,0.005416666666666667,0.0005930209011272614,0.003750593495295321,40,0.5585663888888888,0.3546058333333333,,
spatial,across,word,500,157,0.004416666666666667,0.000577196041787598,0.0036505082969650712,40,0.5269383333333334,0.3537730555555555,,
spatial,across,word,500,158,0.0055,0.0005913671446023186,0.0037401342206669517,40,0.5334041666666667,0.3298905555555556,,
spatial,across,word,500,159,0.007000000000000001,0.0007240279857964913,0.004579155049641907,40,0.6016991666666667,0.3504669444444444,,
spatial,across,word,500,160,0.004583333333333333,0.0006392603899459486,0.0040430377003132,40,0.5465713888888889,0.35132694444444446,,
spatial,across,word,500,161,0.009916666666666667,0.0006590105247982552,0.004167948520770725,40,0.5744097222222222,0.34260222222222214,,
spatial,across,word,500,162,0.00275,0.00044477818665896303,0.0028130242468036807,40,0.5313647222222222,0.3559808333333333,,
spatial,across,word,500,163,0.003333333333333333,0.0006085806194501847,0.0038490017945975057,40,0.5227999999999999,0.34213416666666663,,
spatial,across,word,500,164,0.0055,0.0005410499447694665,0.003421900306759639,40,0.5358269444444445,0.35208027777777773,,
spatial,across,word,500,165,0.005083333333333334,0.0006425942346670646,0.004064122785681311,40,0.5402347222222222,0.33358527777777774,,
spatial,across,word,500,166,0.006666666666666666,0.0006856277926728686,0.004336290903919939,40,0.5270533333333334,0.3408327777777778,,
spatial,across,word,500,167,0.0034166666666666664,0.000540226553720501,0.0034166927245201863,40,0.5414427777777778,0.34483638888888885,,
spatial,across,word,500,168,0.004583333333333333,0.000568492533533872,0.0035954624775333737,40,0.5098772222222223,0.3501647222222221,,
spatial,across,word,500,169,0.0030833333333333333,0.0006130989425780422,0.0038775781791747974,40,0.5208977777777777,0.3413322222222222,,
spatial,across,word,500,170,0.005166666666666667,0.00051956041029222,0.003285988557150009,40,0.5350497222222221,0.3443280555555555,,
spatial,across,word,500,171,0.0041666666666666675,0.0006172958213483475,0.003904121571130341,40,0.5409133333333334,0.34666555555555556,,
spatial,across,word,500,172,0.0055,0.0007313687749010652,0.004625582276428709,40,0.5159241666666666,0.35909055555555547,,
spatial,across,word,500,173,0.0069166666666666664,0.0006686668711812965,0.004229020617662603,40,0.5319244444444445,0.38065194444444445,,
spatial,across,word,500,174,0.0037500000000000007,0.0005493780477196366,0.0034745718545814495,40,0.527535,0.35548777777777774,,
spatial,across,word,500,175,0.00575,0.0006084343084444759,0.003848076442547927,40,0.554583888888889,0.3536972222222222,,
spatial,across,word,500,176,0.005166666666666667,0.0005330928945203023,0.0033715755022721006,40,0.5381336111111112,0.35271722222222224,,
spatial,across,word,500,177,0.004,0.0005748776656683841,0.0036358455989457554,40,0.515393611111111,0.34310138888888886,,
spatial,across,word,500,178,0.007083333333333333,0.0007079875978761483,0.004477706728880036,40,0.5805355555555556,0.3352102777777778,,
spatial,across,word,500,179,0.0068333333333333345,0.0008090478382385089,0.005116867809738315,40,0.5723469444444446,0.3502291666666666,,
spatial,across,word,500,180,0.004416666666666667,0.0007297845367541505,0.0046155626746279595,40,0.4984480555555556,0.3474363888888889,,
spatial,across,word,500,181,0.004916666666666667,0.0006535842445105027,0.004133629710907181,40,0.5444652777777778,0.3595916666666666,,
spatial,across,word,500,182,0.00525,0.0004904718932443306,0.0031020166218940744,40,0.5346841666666667,0.34752111111111106,,
spatial,across,word,500,183,0.006583333333333334,0.0007109992566943675,0.004496754131681843,40,0.5634416666666666,0.3382791666666667,,
spatial,across,word,500,184,0.00375,0.0005493780477196366,0.0034745718545814495,40,0.500906111111111,0.3273041666666667,,
spatial,across,word,500,185,0.004416666666666668,0.0006013695196343918,0.0038033947948920535,40,0.5531777777777778,0.34110361111111115,,
spatial,across,word,500,186,0.0042499999999999994,0.0005596536881967729,0.0035395607112309897,40,0.5136463888888889,0.3406661111111111,,
spatial,across,word,500,187,0.0041666666666666675,0.0005168113941217019,0.003268602252303067,40,0.5125216666666667,0.3458163888888889,,
spatial,across,word,500,188,0.005083333333333334,0.0006643924886069821,0.004201987048611068,40,0.5547194444444445,0.3601497222222222,,
spatial,across,word,500,189,0.00475,0.0007149950690165275,0.004522025867763027,40,0.5458836111111112,0.33634277777777777,,
spatial,across,word,500,190,0.008083333333333335,0.0005709927876363795,0.003611275472919581,40,0.5083516666666668,0.3695697222222222,,
spatial,across,word,500,191,0.005333333333333334,0.0005035486605694166,0.0031847213602527527,40,0.5645422222222223,0.3450652777777778,,
spatial,across,word,500,192,0.005583333333333333,0.0005389065112987853,0.003408344043198855,40,0.52894,0.34926527777777777,,
spatial,across,word,500,193,0.007416666666666666,0.0006257474163429115,0.003957574151218542,40,0.5196302777777777,0.3507994444444444,,
spatial,across,word,500,194,0.0035000000000000005,0.0005330928945203023,0.0033715755022721006,40,0.5373100000000001,0.34355499999999994,,
spatial,across,word,500,195,0.00625,0.0006875728399641818,0.004348592463114521,40,0.5263013888888889,0.3512844444444444,,
spatial,across,word,500,196,0.004833333333333334,0.0007255020856987775,0.004588478076021619,40,0.5668369444444444,0.3555358333333333,,
spatial,across,word,500,197,0.0042499999999999994,0.0004772233913401199,0.0030182257386893066,40,0.5489686111111111,0.33497472222222224,,
spatial,across,word,500,198,0.004,0.0004653216269680751,0.002942952371508696,40,0.5344763888888889,0.33675055555555555,,
spatial,across,word,500,199,0.008833333333333335,0.0008055187141590188,0.005094547669265247,40,0.5459166666666666,0.33283166666666664,,
spatial,across,word,500,200,0.005166666666666667,0.00061959917196776,0.003918689239544947,40,0.5281505555555557,0.34210527777777777,,
spatial,across,word,500,201,0.004833333333333334,0.0006079951641733013,0.003845299050311274,40,0.5288155555555557,0.3459533333333333,,
spatial,across,word,500,202,0.0036666666666666666,0.00044337478117411743,0.002804148331177911,40,0.5169575,0.3450747222222222,,
spatial,across,word,500,203,0.006750000000000001,0.0006025527367540542,0.003810878117021328,40,0.5384319444444445,0.35209999999999997,,
spatial,across,word,500,204,0.004416666666666667,0.0006359090673047066,0.004021842074872368,40,0.5522519444444445,0.3424508333333333,,
spatial,across,word,500,205,0.004833333333333334,0.0005462902602399647,0.0034550429718488217,40,0.5153236111111111,0.3588416666666666,,
spatial,across,word,500,206,0.004166666666666667,0.0005168113941217019,0.0032686022523030676,40,0.530868888888889,0.3240336111111112,,
spatial,across,word,500,207,0.004583333333333333,0.0004574097142864882,0.0028929130420643255,40,0.5278683333333334,0.34238722222222223,,
spatial,across,word,500,208,0.003166666666666667,0.0004295031251026405,0.0027164162749691695,40,0.5096475,0.3401452777777777,,
spatial,across,word,500,209,0.00625,0.0005869849078564814,0.0037124185219410922,40,0.5382247222222223,0.34051916666666665,,
spatial,across,word,500,210,0.0041666666666666675,0.0005168113941217019,0.003268602252303067,40,0.5257677777777777,0.35104916666666663,,
spatial,across,word,500,211,0.004416666666666668,0.0006013695196343918,0.0038033947948920535,40,0.5365533333333333,0.3485438888888888,,
spatial,across,word,500,212,0.00525,0.0006072625513464554,0.0038406655999594984,40,0.5587375,0.3451772222222222,,
spatial,across,word,500,213,0.004166666666666667,0.0004884710724331468,0.0030893623199876614,40,0.5113047222222221,0.33233972222222224,,
spatial,across,word,500,214,0.0034166666666666664,0.000565981234525278,0.003579579628027614,40,0.5112152777777779,0.3405541666666666,,
spatial,across,word,500,215,0.004666666666666667,0.000629294363562392,0.003980007015126461,40,0.5538180555555556,0.3327544444444444,,
spatial,across,word,500,216,0.006083333333333334,0.0006633195892576047,0.004195201437322778,40,0.5502825,0.3543983333333333,,
spatial,across,word,500,217,0.006,0.0006338054920158089,0.0040085378965872415,40,0.5551886111111111,0.3407955555555556,,
spatial,across,word,500,218,0.004583333333333333,0.0005019548679499876,0.003174641330662029,40,0.5345113888888888,0.34806583333333335,,
spatial,across,word,500,219,0.005416666666666667,0.0006049122278635169,0.0038258008490709675,40,0.556785,0.3478111111111112,,
spatial,across,word,500,220,0.005333333333333333,0.0006938886664887108,0.004388537257362555,40,0.5396405555555555,0.34179666666666664,,
spatial,across,word,500,221,0.0065833333333333325,0.000740442425685472,0.004682969082772107,40,0.552468888888889,0.35961027777777776,,
spatial,across,word,500,222,0.005,0.0005469417694282446,0.0034591634777518055,40,0.4956822222222222,0.3383925,,
spatial,across,word,500,223,0.003916666666666667,0.0005047847980156418,0.0031925393799149436,40,0.5444072222222223,0.3365727777777777,,
spatial,across,word,500,224,0.0026666666666666666,0.0005229763603684908,0.0033075929223788923,40,0.5473533333333332,0.3289777777777778,,
spatial,across,word,500,225,0.006500000000000001,0.0006531754562429428,0.004131044306894694,40,0.5279013888888888,0.33643166666666663,,
spatial,across,word,500,226,0.003583333333333333,0.0004976798018658033,0.00314760343871451,40,0.5422916666666667,0.3458525,,
spatial,across,word,500,227,0.0035000000000000005,0.00051956041029222,0.003285988557150009,40,0.5193022222222222,0.3517969444444444,,
spatial,across,word,500,228,0.003916666666666667,0.0005583795745617396,0.0035315025090618263,40,0.5423702777777779,0.3369716666666666,,
spatial,across,word,500,229,0.003833333333333333,0.0006264584123867621,0.003962070885030416,40,0.5278769444444446,0.3356322222222222,,
spatial,across,word,500,230,0.006083333333333334,0.0007149950690165274,0.004522025867763026,40,0.5188469444444443,0.3377044444444444,,
spatial,across,word,500,231,0.007000000000000001,0.0006515377383555186,0.004120686469516575,40,0.5732127777777778,0.3452791666666667,,
spatial,across,word,500,232,0.0045,0.000514047677015483,0.0032511229705750244,40,0.5427511111111111,0.36411499999999997,,
spatial,across,word,500,233,0.005583333333333333,0.0006013695196343918,0.0038033947948920535,40,0.5158975,0.3468725,,
spatial,across,word,500,234,0.004,0.0004653216269680751,0.002942952371508696,40,0.5175833333333333,0.3518261111111111,,
spatial,across,word,500,235,0.004666666666666667,0.0005699002761767403,0.003604365823754991,40,0.5258119444444443,0.33891583333333325,,
spatial,across,word,500,236,0.0035000000000000005,0.00047666337934435156,0.0030146839118420175,40,0.5102705555555557,0.34339083333333337,,
spatial,across,word,500,237,0.004333333333333333,0.0004168802871199042,0.0026365824378477057,40,0.5060841666666667,0.3506644444444444,,
spatial,across,word,500,238,0.006333333333333334,0.0005943705521611524,0.003759129437922314,40,0.5479311111111111,0.34627361111111105,,
spatial,across,word,500,239,0.00525,0.0006414848782339682,0.0040571065995502215,40,0.5522436111111112,0.3487088888888889,,
spatial,across,word,500,240,0.00425,0.0005335936864527374,0.0033747427885527648,40,0.5074913888888888,0.3470244444444444,,
spatial,across,word,500,241,0.002833333333333333,0.0004706484585228889,0.0029766422123592316,40,0.5396522222222223,0.34835666666666676,,
spatial,across,word,500,242,0.003999999999999999,0.0005495400822454191,0.0034755966509035655,40,0.5328141666666667,0.3501066666666667,,
spatial,across,word,500,243,0.0023333333333333335,0.00032025630761017425,0.002025478734167333,40,0.5198766666666665,0.3392377777777778,,
spatial,across,word,500,244,0.007916666666666666,0.0007518969363210644,0.004755413768954297,40,0.5297791666666666,0.34915555555555555,,
spatial,across,word,500,245,0.004583333333333333,0.0005808861979155425,0.0036738468935369364,40,0.5587327777777779,0.32863805555555553,,
spatial,across,word,500,246,0.005916666666666667,0.0005784287095915728,0.0036583043726829078,40,0.5522069444444446,0.34480861111111105,,
spatial,across,word,500,247,0.0055,0.0005913671446023187,0.003740134220666952,40,0.5412538888888889,0.3234244444444444,,
spatial,across,word,500,248,0.003,0.00044337478117411743,0.002804148331177911,40,0.5485372222222222,0.3473325,,
spatial,across,word,500,249,0.0041666666666666675,0.0005168113941217019,0.003268602252303067,40,0.5270827777777777,0.3463827777777778,,
spatial,across,word,500,250,0.004416666666666667,0.0005894067228156503,0.003727735424625975,40,0.5228927777777777,0.34712972222222216,,
spatial,across,word,500,251,0.005333333333333334,0.0006515377383555189,0.004120686469516576,40,0.5402552777777778,0.3584633333333333,,
spatial,across,word,500,252,0.005083333333333334,0.0006643924886069821,0.004201987048611068,40,0.5317425,0.337175,,
spatial,across,word,500,253,0.005583333333333333,0.0006470126398497606,0.004092067233686935,40,0.5576047222222222,0.3451911111111111,,
spatial,across,word,500,254,0.0030833333333333333,0.0005117911677922933,0.003236851553162112,40,0.5044161111111112,0.32956722222222223,,
spatial,across,word,500,255,0.005916666666666667,0.0006025527367540542,0.003810878117021328,40,0.5308730555555556,0.35920805555555557,,
spatial,across,word,500,256,0.004416666666666667,0.0005389065112987853,0.003408344043198855,40,0.5362036111111111,0.33866833333333324,,
spatial,across,word,500,257,0.007250000000000001,0.0005954181656808868,0.0037657551275822065,40,0.5419094444444446,0.3299997222222222,,
spatial,across,word,500,258,0.006666666666666666,0.0006315539556208946,0.003994297930101854,40,0.5131600000000001,0.35623444444444435,,
spatial,across,word,500,259,0.0025833333333333333,0.00043832593994609724,0.0027722166555277,40,0.52021,0.3342741666666666,,
spatial,across,word,500,260,0.004333333333333333,0.0005991446895152781,0.0037893237337253676,40,0.5182033333333333,0.33266805555555556,,
spatial,across,word,500,261,0.005666666666666667,0.0006109168300344762,0.0038637772876778144,40,0.5440980555555555,0.3501347222222222,,
spatial,across,word,500,262,0.004333333333333333,0.0004653216269680751,0.002942952371508696,40,0.5190172222222224,0.3446872222222222,,
spatial,across,word,500,263,0.002916666666666667,0.000399206834693617,0.0025248057102763123,40,0.5029761111111111,0.3324516666666667,,
spatial,across,word,500,264,0.004833333333333334,0.0006195991719677601,0.003918689239544948,40,0.5002122222222221,0.3475902777777778,,
spatial,across,word,500,265,0.003166666666666666,0.0005591762357951763,0.003536541037104265,40,0.547885,0.34024527777777774,,
spatial,across,word,500,266,0.005666666666666667,0.0006449452813645634,0.0040789921105803375,40,0.5530719444444445,0.3411638888888889,,
spatial,across,word,500,267,0.007000000000000001,0.000557262335477027,0.003524436468664519,40,0.5186005555555555,0.3427397222222222,,
spatial,across,word,500,268,0.004,0.0005495400822454191,0.0034755966509035655,40,0.5737116666666667,0.3428897222222222,,
spatial,across,word,500,269,0.004666666666666667,0.0006292943635623921,0.0039800070151264615,40,0.5659036111111111,0.3441894444444443,,
spatial,across,word,500,270,0.00525,0.0007049630731271919,0.004458577954787533,40,0.5423066666666668,0.3454374999999999,,
spatial,across,word,500,271,0.004833333333333334,0.0005462902602399647,0.0034550429718488217,40,0.542411111111111,0.34528416666666667,,
spatial,across,word,500,272,0.004333333333333333,0.0005871365639519861,0.0037133776793067774,40,0.5314555555555556,0.3456855555555556,,
spatial,across,word,500,273,0.006416666666666666,0.0005389065112987853,0.003408344043198855,40,0.5350261111111111,0.3594886111111111,,
spatial,across,word,500,274,0.005,0.0006085806194501846,0.0038490017945975053,40,0.5029433333333333,0.3437125,,
spatial,across,word,500,275,0.006333333333333332,0.0005943705521611524,0.003759129437922314,40,0.5217230555555555,0.35935083333333334,,
spatial,across,word,500,276,0.003333333333333333,0.0004465760847047224,0.0028243951524544115,40,0.5101783333333334,0.3348425,,
spatial,across,word,500,277,0.0059166666666666656,0.0007109992566943675,0.004496754131681843,40,0.5476761111111111,0.34205444444444444,,
spatial,across,word,500,278,0.003,0.0005443310539518174,0.003442651863295482,40,0.5277597222222222,0.32896916666666665,,
spatial,across,word,500,279,0.00525,0.0006302839318575675,0.00398626559455255,40,0.5459083333333334,0.34695527777777774,,
spatial,across,word,500,280,0.004833333333333334,0.0006079951641733012,0.0038452990503112737,40,0.5387294444444445,0.33648,,
spatial,across,word,500,281,0.0055000000000000005,0.0006264584123867621,0.003962070885030416,40,0.55639,0.3224111111111111,,
spatial,across,word,500,282,0.004916666666666667,0.0005467789649092551,0.0034581338115650556,40,0.555553888888889,0.3472163888888889,,
spatial,across,word,500,283,0.0036666666666666666,0.0006178724639975321,0.0039077685794651745,40,0.5231766666666667,0.33581611111111115,,
spatial,across,word,500,284,0.003916666666666667,0.0005833333333333334,0.0036893239368631097,40,0.5069722222222223,0.33313027777777776,,
spatial,across,word,500,285,0.0025,0.0004091196858853377,0.0025875000860206164,40,0.5076108333333333,0.3404641666666667,,
spatial,across,word,500,286,0.006,0.0005229763603684908,0.0033075929223788923,40,0.5357644444444445,0.32830499999999996,,
spatial,across,word,500,287,0.004583333333333333,0.0005808861979155425,0.0036738468935369364,40,0.5534316666666665,0.3349547222222222,,
spatial,across,word,500,288,0.00375,0.0005362566783465032,0.003391585028102495,40,0.5316480555555556,0.3431191666666667,,
spatial,across,word,500,289,0.004833333333333334,0.00061959917196776,0.003918689239544947,40,0.5313983333333334,0.3441658333333333,,
spatial,across,word,500,290,0.002916666666666667,0.0005621932528599516,0.003555622328432836,40,0.5363169444444444,0.33932111111111113,,
spatial,across,word,500,291,0.002833333333333333,0.00045526361293755647,0.002879339905359958,40,0.5376911111111112,0.33673666666666663,,
spatial,across,word,500,292,0.0041666666666666675,0.0006399563731569203,0.004047439484633017,40,0.5287788888888889,0.32404305555555557,,
spatial,across,word,500,293,0.005083333333333334,0.0007059726877843334,0.004464963318538848,40,0.5236944444444445,0.33259138888888884,,
spatial,across,word,500,294,0.004416666666666668,0.0006130989425780422,0.0038775781791747974,40,0.5264227777777778,0.33781055555555556,,
spatial,across,word,500,295,0.003916666666666667,0.0005322571942188482,0.0033662900694843324,40,0.5551483333333335,0.3540088888888889,,
spatial,across,word,500,296,0.0038333333333333336,0.000637726553230424,0.004033336865153501,40,0.5364633333333334,0.3359847222222222,,
spatial,across,word,500,297,0.003833333333333333,0.000566767210788584,0.0035845505783853645,40,0.5469883333333334,0.3376866666666667,,
spatial,across,word,500,298,0.004999999999999999,0.0005847053462046862,0.0036980013081681943,40,0.5407361111111111,0.34933388888888883,,
spatial,across,word,500,299,0.004583333333333333,0.0005808861979155425,0.0036738468935369364,40,0.5314755555555555,0.3395005555555556,,
spatial,across,word,500,300,0.00375,0.00043342372495760464,0.0027412123256407945,40,0.5491691666666667,0.346421111111111,,
spatial,across,word,500,301,0.0025,0.00033226323961410537,0.0021014172398537176,40,0.48463361111111114,0.3310402777777778,,
spatial,across,word,500,302,0.005333333333333333,0.0007240279857964913,0.004579155049641907,40,0.5675580555555555,0.3292686111111111,,
spatial,across,word,500,303,0.0042499999999999994,0.0004772233913401199,0.0030182257386893066,40,0.5511719444444445,0.33888944444444447,,
spatial,across,word,500,304,0.0055,0.0004855460696524952,0.003070862978089291,40,0.5442286111111111,0.33625499999999986,,
spatial,across,word,500,305,0.005416666666666667,0.0005159493228057419,0.003263150034575203,40,0.5144163888888889,0.3570558333333333,,
spatial,across,word,500,306,0.005416666666666667,0.0007229204383014498,0.004572150304239616,40,0.5540922222222221,0.33257888888888887,,
spatial,across,word,500,307,0.005166666666666667,0.0006851081807811226,0.004333004589765487,40,0.5269475000000001,0.3411786111111111,,
spatial,across,word,500,308,0.004666666666666667,0.0005035486605694166,0.0031847213602527527,40,0.498025,0.34510777777777774,,
spatial,across,word,500,309,0.00375,0.0005362566783465032,0.0033915850281024955,40,0.5325575,0.3468780555555555,,
spatial,across,word,500,310,0.004583333333333333,0.0006165742596507072,0.0038995580142565786,40,0.5273719444444445,0.33543222222222224,,
spatial,across,word,500,311,0.0035000000000000005,0.0005056659032384978,0.0031981119786399334,40,0.5139572222222222,0.35750361111111106,,
spatial,across,word,500,312,0.0036666666666666666,0.00047441672090180913,0.003000474796236256,40,0.5344525000000001,0.33836611111111115,,
spatial,across,word,500,313,0.005416666666666667,0.0007613107230914439,0.0048149517841574166,40,0.5467413888888888,0.35248833333333335,,
spatial,across,word,500,314,0.005916666666666667,0.0005659812345252781,0.0035795796280276146,40,0.5338138888888888,0.3677149999999999,,
spatial,across,word,500,315,0.005583333333333333,0.000577196041787598,0.0036505082969650712,40,0.5350041666666667,0.3526102777777778,,
spatial,across,word,500,316,0.004,0.0005091750772173155,0.003220305943597653,40,0.5354197222222222,0.3305827777777778,,
spatial,across,word,500,317,0.00625,0.0006336650053706131,0.004007649381027932,40,0.5399149999999999,0.33879472222222223,,
spatial,across,word,500,318,0.0035000000000000005,0.0004913786640188923,0.0031077515438206536,40,0.529103888888889,0.3412030555555555,,
spatial,across,word,500,319,0.0042499999999999994,0.0006084343084444759,0.003848076442547927,40,0.5298591666666665,0.3318480555555555,,
spatial,across,word,500,320,0.005666666666666666,0.0006666666666666665,0.004216370213557839,40,0.5421436111111111,0.34817722222222225,,
spatial,across,word,500,321,0.0025,0.000569275042553311,0.0036004114991154777,40,0.512285,0.3454425,,
spatial,across,word,500,322,0.0045000000000000005,0.0007410433854676115,0.004686769886159546,40,0.5296194444444444,0.33924583333333336,,
spatial,across,word,500,323,0.004083333333333333,0.0005268773245260372,0.0033322647859959456,40,0.5156930555555556,0.3489458333333333,,
spatial,across,word,500,324,0.0035000000000000005,0.00044577791412086436,0.0028193470784417356,40,0.5339961111111112,0.33582972222222224,,
spatial,across,word,500,325,0.0041666666666666675,0.0004736654667156709,0.0029957234475763905,40,0.49829111111111113,0.33440472222222223,,
spatial,across,word,500,326,0.004583333333333333,0.0004574097142864882,0.0028929130420643255,40,0.5205863888888889,0.3340461111111111,,
spatial,across,word,500,327,0.0032500000000000003,0.0006257474163429115,0.003957574151218542,40,0.5040758333333335,0.3318041666666667,,
spatial,across,word,500,328,0.005166666666666667,0.0005591762357951763,0.003536541037104265,40,0.5164116666666667,0.37427055555555544,,
spatial,across,word,500,329,0.0055,0.0006149838438569978,0.0038894993415869257,40,0.5258141666666667,0.33836888888888883,,
spatial,across,word,500,330,0.006,0.0007081133393917258,0.004478501988051368,40,0.5397980555555556,0.33520527777777775,,
spatial,across,word,500,331,0.00525,0.0005833333333333334,0.0036893239368631097,40,0.5459647222222221,0.33460749999999995,,
spatial,across,word,500,332,0.0038333333333333336,0.0004706484585228889,0.0029766422123592316,40,0.5074102777777777,0.3429688888888888,,
spatial,across,word,500,333,0.0069166666666666664,0.0006896415105730029,0.004361675884819565,40,0.5147258333333333,0.35121861111111113,,
spatial,across,word,500,334,0.003833333333333333,0.0004552636129375566,0.0028793399053599583,40,0.5023116666666666,0.3412491666666666,,
spatial,across,word,500,335,0.004999999999999999,0.0006201736729460423,0.003922322702763681,40,0.5477083333333334,0.3413855555555555,,
spatial,across,word,500,336,0.006666666666666666,0.0005847053462046862,0.0036980013081681943,40,0.5065652777777778,0.35153749999999995,,
spatial,across,word,500,337,0.00425,0.0005722388181146617,0.003619156061610303,40,0.5700944444444443,0.32964138888888883,,
spatial,across,word,500,338,0.003083333333333333,0.0004976798018658033,0.00314760343871451,40,0.5195677777777779,0.3326511111111111,,
spatial,across,word,500,339,0.0030833333333333333,0.00046818282400698627,0.0029610481704636735,40,0.5124905555555556,0.34425805555555555,,
spatial,across,word,500,340,0.00475,0.0005454747794744822,0.003449885418634857,40,0.5195288888888888,0.33301083333333326,,
spatial,across,word,500,341,0.004583333333333333,0.0006280197703168524,0.003971945779634118,40,0.5571886111111112,0.3393966666666667,,
spatial,across,word,500,342,0.0034166666666666664,0.0005131809630673188,0.003245641390262953,40,0.517663611111111,0.33246194444444443,,
spatial,across,word,500,343,0.003333333333333333,0.0004465760847047224,0.0028243951524544115,40,0.5027005555555555,0.3393758333333333,,
spatial,across,word,500,344,0.00375,0.000494809238329462,0.0031294484008283783,40,0.5137016666666667,0.3384297222222222,,
spatial,across,word,500,345,0.005166666666666667,0.0004913786640188924,0.0031077515438206545,40,0.5118622222222221,0.3483197222222222,,
spatial,across,word,500,346,0.0034166666666666664,0.000565981234525278,0.003579579628027614,40,0.5205094444444445,0.3240611111111111,,
spatial,across,word,500,347,0.0055,0.0008055187141590186,0.005094547669265246,40,0.5089980555555556,0.33194305555555553,,
spatial,across,word,500,348,0.0037500000000000007,0.000522806092950542,0.003306516056674825,40,0.5285505555555556,0.3283641666666666,,
spatial,across,word,500,349,0.00575,0.0005596536881967729,0.0035395607112309897,40,0.5049952777777778,0.36062,,
spatial,across,word,500,350,0.006333333333333332,0.0007529618628798984,0.004762148955887739,40,0.5506469444444445,0.34135888888888893,,
spatial,across,word,500,351,0.004416666666666667,0.0005389065112987853,0.003408344043198855,40,0.5294922222222221,0.3644069444444444,,
spatial,across,word,500,352,0.002416666666666667,0.00039562241344126857,0.002502135839774444,40,0.4915913888888889,0.33713666666666664,,
spatial,across,word,500,353,0.0025,0.0004736654667156709,0.0029957234475763905,40,0.5138516666666667,0.3432049999999999,,
spatial,across,word,500,354,0.003916666666666667,0.0005187029077928006,0.003280565235155104,40,0.5278113888888888,0.3354188888888888,,
spatial,across,word,500,355,0.003166666666666666,0.0004913786640188923,0.0031077515438206536,40,0.5131752777777778,0.3545094444444444,,
spatial,across,word,500,356,0.0030833333333333333,0.0005389065112987853,0.003408344043198855,40,0.5188591666666665,0.3554033333333333,,
spatial,across,word,500,357,0.0036666666666666666,0.0005175000172041232,0.003272957487082702,40,0.5241591666666666,0.32847638888888886,,
spatial,across,word,500,358,0.006083333333333334,0.0006414848782339682,0.0040571065995502215,40,0.5278888888888889,0.3212213888888889,,
spatial,across,word,500,359,0.0028333333333333335,0.0005410499447694665,0.003421900306759639,40,0.5069663888888889,0.3298641666666667,,
spatial,across,word,500,360,0.0030833333333333333,0.0004366979828269512,0.002761920550668525,40,0.5314697222222222,0.3409613888888889,,
spatial,across,word,500,361,0.006500000000000001,0.0007912448268825371,0.005004271679548888,40,0.5675472222222223,0.3475980555555555,,
spatial,across,word,500,362,0.0032500000000000003,0.00038651595943063843,0.002444541567612111,40,0.554216388888889,0.3138611111111111,,
spatial,across,word,500,363,0.0034166666666666664,0.00043832593994609713,0.0027722166555276995,40,0.5059208333333334,0.3391063888888889,,
spatial,across,word,500,364,0.0036666666666666666,0.0003540566696958629,0.002239250994025684,40,0.5381116666666668,0.3479022222222222,,
spatial,across,word,500,365,0.006,0.0006338054920158089,0.0040085378965872415,40,0.53874,0.3404711111111111,,
spatial,across,word,500,366,0.0032500000000000003,0.00045428476077747075,0.0028731491007230646,40,0.509466111111111,0.36263305555555553,,
spatial,across,word,500,367,0.003333333333333333,0.00047740991602628855,0.0030194054243855885,40,0.5177233333333333,0.3344094444444445,,
spatial,across,word,500,368,0.0035833333333333333,0.0006246081392643932,0.003950368730310261,40,0.5129747222222223,0.34563333333333335,,
spatial,across,word,500,369,0.0041666666666666675,0.0006287281966789348,0.003976426261351493,40,0.5428613888888889,0.3383238888888888,,
spatial,across,word,500,370,0.00425,0.0005200742331410084,0.0032892382581820247,40,0.5290255555555555,0.3347402777777778,,
spatial,across,word,500,371,0.00275,0.00039381796885438406,0.002490723530162211,40,0.5162047222222222,0.3397119444444444,,
spatial,across,word,500,372,0.0045,0.0005913671446023187,0.003740134220666952,40,0.4999402777777777,0.3427411111111111,,
spatial,across,word,500,373,0.003916666666666667,0.0005833333333333334,0.0036893239368631097,40,0.5239394444444445,0.3369797222222223,,
spatial,across,word,500,374,0.0036666666666666666,0.00045915815448079636,0.002903971148797528,40,0.5241977777777779,0.34516361111111105,,
spatial,across,word,500,375,0.004083333333333333,0.0005268773245260372,0.0033322647859959456,40,0.5310569444444445,0.34210333333333337,,
spatial,across,word,500,376,0.005583333333333333,0.0005117911677922933,0.003236851553162112,40,0.5553544444444445,0.3320519444444444,,
spatial,across,word,500,377,0.0032500000000000003,0.0005131809630673188,0.003245641390262953,40,0.5036175,0.33770694444444443,,
spatial,across,word,500,378,0.0036666666666666666,0.0004891995904702285,0.0030939698726150473,40,0.5393952777777778,0.3375363888888888,,
spatial,across,word,500,379,0.004916666666666667,0.0005335936864527374,0.0033747427885527643,40,0.5567930555555557,0.3408786111111112,,
spatial,across,word,500,380,0.004333333333333333,0.0006558958989042623,0.004148249897002013,40,0.538578611111111,0.3357708333333333,,
spatial,across,word,500,381,0.005166666666666667,0.0005717718748968656,0.003616202853397895,40,0.5233447222222222,0.3518955555555555,,
spatial,across,word,500,382,0.006166666666666667,0.000626458412386762,0.003962070885030415,40,0.5522350000000001,0.3533075,,
spatial,across,word,500,383,0.002833333333333333,0.00043934034986550346,0.002778632347180483,40,0.5116944444444445,0.33693138888888885,,
spatial,across,word,500,384,0.005333333333333334,0.0006062354060275328,0.0038341693625679476,40,0.5691866666666666,0.3425141666666667,,
spatial,across,word,500,385,0.003166666666666667,0.00047666337934435156,0.0030146839118420175,40,0.5081372222222222,0.3440697222222222,,
spatial,across,word,500,386,0.004333333333333333,0.0005364226763936138,0.0033926348919345135,40,0.5211913888888889,0.3456086111111111,,
spatial,across,word,500,387,0.00575,0.0007059726877843334,0.004464963318538848,40,0.5045708333333333,0.3391755555555555,,
spatial,across,word,500,388,0.004,0.0006109168300344762,0.0038637772876778144,40,0.5154505555555555,0.33006416666666666,,
spatial,across,word,500,389,0.0045000000000000005,0.0004228178434916492,0.002674134841588425,40,0.5394808333333334,0.3584613888888889,,
spatial,across,word,500,390,0.0029166666666666664,0.0004166666666666666,0.002635231383473649,40,0.4932863888888888,0.3342894444444444,,
spatial,across,word,500,391,0.003166666666666666,0.0004913786640188923,0.0031077515438206536,40,0.5020952777777777,0.3304530555555555,,
spatial,across,word,500,392,0.004666666666666667,0.0006623793767520534,0.004189255011318546,40,0.5238236111111112,0.3295733333333334,,
spatial,across,word,500,393,0.00375,0.000399206834693617,0.0025248057102763123,40,0.5003238888888889,0.34775111111111107,,
spatial,across,word,500,394,0.004,0.0006558958989042623,0.004148249897002013,40,0.5133827777777777,0.3354358333333333,,
spatial,across,word,500,395,0.002916666666666667,0.0005228060929505421,0.0033065160566748252,40,0.504096388888889,0.3327097222222222,,
spatial,across,word,500,396,0.005583333333333333,0.0007678317049103449,0.0048561940944139665,40,0.5499355555555556,0.37038083333333327,,
spatial,across,word,500,397,0.004916666666666666,0.000596613185780614,0.0037733130983118456,40,0.5208497222222223,0.35559472222222216,,
spatial,across,word,500,398,0.0045,0.0007015448967566096,0.004436959509237118,40,0.5587436111111111,0.3264411111111111,,
spatial,across,word,500,399,0.0035000000000000005,0.0005717718748968656,0.003616202853397895,40,0.5278469444444445,0.34360638888888884,,
spatial,across,word,500,400,0.0035000000000000005,0.0004614791034954486,0.0029186501192363773,40,0.5100611111111111,0.3309586111111111,,
spatial,across,word,500,401,0.002666666666666667,0.0004168802871199042,0.0026365824378477057,40,0.5025955555555555,0.33911277777777776,,
spatial,across,word,500,402,0.003999999999999999,0.000622466374565235,0.003936823020987291,40,0.5101730555555556,0.3370425,,
spatial,across,word,500,403,0.0036666666666666666,0.0005310850045437943,0.003358876491038526,40,0.4930244444444445,0.34411638888888885,,
spatial,across,word,500,404,0.005,0.0005337605126836238,0.003375797890278889,40,0.5244583333333332,0.33383444444444443,,
spatial,across,word,500,405,0.003916666666666667,0.00046051346296568745,0.0029125428722863436,40,0.5234530555555555,0.3393022222222222,,
spatial,across,word,500,406,0.00375,0.0006557601448101031,0.004147391312723541,40,0.49167055555555556,0.32705166666666663,,
spatial,across,word,500,407,0.006083333333333334,0.0005954181656808868,0.0037657551275822065,40,0.5613975,0.3425047222222222,,
spatial,across,word,500,408,0.003,0.0005822639771026017,0.0036825607342247002,40,0.5087002777777777,0.33333083333333335,,
spatial,across,word,500,409,0.004,0.0004653216269680751,0.002942952371508696,40,0.5414916666666667,0.33855305555555554,,
spatial,across,word,500,410,0.003916666666666667,0.0005709927876363795,0.003611275472919581,40,0.5223572222222223,0.3363202777777777,,
spatial,across,word,500,411,0.005083333333333334,0.0005200742331410084,0.0032892382581820243,40,0.5488788888888889,0.3531533333333333,,
spatial,across,word,500,412,0.004,0.0005871365639519861,0.0037133776793067774,40,0.5280616666666667,0.3357227777777778,,
spatial,across,word,500,413,0.0036666666666666666,0.0004591581544807963,0.0029039711487975277,40,0.5121263888888888,0.3332630555555555,,
spatial,across,word,500,414,0.002833333333333333,0.0004228178434916492,0.002674134841588425,40,0.5281472222222223,0.34612388888888884,,
spatial,across,word,500,415,0.0035833333333333333,0.0005894067228156503,0.003727735424625975,40,0.5216697222222223,0.33012305555555554,,
spatial,across,word,500,416,0.0036666666666666666,0.0005443310539518173,0.0034426518632954817,40,0.49944694444444443,0.34210250000000003,,
spatial,across,word,500,417,0.00425,0.0005061938301996516,0.0032014508819108484,40,0.5398869444444445,0.32592333333333334,,
spatial,across,word,500,418,0.0019166666666666666,0.0003351977772264456,0.002119976885322572,40,0.49652222222222225,0.34831111111111107,,
spatial,across,word,500,419,0.003083333333333333,0.0004366979828269512,0.002761920550668525,40,0.5349508333333334,0.33956,,
spatial,across,word,500,420,0.003833333333333333,0.0005410499447694665,0.003421900306759639,40,0.5191219444444445,0.3529163888888888,,
spatial,across,word,500,421,0.00425,0.0005467789649092551,0.0034581338115650556,40,0.5268091666666667,0.33955972222222225,,
spatial,across,word,500,422,0.0030833333333333333,0.0004976798018658033,0.00314760343871451,40,0.5214294444444445,0.3372813888888889,,
spatial,across,word,500,423,0.003999999999999999,0.0006338054920158089,0.0040085378965872415,40,0.5273208333333332,0.3410266666666667,,
spatial,across,word,500,424,0.0045000000000000005,0.0005,0.0031622776601683794,40,0.5105797222222224,0.33604,,
spatial,across,word,500,425,0.005166666666666667,0.0008264674422192523,0.005227039058772885,40,0.5107313888888889,0.3297191666666667,,
spatial,across,word,500,426,0.004583333333333333,0.0005428570089754135,0.0034333291842975513,40,0.5076341666666666,0.34244638888888884,,
spatial,across,word,500,427,0.005166666666666667,0.0005330928945203023,0.0033715755022721006,40,0.5266375,0.3387930555555555,,
spatial,across,word,500,428,0.0034166666666666664,0.00043832593994609713,0.0027722166555276995,40,0.5139094444444445,0.3384561111111111,,
spatial,across,word,500,429,0.0023333333333333335,0.0004653216269680752,0.0029429523715086966,40,0.5212280555555556,0.33441499999999996,,
spatial,across,word,500,430,0.003083333333333333,0.0005117911677922933,0.003236851553162112,40,0.5164497222222222,0.3319633333333333,,
spatial,across,word,500,431,0.0025833333333333333,0.0003477133279075716,0.002199132177969832,40,0.5095527777777777,0.3420672222222222,,
spatial,across,word,500,432,0.002916666666666667,0.0004801990921390503,0.0030370457230089122,40,0.5233594444444444,0.33473666666666657,,
spatial,across,word,500,433,0.0035000000000000005,0.0005591762357951763,0.0035365410371042644,40,0.5140316666666667,0.3300588888888889,,
spatial,across,word,500,434,0.005666666666666667,0.000677266165321625,0.004283407329168959,40,0.5198952777777779,0.3338577777777777,,
spatial,across,word,500,435,0.002416666666666667,0.00041323372110962616,0.0026135195293864426,40,0.5186494444444445,0.3288830555555555,,
spatial,across,word,500,436,0.005416666666666667,0.0006718548123582125,0.004249182927993988,40,0.4914791666666667,0.3363041666666667,,
spatial,across,word,500,437,0.0042499999999999994,0.0005467789649092551,0.0034581338115650556,40,0.4951813888888889,0.3414397222222222,,
spatial,across,word,500,438,0.004333333333333333,0.0007181013268818792,0.004541671567471675,40,0.5272319444444443,0.3641727777777778,,
spatial,across,word,500,439,0.0032500000000000003,0.00046970166927493256,0.0029706541913838316,40,0.5170077777777777,0.3450916666666667,,
spatial,across,word,500,440,0.0034166666666666664,0.00045428476077747075,0.0028731491007230646,40,0.5085333333333333,0.3450816666666666,,
spatial,across,word,500,441,0.003,0.0005035486605694166,0.0031847213602527527,40,0.4862549999999999,0.33350638888888884,,
spatial,across,word,500,442,0.004333333333333333,0.000677266165321625,0.004283407329168959,40,0.5334069444444445,0.330785,,
spatial,across,word,500,443,0.0041666666666666675,0.0005168113941217019,0.0032686022523030676,40,0.5329044444444444,0.3344355555555555,,
spatial,across,word,500,444,0.0036666666666666666,0.0005822639771026016,0.0036825607342247,40,0.5125469444444445,0.3229672222222222,,
spatial,across,word,500,445,0.004416666666666667,0.0005117911677922935,0.0032368515531621123,40,0.5347286111111111,0.3366311111111111,,
spatial,across,word,500,446,0.0035833333333333333,0.0005389065112987853,0.003408344043198855,40,0.5151513888888889,0.33302388888888884,,
spatial,across,word,500,447,0.005416666666666667,0.0005930209011272614,0.0037505934952953204,40,0.5191313888888889,0.3490502777777778,,
spatial,across,word,500,448,0.003166666666666667,0.00047666337934435156,0.0030146839118420175,40,0.4940930555555555,0.340445,,
spatial,across,word,500,449,0.00275,0.00044477818665896303,0.0028130242468036807,40,0.48582305555555544,0.32854333333333335,,
spatial,across,word,500,450,0.004333333333333333,0.00048038446141526135,0.003038218101251,40,0.5166744444444445,0.3292444444444444,,
spatial,across,word,500,451,0.003916666666666667,0.0005454747794744824,0.0034498854186348574,40,0.5151441666666665,0.3431705555555556,,
spatial,across,word,500,452,0.002666666666666667,0.00038118124993124375,0.0024108019022652635,40,0.5236822222222223,0.33815472222222226,,
spatial,across,word,500,453,0.0042499999999999994,0.0005722388181146617,0.003619156061610303,40,0.5356202777777778,0.3349266666666667,,
spatial,across,word,500,454,0.0019166666666666666,0.0003558125406763569,0.0022503560971771923,40,0.5070713888888889,0.34200138888888887,,
spatial,across,word,500,455,0.004,0.0005623515948579822,0.003556623771158913,40,0.5001583333333335,0.32995583333333334,,
spatial,across,word,500,456,0.00375,0.0005362566783465032,0.003391585028102495,40,0.5444894444444446,0.3373777777777778,,
spatial,across,word,500,457,0.003916666666666667,0.0004904718932443306,0.003102016621894074,40,0.5282344444444445,0.34292194444444446,,
spatial,across,word,500,458,0.0035000000000000005,0.00047666337934435156,0.0030146839118420175,40,0.5189802777777777,0.325855,,
spatial,across,word,500,459,0.005,0.000716114874039433,0.004529108136578384,40,0.5448255555555556,0.32334111111111113,,
spatial,across,word,500,460,0.0032500000000000003,0.0006025527367540542,0.003810878117021328,40,0.5136897222222223,0.34549916666666664,,
spatial,across,word,500,461,0.005166666666666667,0.0006195991719677601,0.003918689239544948,40,0.56518,0.32603166666666666,,
spatial,across,word,500,462,0.004,0.0006338054920158089,0.0040085378965872415,40,0.5228966666666667,0.3334769444444444,,
spatial,across,word,500,463,0.004333333333333333,0.0005229763603684908,0.0033075929223788923,40,0.5275091666666667,0.34360611111111117,,
spatial,across,word,500,464,0.003333333333333334,0.0005202453946507077,0.0032903207786188307,40,0.5053047222222222,0.3434711111111111,,
spatial,across,word,500,465,0.008666666666666666,0.0007529618628798984,0.004762148955887739,40,0.5462194444444444,0.35208416666666664,,
spatial,across,word,500,466,0.0045,0.000566767210788584,0.0035845505783853645,40,0.52091,0.33888972222222224,,
spatial,across,word,500,467,0.004583333333333333,0.0005019548679499876,0.003174641330662029,40,0.5276013888888889,0.34111166666666665,,
spatial,across,word,500,468,0.005,0.0005967623950328606,0.0037742567804819856,40,0.5102419444444445,0.35653999999999997,,
spatial,across,word,500,469,0.0041666666666666675,0.0006287281966789348,0.003976426261351493,40,0.4996894444444445,0.34065388888888887,,
spatial,across,word,500,470,0.0041666666666666675,0.0006056476837313231,0.0038304522803925744,40,0.49894944444444445,0.32573861111111113,,
spatial,across,word,500,471,0.0037500000000000007,0.0005989960736902173,0.0037883838047182935,40,0.5074680555555556,0.33464194444444445,,
spatial,across,word,500,472,0.004,0.0005364226763936138,0.003392634891934514,40,0.5317602777777777,0.31417027777777784,,
spatial,across,word,500,473,0.003833333333333333,0.0005791977947731548,0.003663168494459874,40,0.5209852777777778,0.3480955555555555,,
spatial,across,word,500,474,0.0017500000000000003,0.00037718971323735714,0.0023855572076316237,40,0.494063611111111,0.3330980555555556,,
spatial,across,word,500,475,0.004416666666666668,0.0005117911677922935,0.0032368515531621123,40,0.5331294444444443,0.34455694444444446,,
spatial,across,word,500,476,0.0035000000000000005,0.0005591762357951763,0.0035365410371042644,40,0.5199608333333333,0.33405666666666667,,
spatial,across,word,500,477,0.00575,0.0004772233913401199,0.0030182257386893066,40,0.501115,0.3597494444444444,,
spatial,across,word,500,478,0.0037500000000000007,0.000494809238329462,0.0031294484008283783,40,0.5096733333333334,0.3365075,,
spatial,across,word,500,479,0.00625,0.0005493780477196366,0.0034745718545814495,40,0.5222894444444444,0.3517833333333332,,
spatial,across,word,500,480,0.0035000000000000005,0.00047666337934435156,0.0030146839118420175,40,0.5022786111111112,0.35479416666666663,,
spatial,across,word,500,481,0.003333333333333333,0.0005723943812052382,0.0036201399289824566,40,0.5425519444444443,0.34123583333333335,,
spatial,across,word,500,482,0.003916666666666667,0.0005187029077928006,0.003280565235155104,40,0.5081588888888889,0.3533744444444443,,
spatial,across,word,500,483,0.003333333333333334,0.0005337605126836238,0.003375797890278889,40,0.5104319444444445,0.33107972222222226,,
spatial,across,word,500,484,0.003166666666666666,0.0004614791034954486,0.0029186501192363773,40,0.5116447222222222,0.3528058333333333,,
spatial,across,word,500,485,0.0045,0.0005913671446023187,0.003740134220666952,40,0.5045822222222223,0.35300027777777776,,
spatial,across,word,500,486,0.003166666666666666,0.0005195604102922199,0.0032859885571500085,40,0.5277880555555556,0.3367766666666666,,
spatial,across,word,500,487,0.0035000000000000005,0.0004614791034954486,0.0029186501192363773,40,0.5280627777777778,0.33582722222222217,,
spatial,across,word,500,488,0.003833333333333333,0.0005410499447694665,0.003421900306759639,40,0.5334458333333334,0.3335536111111111,,
spatial,across,word,500,489,0.00475,0.0005322571942188483,0.003366290069484333,40,0.5301705555555556,0.33893611111111105,,
spatial,across,word,500,490,0.0034166666666666664,0.0005131809630673188,0.003245641390262953,40,0.5064261111111111,0.32787527777777775,,
spatial,across,word,500,491,0.0034166666666666664,0.0004991088925371763,0.003156641801723386,40,0.49260722222222225,0.33119194444444444,,
spatial,across,word,500,492,0.0026666666666666666,0.0005091750772173156,0.0032203059435976533,40,0.506733611111111,0.33096194444444443,,
spatial,across,word,500,493,0.003333333333333333,0.0005202453946507077,0.0032903207786188302,40,0.4912719444444445,0.3353455555555555,,
spatial,across,word,500,494,0.0028333333333333335,0.000566767210788584,0.0035845505783853645,40,0.5124802777777777,0.3331844444444444,,
spatial,across,word,500,495,0.0041666666666666675,0.0005168113941217019,0.003268602252303067,40,0.521138611111111,0.3329505555555555,,
spatial,across,word,500,496,0.0037500000000000007,0.0005090001931052645,0.0032191998793563385,40,0.5307222222222223,0.34308555555555553,,
spatial,across,word,500,497,0.00425,0.0005467789649092551,0.0034581338115650556,40,0.5359075,0.33586472222222225,,
spatial,across,word,500,498,0.0028333333333333335,0.0005410499447694665,0.003421900306759639,40,0.4743975000000001,0.34448972222222213,,
spatial,across,word,500,499,0.0041666666666666675,0.000569275042553311,0.003600411499115478,40,0.5030261111111111,0.33255944444444446,,
spatial,across,word,700,0,0.005,0.0006085806194501846,0.0038490017945975053,40,0.5603936111111111,0.34633722222222224,,
spatial,across,word,700,1,0.006083333333333334,0.0005454747794744822,0.003449885418634857,40,0.5432833333333333,0.37918138888888886,,
spatial,across,word,700,2,0.0036666666666666666,0.0006062354060275328,0.0038341693625679476,40,0.520538611111111,0.3590775,,
spatial,across,word,700,3,0.004083333333333333,0.0004991088925371763,0.003156641801723386,40,0.5450038888888888,0.35786944444444446,,
spatial,across,word,700,4,0.0052499999999999995,0.0005709927876363795,0.003611275472919581,40,0.5574661111111111,0.34524388888888885,,
spatial,across,word,700,5,0.005333333333333333,0.0005822639771026016,0.0036825607342247,40,0.5532158333333335,0.37005388888888885,,
spatial,across,word,700,6,0.0041666666666666675,0.0006509909168253992,0.004117228066498983,40,0.5765308333333334,0.3291233333333333,,
spatial,across,word,700,7,0.006500000000000001,0.0006309898162000304,0.003990729999126216,40,0.56357,0.36851333333333336,,
spatial,across,word,700,8,0.004916666666666666,0.00046205751914361377,0.0029223083410013463,40,0.5304277777777777,0.3791616666666667,,
spatial,across,word,700,9,0.00425,0.0004463766758603509,0.002823133980186819,40,0.5401955555555557,0.34765694444444445,,
spatial,across,word,700,10,0.0041666666666666675,0.0004091196858853377,0.0025875000860206164,40,0.5365172222222222,0.3806288888888889,,
spatial,across,word,700,11,0.006666666666666666,0.0004921028776234113,0.0031123318728261753,40,0.5696366666666668,0.36678861111111105,,
spatial,across,word,700,12,0.0045,0.0004855460696524952,0.003070862978089291,40,0.5387322222222222,0.36527,,
spatial,across,word,700,13,0.005833333333333334,0.000661841512776426,0.004185853260849874,40,0.49987055555555565,0.3348861111111111,,
spatial,across,word,700,14,0.003916666666666667,0.0005833333333333333,0.0036893239368631092,40,0.5157038888888889,0.3452194444444445,,
spatial,across,word,700,15,0.0042499999999999994,0.0004772233913401199,0.0030182257386893066,40,0.5577866666666667,0.35298444444444443,,
spatial,across,word,700,16,0.006666666666666666,0.0006645264792282107,0.004202834479707435,40,0.5529588888888889,0.3735844444444444,,
spatial,across,word,700,17,0.0041666666666666675,0.000569275042553311,0.0036004114991154777,40,0.5403247222222223,0.34635,,
spatial,across,word,700,18,0.0045,0.00048554606965249525,0.0030708629780892916,40,0.5305061111111111,0.3518872222222222,,
spatial,across,word,700,19,0.004333333333333333,0.00048038446141526145,0.0030382181012510003,40,0.5407255555555556,0.3349997222222222,,
spatial,across,word,700,20,0.007166666666666667,0.00072156446049904,0.004563574347615127,40,0.5378697222222223,0.3722908333333333,,
spatial,across,word,700,21,0.00475,0.0005709927876363795,0.003611275472919581,40,0.5476091666666667,0.3561463888888889,,
spatial,across,word,700,22,0.005166666666666667,0.0006421784505829842,0.004061493136240229,40,0.5596941666666668,0.3330258333333333,,
spatial,across,word,700,23,0.005083333333333333,0.0006084343084444759,0.003848076442547927,40,0.5293030555555556,0.3692647222222222,,
spatial,across,word,700,24,0.0059166666666666656,0.0005532537786493135,0.0034990841292529317,40,0.5425122222222223,0.3424083333333333,,
spatial,across,word,700,25,0.004333333333333333,0.0005495400822454191,0.0034755966509035655,40,0.5028044444444445,0.37324861111111113,,
spatial,across,word,700,26,0.005,0.0006201736729460423,0.003922322702763681,40,0.536296388888889,0.335155,,
spatial,across,word,700,27,0.0037500000000000007,0.000399206834693617,0.0025248057102763123,40,0.5109366666666666,0.36975444444444444,,
spatial,across,word,700,28,0.00425,0.0004772233913401199,0.0030182257386893066,40,0.5342108333333334,0.3388211111111111,,
spatial,across,word,700,29,0.0038333333333333336,0.0004228178434916492,0.002674134841588425,40,0.5130222222222222,0.3428572222222222,,
spatial,across,word,700,30,0.0036666666666666666,0.0005443310539518173,0.0034426518632954817,40,0.5320736111111112,0.32902611111111113,,
spatial,across,word,700,31,0.004583333333333333,0.000604912227863517,0.0038258008490709683,40,0.5509333333333334,0.3573369444444444,,
spatial,across,word,700,32,0.004416666666666667,0.0006246081392643932,0.003950368730310261,40,0.49004277777777777,0.3577772222222222,,
spatial,across,word,700,33,0.003916666666666667,0.0004757285610699276,0.0030087716019509612,40,0.48483722222222225,0.3520358333333334,,
spatial,across,word,700,34,0.004333333333333333,0.00044975460228796133,0.002844497862746269,40,0.48062916666666666,0.360815,,
spatial,across,word,700,35,0.00525,0.0006633195892576048,0.004195201437322779,40,0.5366566666666668,0.3540916666666666,,
spatial,across,word,700,36,0.0055000000000000005,0.0004706484585228889,0.0029766422123592316,40,0.5652508333333334,0.32200388888888887,,
spatial,across,word,700,37,0.0037500000000000007,0.0005090001931052645,0.0032191998793563385,40,0.47895861111111115,0.35962388888888885,,
spatial,across,word,700,38,0.006916666666666668,0.0005117911677922933,0.003236851553162112,40,0.5583686111111111,0.3885161111111112,,
spatial,across,word,700,39,0.004416666666666667,0.0005519648921491675,0.003490932495281123,40,0.5092736111111111,0.3496891666666666,,
spatial,across,word,700,40,0.004583333333333333,0.0005808861979155425,0.0036738468935369364,40,0.5519788888888888,0.3379197222222222,,
spatial,across,word,700,41,0.004083333333333333,0.0005659812345252781,0.0035795796280276146,40,0.5693038888888889,0.3490025,,
spatial,across,word,700,42,0.003833333333333333,0.00048554606965249525,0.0030708629780892916,40,0.5452663888888889,0.3328141666666667,,
spatial,across,word,700,43,0.007000000000000001,0.0004891995904702285,0.0030939698726150473,40,0.6847558333333333,0.3494427777777777,,
spatial,across,word,700,44,0.008083333333333335,0.0005583795745617396,0.003531502509061826,40,0.6712616666666668,0.3492680555555555,,
spatial,across,word,700,45,0.008166666666666666,0.0005840959605818988,0.003694147215085458,40,0.6640616666666668,0.3796872222222222,,
spatial,across,word,700,46,0.007750000000000002,0.0005389065112987853,0.003408344043198855,40,0.6626205555555555,0.3598669444444445,,
spatial,across,word,700,47,0.005916666666666666,0.000540226553720501,0.0034166927245201863,40,0.6471644444444445,0.38406416666666665,,
spatial,across,word,700,48,0.006500000000000001,0.0005330928945203023,0.0033715755022721006,40,0.6640916666666666,0.3482341666666666,,
spatial,across,word,700,49,0.006666666666666666,0.0005723943812052382,0.0036201399289824566,40,0.6319400000000001,0.3777975,,
spatial,across,word,700,50,0.007666666666666666,0.00036201399289824567,0.0022895775248209533,40,0.6595555555555556,0.3932447222222222,,
spatial,across,word,700,51,0.008749999999999999,0.0006823737268783896,0.004315710384786742,40,0.6701769444444445,0.3500508333333333,,
spatial,across,word,700,52,0.006666666666666668,0.0003580574370197165,0.002264554068289192,40,0.6469227777777778,0.3806916666666667,,
spatial,across,word,700,53,0.009333333333333334,0.0007376717048657512,0.004665445505670575,40,0.6917850000000001,0.3454763888888889,,
spatial,across,word,700,54,0.007333333333333333,0.0004336290903919939,0.0027425111706914744,40,0.6034244444444444,0.3860461111111111,,
spatial,across,word,700,55,0.007333333333333333,0.0005748776656683841,0.0036358455989457554,40,0.6547572222222222,0.35357416666666663,,
spatial,across,word,700,56,0.006833333333333333,0.0006309898162000304,0.003990729999126216,40,0.61806,0.367925,,
spatial,across,word,700,57,0.006,0.0004653216269680751,0.002942952371508696,40,0.6649952777777778,0.3713836111111111,,
spatial,across,word,700,58,0.00525,0.00031322920619338105,0.001981035442515208,40,0.6384597222222222,0.37333888888888883,,
spatial,across,word,700,59,0.00825,0.0006314129680188206,0.003993406246213056,40,0.5731908333333335,0.35613333333333325,,
spatial,across,word,700,60,0.006,0.000599144689515278,0.003789323733725367,40,0.5333169444444443,0.38578527777777777,,
spatial,across,word,700,61,0.007666666666666666,0.0006449452813645634,0.0040789921105803375,40,0.5479319444444445,0.3764813888888888,,
spatial,across,word,700,62,0.0045000000000000005,0.0005277215444626347,0.0033376041016874875,40,0.5709777777777777,0.3480669444444444,,
spatial,across,word,700,63,0.006583333333333334,0.0006906735223894966,0.0043682029006442205,40,0.5539402777777778,0.3664041666666666,,
spatial,across,word,700,64,0.00575,0.0005200742331410084,0.0032892382581820247,40,0.6107363888888889,0.36565777777777775,,
spatial,across,word,700,65,0.0041666666666666675,0.0005566229063100617,0.0035203923635246104,40,0.5479277777777779,0.33038749999999995,,
spatial,across,word,700,66,0.006416666666666668,0.0005519648921491675,0.003490932495281123,40,0.5486422222222224,0.392508611111111,,
spatial,across,word,700,67,0.005916666666666667,0.0006142595663193327,0.0038849186082326862,40,0.5227422222222222,0.3521399999999999,,
spatial,across,word,700,68,0.007166666666666667,0.000680937011532795,0.004306623799103951,40,0.5170822222222222,0.3922158333333333,,
spatial,across,word,700,69,0.005333333333333334,0.0006062354060275328,0.0038341693625679476,40,0.5255922222222222,0.3746205555555554,,
spatial,across,word,700,70,0.0069166666666666664,0.0005117911677922933,0.003236851553162112,40,0.622138888888889,0.35977166666666666,,
spatial,across,word,700,71,0.00625,0.000399206834693617,0.0025248057102763123,40,0.5652191666666668,0.35515805555555546,,
spatial,across,word,700,72,0.006833333333333333,0.0007055942515803596,0.004462569877831597,40,0.5565069444444445,0.3693594444444444,,
spatial,across,word,700,73,0.0042499999999999994,0.0005722388181146617,0.003619156061610303,40,0.5196141666666666,0.35593138888888887,,
spatial,across,word,700,74,0.004833333333333334,0.0005591762357951763,0.003536541037104265,40,0.5317741666666667,0.34580861111111105,,
spatial,across,word,700,75,0.0065833333333333325,0.0004846283858428769,0.0030650590360687827,40,0.5809675000000001,0.3626888888888889,,
spatial,across,word,700,76,0.004916666666666667,0.0006084343084444759,0.0038480764425479273,40,0.5320261111111112,0.3628297222222222,,
spatial,across,word,700,77,0.007416666666666667,0.0006481125346341155,0.004099023579097137,40,0.5382272222222222,0.3533877777777777,,
spatial,across,word,700,78,0.006333333333333332,0.0005035486605694166,0.0031847213602527527,40,0.6496497222222223,0.3327622222222222,,
spatial,across,word,700,79,0.004916666666666666,0.000584553059355846,0.0036970381615681453,40,0.5946330555555556,0.3690694444444444,,
spatial,across,word,700,80,0.00475,0.0005583795745617396,0.0035315025090618263,40,0.5194825000000001,0.3587891666666666,,
spatial,across,word,700,81,0.007166666666666667,0.000637726553230424,0.004033336865153501,40,0.5373288888888889,0.36052,,
spatial,across,word,700,82,0.0055000000000000005,0.0007313687749010652,0.004625582276428709,40,0.5287983333333333,0.37378888888888884,,
spatial,across,word,700,83,0.0075000000000000015,0.000683025780277887,0.004319834332583677,40,0.5274747222222222,0.3748991666666666,,
spatial,across,word,700,84,0.005166666666666667,0.0004913786640188923,0.0031077515438206536,40,0.5534136111111112,0.3541169444444444,,
spatial,across,word,700,85,0.006083333333333333,0.0006947862406725684,0.004394214014942469,40,0.5679369444444446,0.3837211111111111,,
spatial,across,word,700,86,0.004666666666666667,0.0005175000172041232,0.003272957487082702,40,0.5557027777777778,0.3739388888888889,,
spatial,across,word,700,87,0.0055000000000000005,0.0004228178434916492,0.002674134841588425,40,0.5438358333333333,0.41235027777777766,,
spatial,across,word,700,88,0.003916666666666667,0.0005583795745617396,0.0035315025090618263,40,0.5503208333333334,0.3516866666666666,,
spatial,across,word,700,89,0.006333333333333334,0.0004591581544807963,0.0029039711487975277,40,0.5389711111111112,0.3821255555555555,,
spatial,across,word,700,90,0.00375,0.0004166666666666666,0.002635231383473649,40,0.5524047222222223,0.3383058333333333,,
spatial,across,word,700,91,0.005666666666666666,0.0005364226763936138,0.003392634891934514,40,0.5617924999999999,0.3244658333333333,,
spatial,across,word,700,92,0.004333333333333333,0.0005495400822454191,0.0034755966509035655,40,0.5430277777777778,0.37973777777777784,,
spatial,across,word,700,93,0.005833333333333334,0.0006287281966789348,0.003976426261351493,40,0.5390719444444445,0.3669969444444445,,
spatial,across,word,700,94,0.007583333333333333,0.0006643924886069821,0.004201987048611068,40,0.5881705555555555,0.3895341666666666,,
spatial,across,word,700,95,0.006166666666666667,0.00045526361293755647,0.002879339905359958,40,0.5324424999999999,0.39890611111111113,,
spatial,across,word,700,96,0.003916666666666667,0.0005187029077928006,0.003280565235155104,40,0.5530999999999999,0.32739555555555555,,
spatial,across,word,700,97,0.008,0.0005822639771026016,0.0036825607342247,40,0.6438286111111111,0.3652880555555555,,
spatial,across,word,700,98,0.00575,0.0004772233913401199,0.0030182257386893066,40,0.5585138888888889,0.37926388888888884,,
spatial,across,word,700,99,0.007666666666666666,0.0007376717048657515,0.0046654455056705756,40,0.5374525,0.39310833333333334,,
spatial,across,word,700,100,0.006166666666666667,0.00042281784349164917,0.0026741348415884247,40,0.5583480555555556,0.4237633333333333,,
spatial,across,word,700,101,0.005083333333333334,0.0005467789649092551,0.0034581338115650556,40,0.5408833333333334,0.3430786111111111,,
spatial,across,word,700,102,0.0052499999999999995,0.0005833333333333333,0.0036893239368631092,40,0.5344355555555557,0.3714466666666666,,
spatial,across,word,700,103,0.00625,0.0005090001931052645,0.0032191998793563385,40,0.5153352777777778,0.3783038888888888,,
spatial,across,word,700,104,0.003916666666666667,0.0007346481996220893,0.0046463231794957064,40,0.5598744444444446,0.34997999999999996,,
spatial,across,word,700,105,0.006083333333333334,0.0005454747794744822,0.003449885418634857,40,0.5765738888888889,0.3604088888888889,,
spatial,across,word,700,106,0.008333333333333335,0.0006645264792282106,0.004202834479707434,40,0.6053913888888889,0.36005361111111106,,
spatial,across,word,700,107,0.005666666666666667,0.0006449452813645634,0.0040789921105803375,40,0.5232091666666667,0.36512166666666657,,
spatial,across,word,700,108,0.008833333333333335,0.00045526361293755647,0.002879339905359958,40,0.5692627777777778,0.37204611111111113,,
spatial,across,word,700,109,0.007083333333333333,0.0005621932528599516,0.003555622328432836,40,0.5530305555555556,0.38419944444444437,,
spatial,across,word,700,110,0.006833333333333333,0.0005056659032384976,0.003198111978639933,40,0.5233749999999999,0.3702416666666667,,
spatial,across,word,700,111,0.00625,0.0004948092383294619,0.003129448400828378,40,0.5384411111111111,0.37654916666666666,,
spatial,across,word,700,112,0.006,0.0005364226763936138,0.0033926348919345135,40,0.5294316666666667,0.41878805555555554,,
spatial,across,word,700,113,0.006999999999999999,0.0005699002761767403,0.003604365823754991,40,0.5888222222222221,0.36536500000000005,,
spatial,across,word,700,114,0.00575,0.0005335936864527374,0.0033747427885527648,40,0.5782391666666667,0.3688238888888889,,
spatial,across,word,700,115,0.00575,0.0005722388181146617,0.003619156061610303,40,0.5946508333333334,0.35137972222222225,,
spatial,across,word,700,116,0.005833333333333334,0.0004583818933094545,0.002899061642076347,40,0.5510544444444445,0.4071930555555555,,
spatial,across,word,700,117,0.00575,0.00046205751914361377,0.0029223083410013463,40,0.5229008333333335,0.36840638888888877,,
spatial,across,word,700,118,0.007416666666666667,0.000813765998131588,0.005146708072992287,40,0.5814497222222222,0.35789361111111107,,
spatial,across,word,700,119,0.005583333333333334,0.0006130989425780421,0.003877578179174797,40,0.5480741666666668,0.3494077777777778,,
spatial,across,word,700,120,0.004666666666666667,0.0005310850045437943,0.003358876491038526,40,0.5265105555555556,0.36558111111111113,,
spatial,across,word,700,121,0.006083333333333334,0.0006633195892576047,0.004195201437322778,40,0.5592905555555555,0.3826697222222222,,
spatial,across,word,700,122,0.007333333333333333,0.0006338054920158089,0.0040085378965872415,40,0.5997416666666666,0.3729647222222222,,
spatial,across,word,700,123,0.003333333333333333,0.00041344911529736153,0.002614881801842454,40,0.5675569444444444,0.34961333333333333,,
spatial,across,word,700,124,0.005333333333333333,0.0005822639771026016,0.0036825607342247,40,0.5268677777777777,0.3615947222222221,,
spatial,across,word,700,125,0.00575,0.0006425942346670646,0.004064122785681311,40,0.5839677777777779,0.3786602777777778,,
spatial,across,word,700,126,0.007416666666666666,0.0006142595663193328,0.0038849186082326867,40,0.5767955555555555,0.3939074999999999,,
spatial,across,word,700,127,0.005333333333333333,0.00047441672090180913,0.003000474796236256,40,0.5413794444444445,0.3874194444444444,,
spatial,across,word,700,128,0.00275,0.0005047847980156418,0.0031925393799149436,40,0.5428236111111111,0.35967777777777765,,
spatial,across,word,700,129,0.005666666666666667,0.0005991446895152781,0.0037893237337253676,40,0.5944691666666666,0.36392222222222215,,
spatial,across,word,700,130,0.003333333333333333,0.0006315539556208945,0.003994297930101853,40,0.5524413888888889,0.3249066666666667,,
spatial,across,word,700,131,0.004666666666666666,0.0005310850045437943,0.0033588764910385265,40,0.51678,0.3409891666666667,,
spatial,across,word,700,132,0.0055,0.0004855460696524952,0.003070862978089291,40,0.5277108333333332,0.3923861111111111,,
spatial,across,word,700,133,0.0045,0.000514047677015483,0.0032511229705750244,40,0.541703888888889,0.34987361111111115,,
spatial,across,word,700,134,0.005916666666666667,0.00045428476077747075,0.0028731491007230646,40,0.5438591666666667,0.3693616666666667,,
spatial,across,word,700,135,0.0061666666666666675,0.00034899122022605635,0.0022072142786315222,40,0.5776725,0.40347583333333337,,
spatial,across,word,700,136,0.006083333333333334,0.0006188802957865281,0.003914142667368273,40,0.5815052777777778,0.35268083333333333,,
spatial,across,word,700,137,0.006083333333333334,0.0006414848782339682,0.0040571065995502215,40,0.5609961111111113,0.34873805555555554,,
spatial,across,word,700,138,0.0065833333333333325,0.0004991088925371763,0.003156641801723386,40,0.590301388888889,0.3340024999999999,,
spatial,across,word,700,139,0.006,0.0005091750772173156,0.0032203059435976533,40,0.549503888888889,0.36356527777777775,,
spatial,across,word,700,140,0.00475,0.0005583795745617396,0.0035315025090618263,40,0.5649269444444445,0.3744297222222222,,
spatial,across,word,700,141,0.003999999999999999,0.0004949891362588122,0.003130586175234568,40,0.5242208333333334,0.34219611111111103,,
spatial,across,word,700,142,0.006583333333333334,0.0006697312043199763,0.004235752051477451,40,0.5472988888888889,0.3561122222222222,,
spatial,across,word,700,143,0.0030833333333333333,0.0004027593570795094,0.0025472738346326235,40,0.5495075,0.3417597222222222,,
spatial,across,word,700,144,0.0045,0.0005913671446023187,0.003740134220666952,40,0.5596969444444444,0.34296916666666666,,
spatial,across,word,700,145,0.006416666666666666,0.0005647213971599238,0.003571611716915804,40,0.5487752777777779,0.3636722222222222,,
spatial,across,word,700,146,0.005916666666666666,0.0006906735223894966,0.0043682029006442205,40,0.6161483333333333,0.3488508333333333,,
spatial,across,word,700,147,0.006416666666666668,0.0006470126398497606,0.004092067233686935,40,0.5607016666666667,0.35501361111111107,,
spatial,across,word,700,148,0.002833333333333333,0.00045526361293755647,0.002879339905359958,40,0.5477633333333334,0.3632780555555555,,
spatial,across,word,700,149,0.005583333333333333,0.0006246081392643932,0.003950368730310261,40,0.5143997222222222,0.37477222222222223,,
spatial,across,word,700,150,0.005166666666666667,0.0006421784505829842,0.004061493136240229,40,0.5507875,0.3607002777777778,,
spatial,across,word,700,151,0.006333333333333334,0.0005943705521611524,0.003759129437922314,40,0.5544630555555555,0.36717666666666665,,
spatial,across,word,700,152,0.006333333333333334,0.000673046397354189,0.0042567191732199245,40,0.5728130555555555,0.35866499999999996,,
spatial,across,word,700,153,0.006500000000000001,0.00051956041029222,0.003285988557150009,40,0.5940361111111111,0.36508277777777776,,
spatial,across,word,700,154,0.005083333333333334,0.0005596536881967729,0.0035395607112309897,40,0.5238933333333333,0.3710225,,
spatial,across,word,700,155,0.005583333333333333,0.0006130989425780422,0.0038775781791747974,40,0.5262602777777778,0.379473611111111,,
spatial,across,word,700,156,0.005416666666666667,0.0005558225853982065,0.003515330689643559,40,0.5431983333333333,0.3837580555555556,,
spatial,across,word,700,157,0.00625,0.00043342372495760464,0.0027412123256407945,40,0.5644397222222223,0.3703352777777777,,
spatial,across,word,700,158,0.0035833333333333333,0.00045271419510563445,0.002863215971247314,40,0.5492825000000001,0.3805947222222222,,
spatial,across,word,700,159,0.007250000000000001,0.0005454747794744822,0.003449885418634857,40,0.5352719444444445,0.3706605555555555,,
spatial,across,word,700,160,0.006166666666666666,0.0005,0.0031622776601683794,40,0.5466377777777778,0.35831472222222216,,
spatial,across,word,700,161,0.005083333333333333,0.000596613185780614,0.0037733130983118456,40,0.5336311111111111,0.3455688888888889,,
spatial,across,word,700,162,0.003916666666666667,0.0005709927876363795,0.003611275472919581,40,0.5387411111111111,0.3647916666666666,,
spatial,across,word,700,163,0.004833333333333334,0.0006079951641733013,0.003845299050311274,40,0.538641111111111,0.33778444444444444,,
spatial,across,word,700,164,0.00625,0.000717977334594521,0.0045408873713909835,40,0.5494694444444445,0.36732722222222225,,
spatial,across,word,700,165,0.005916666666666666,0.0006025527367540542,0.0038108781170213277,40,0.5280894444444445,0.3690033333333333,,
spatial,across,word,700,166,0.004916666666666666,0.0005335936864527374,0.0033747427885527643,40,0.5395058333333334,0.3445752777777778,,
spatial,across,word,700,167,0.0051666666666666675,0.00041258686385768536,0.002609428444912182,40,0.5163938888888888,0.35496944444444445,,
spatial,across,word,700,168,0.005083333333333334,0.0005596536881967729,0.0035395607112309897,40,0.5328327777777779,0.33759694444444444,,
spatial,across,word,700,169,0.005666666666666666,0.0006338054920158089,0.0040085378965872415,40,0.5526438888888888,0.36751083333333334,,
spatial,across,word,700,170,0.005666666666666667,0.0004336290903919939,0.0027425111706914744,40,0.5381736111111112,0.4053025,,
spatial,across,word,700,171,0.00625,0.000522806092950542,0.003306516056674825,40,0.542476111111111,0.3634844444444445,,
spatial,across,word,700,172,0.004416666666666667,0.0004527141951056344,0.0028632159712473136,40,0.5495361111111112,0.3487216666666666,,
spatial,across,word,700,173,0.004416666666666668,0.00038466879970967946,0.0024328591037714085,40,0.4983819444444445,0.37657638888888884,,
spatial,across,word,700,174,0.006500000000000001,0.0005330928945203023,0.0033715755022721006,40,0.5519794444444445,0.3761886111111111,,
spatial,across,word,700,175,0.006083333333333334,0.0006188802957865281,0.003914142667368273,40,0.5474166666666669,0.39887388888888886,,
spatial,across,word,700,176,0.0075000000000000015,0.0006933752452815364,0.004385290096535146,40,0.5790925,0.35340388888888885,,
spatial,across,word,700,177,0.0041666666666666675,0.000502840931954632,0.003180245291476762,40,0.5536061111111111,0.32901555555555556,,
spatial,across,word,700,178,0.007000000000000001,0.0005699002761767401,0.0036043658237549904,40,0.5248819444444445,0.3553386111111111,,
spatial,across,word,700,179,0.007916666666666666,0.0006611685674953662,0.004181597181192252,40,0.5457180555555556,0.3706822222222222,,
spatial,across,word,700,180,0.004583333333333333,0.0007706095193669952,0.004873762535614682,40,0.5608227777777779,0.3604080555555555,,
spatial,across,word,700,181,0.00425,0.0004919219241781967,0.0031111874227515096,40,0.5430250000000001,0.36563027777777773,,
spatial,across,word,700,182,0.006666666666666666,0.0005469417694282446,0.0034591634777518055,40,0.5549388888888889,0.37910055555555555,,
spatial,across,word,700,183,0.004,0.0003811812499312437,0.002410801902265263,40,0.5328841666666667,0.3430280555555555,,
spatial,across,word,700,184,0.004416666666666667,0.00038466879970967946,0.0024328591037714085,40,0.5091277777777778,0.3562291666666666,,
spatial,across,word,700,185,0.005666666666666667,0.00036201399289824567,0.0022895775248209533,40,0.5881397222222222,0.33125388888888885,,
spatial,across,word,700,186,0.005083333333333334,0.0005061938301996517,0.003201450881910849,40,0.5742238888888889,0.37244138888888884,,
spatial,across,word,700,187,0.005083333333333334,0.000584553059355846,0.0036970381615681453,40,0.5577538888888889,0.3731577777777778,,
spatial,across,word,700,188,0.005333333333333334,0.0004891995904702285,0.0030939698726150473,40,0.5274672222222223,0.347563611111111,,
spatial,across,word,700,189,0.006833333333333333,0.0004913786640188923,0.0031077515438206536,40,0.5186805555555555,0.39879277777777783,,
spatial,across,word,700,190,0.004833333333333334,0.0005591762357951763,0.003536541037104265,40,0.5569044444444444,0.3666594444444445,,
spatial,across,word,700,191,0.006083333333333334,0.0005954181656808868,0.0037657551275822065,40,0.5309702777777778,0.3561436111111111,,
spatial,across,word,700,192,0.006833333333333333,0.0005462902602399647,0.0034550429718488217,40,0.5756491666666668,0.38154833333333327,,
spatial,across,word,700,193,0.00625,0.0005493780477196366,0.0034745718545814495,40,0.5903811111111112,0.36639722222222215,,
spatial,across,word,700,194,0.005583333333333333,0.0006130989425780422,0.0038775781791747974,40,0.5643855555555556,0.3705088888888889,,
spatial,across,word,700,195,0.005916666666666666,0.0005784287095915728,0.0036583043726829078,40,0.5226222222222223,0.3234866666666666,,
spatial,across,word,700,196,0.005083333333333334,0.0004463766758603509,0.002823133980186819,40,0.5414344444444444,0.3657094444444444,,
spatial,across,word,700,197,0.00475,0.0005583795745617396,0.0035315025090618263,40,0.5799805555555556,0.35001638888888886,,
spatial,across,word,700,198,0.005,0.0005063696835418333,0.003202563076101743,40,0.534528611111111,0.36661722222222226,,
spatial,across,word,700,199,0.005166666666666667,0.0006421784505829843,0.00406149313624023,40,0.5279336111111111,0.3724930555555555,,
spatial,across,word,700,200,0.0051666666666666675,0.0006079951641733013,0.003845299050311274,40,0.5222297222222222,0.3950341666666666,,
spatial,across,word,700,201,0.00625,0.000574722774741238,0.0036348659827084018,40,0.5553125,0.3790627777777778,,
spatial,across,word,700,202,0.004083333333333333,0.000540226553720501,0.0034166927245201867,40,0.5416941666666666,0.37151694444444444,,
spatial,across,word,700,203,0.00375,0.0005090001931052645,0.0032191998793563385,40,0.5345855555555555,0.35172749999999986,,
spatial,across,word,700,204,0.004833333333333334,0.0006309898162000304,0.003990729999126216,40,0.5440672222222223,0.36848472222222217,,
spatial,across,word,700,205,0.006083333333333334,0.0005047847980156418,0.0031925393799149436,40,0.5282516666666666,0.36168249999999996,,
spatial,across,word,700,206,0.00625,0.0005869849078564814,0.0037124185219410922,40,0.5799622222222223,0.3578758333333333,,
spatial,across,word,700,207,0.00525,0.00046051346296568745,0.0029125428722863436,40,0.5625791666666667,0.3453647222222222,,
spatial,across,word,700,208,0.0042499999999999994,0.0006084343084444759,0.0038480764425479273,40,0.5076888888888889,0.3444108333333334,,
spatial,across,word,700,209,0.006666666666666666,0.0006085806194501846,0.0038490017945975053,40,0.5405436111111112,0.3733733333333333,,
spatial,across,word,700,210,0.004583333333333333,0.0005019548679499876,0.003174641330662029,40,0.5496541666666667,0.36975111111111103,,
spatial,across,word,700,211,0.00375,0.000399206834693617,0.0025248057102763123,40,0.52539,0.31825916666666665,,
spatial,across,word,700,212,0.0025833333333333333,0.00043832593994609724,0.0027722166555277,40,0.5152208333333332,0.3538563888888889,,
spatial,across,word,700,213,0.006083333333333334,0.0005454747794744822,0.003449885418634857,40,0.5516497222222222,0.35547249999999997,,
spatial,across,word,700,214,0.006666666666666668,0.0006751595780557777,0.00427008410146899,40,0.5681108333333333,0.3827402777777778,,
spatial,across,word,700,215,0.005333333333333333,0.0005699002761767401,0.0036043658237549904,40,0.5333655555555555,0.34491694444444443,,
spatial,across,word,700,216,0.0055,0.0005913671446023186,0.0037401342206669517,40,0.5740408333333334,0.36895055555555556,,
spatial,across,word,700,217,0.00525,0.0005709927876363795,0.003611275472919581,40,0.5403869444444445,0.35315361111111104,,
spatial,across,word,700,218,0.0041666666666666675,0.0006287281966789348,0.003976426261351493,40,0.5462063888888888,0.3442408333333333,,
spatial,across,word,700,219,0.003833333333333333,0.00043934034986550346,0.002778632347180483,40,0.5311027777777778,0.36924472222222215,,
spatial,across,word,700,220,0.004583333333333333,0.0005428570089754135,0.0034333291842975513,40,0.5119147222222222,0.338655,,
spatial,across,word,700,221,0.005333333333333333,0.000629294363562392,0.003980007015126461,40,0.513335,0.3647883333333334,,
spatial,across,word,700,222,0.004333333333333333,0.0005229763603684908,0.0033075929223788923,40,0.5352416666666666,0.3429322222222222,,
spatial,across,word,700,223,0.00575,0.0004772233913401199,0.0030182257386893066,40,0.5753727777777777,0.3729375,,
spatial,across,word,700,224,0.006,0.000599144689515278,0.003789323733725367,40,0.5353283333333334,0.3757491666666667,,
spatial,across,word,700,225,0.005583333333333333,0.0005894067228156503,0.003727735424625975,40,0.5498525,0.33931194444444446,,
spatial,across,word,700,226,0.00525,0.0004757285610699276,0.0030087716019509612,40,0.5430550000000001,0.3439102777777777,,
spatial,across,word,700,227,0.006666666666666668,0.0005202453946507077,0.0032903207786188307,40,0.5307791666666667,0.3874861111111111,,
spatial,across,word,700,228,0.005,0.0005337605126836238,0.003375797890278889,40,0.5444641666666666,0.34405916666666664,,
spatial,across,word,700,229,0.005333333333333334,0.0004891995904702285,0.0030939698726150473,40,0.5276644444444445,0.3969194444444443,,
spatial,across,word,700,230,0.00575,0.0005335936864527374,0.0033747427885527643,40,0.5234533333333333,0.35598583333333333,,
spatial,across,word,700,231,0.004916666666666666,0.000596613185780614,0.0037733130983118456,40,0.5835716666666667,0.3753633333333333,,
spatial,across,word,700,232,0.004666666666666667,0.0005443310539518173,0.0034426518632954817,40,0.5219080555555556,0.3616308333333333,,
spatial,across,word,700,233,0.006083333333333334,0.0007149950690165274,0.004522025867763026,40,0.5475758333333334,0.36923722222222227,,
spatial,across,word,700,234,0.005333333333333334,0.0005699002761767403,0.003604365823754991,40,0.5199830555555556,0.36614916666666664,,
spatial,across,word,700,235,0.003166666666666666,0.00041258686385768536,0.002609428444912182,40,0.504433888888889,0.3433172222222222,,
spatial,across,word,700,236,0.0042499999999999994,0.0006750276980705259,0.00426925001920662,40,0.5357047222222222,0.3623933333333333,,
spatial,across,word,700,237,0.005583333333333333,0.0006130989425780422,0.0038775781791747974,40,0.5552530555555556,0.37880888888888886,,
spatial,across,word,700,238,0.005583333333333333,0.0004976798018658033,0.00314760343871451,40,0.5413658333333332,0.36585222222222213,,
spatial,across,word,700,239,0.006333333333333334,0.0005310850045437943,0.0033588764910385265,40,0.5225569444444444,0.3908041666666667,,
spatial,across,word,700,240,0.005166666666666667,0.00047666337934435156,0.0030146839118420175,40,0.5577988888888888,0.35014527777777776,,
spatial,across,word,700,241,0.005916666666666667,0.0007307598589892385,0.0046217311540589275,40,0.5522058333333334,0.3620933333333333,,
spatial,across,word,700,242,0.005083333333333334,0.0005467789649092551,0.0034581338115650556,40,0.5383302777777779,0.3682030555555555,,
spatial,across,word,700,243,0.00475,0.0005833333333333333,0.0036893239368631092,40,0.5367527777777779,0.3473925,,
spatial,across,word,700,244,0.003583333333333333,0.0004527141951056344,0.0028632159712473136,40,0.5291266666666667,0.3746552777777777,,
spatial,across,word,700,245,0.004666666666666667,0.0005699002761767403,0.003604365823754991,40,0.5601694444444445,0.34661416666666667,,
spatial,across,word,700,246,0.005666666666666667,0.0005871365639519862,0.003713377679306778,40,0.5557472222222222,0.34056416666666667,,
spatial,across,word,700,247,0.004666666666666667,0.0005310850045437943,0.0033588764910385265,40,0.528833611111111,0.36157055555555556,,
spatial,across,word,700,248,0.0038333333333333336,0.0005277215444626347,0.0033376041016874875,40,0.5115886111111111,0.37348694444444447,,
spatial,across,word,700,249,0.0041666666666666675,0.0005436764162477949,0.003438511570921614,40,0.5478166666666666,0.3431477777777778,,
spatial,across,word,700,250,0.002916666666666667,0.00039920683469361705,0.002524805710276313,40,0.5422291666666665,0.3549469444444444,,
spatial,across,word,700,251,0.0036666666666666666,0.0005175000172041232,0.0032729574870827014,40,0.5286102777777778,0.3538088888888889,,
spatial,across,word,700,252,0.005166666666666667,0.0006954266558151432,0.004398264355939664,40,0.5362819444444444,0.32408527777777774,,
spatial,across,word,700,253,0.0035833333333333333,0.0005519648921491675,0.003490932495281123,40,0.5669316666666666,0.351141111111111,,
spatial,across,word,700,254,0.003333333333333333,0.0005063696835418333,0.003202563076101743,40,0.5225780555555556,0.33410305555555564,,
spatial,across,word,700,255,0.004583333333333333,0.0005019548679499876,0.003174641330662029,40,0.5292524999999999,0.37625638888888885,,
spatial,across,word,700,256,0.005833333333333334,0.0006399563731569203,0.004047439484633017,40,0.570236111111111,0.3515891666666666,,
spatial,across,word,700,257,0.006333333333333334,0.0007040784727049221,0.004452983250480495,40,0.5568211111111111,0.3963230555555556,,
spatial,across,word,700,258,0.006,0.0005364226763936138,0.003392634891934514,40,0.5609619444444445,0.37851555555555555,,
spatial,across,word,700,259,0.007083333333333333,0.0005362566783465032,0.003391585028102495,40,0.5088072222222222,0.3660066666666667,,
spatial,across,word,700,260,0.004083333333333333,0.0005268773245260372,0.0033322647859959456,40,0.5268769444444444,0.35094222222222227,,
spatial,across,word,700,261,0.007250000000000001,0.0005833333333333333,0.0036893239368631092,40,0.5547783333333334,0.3651563888888889,,
spatial,across,word,700,262,0.006416666666666666,0.0004366979828269512,0.002761920550668525,40,0.5478050000000001,0.3838205555555555,,
spatial,across,word,700,263,0.00475,0.0004904718932443306,0.003102016621894074,40,0.5348419444444446,0.3542922222222222,,
spatial,across,word,700,264,0.006083333333333334,0.0005454747794744822,0.003449885418634857,40,0.5592091666666666,0.3992083333333333,,
spatial,across,word,700,265,0.002416666666666667,0.0004301245430187895,0.002720346466956902,40,0.5042386111111111,0.35857277777777774,,
spatial,across,word,700,266,0.004416666666666668,0.0005519648921491675,0.003490932495281123,40,0.5600702777777778,0.3560688888888889,,
spatial,across,word,700,267,0.0038333333333333336,0.0005,0.0031622776601683794,40,0.5196566666666668,0.3505122222222222,,
spatial,across,word,700,268,0.00375,0.00043342372495760464,0.0027412123256407945,40,0.5126047222222222,0.36411305555555556,,
spatial,across,word,700,269,0.005833333333333334,0.000569275042553311,0.003600411499115478,40,0.5659052777777778,0.34451138888888877,,
spatial,across,word,700,270,0.004916666666666666,0.0005467789649092551,0.0034581338115650556,40,0.5234647222222222,0.38122472222222215,,
spatial,across,word,700,271,0.006500000000000001,0.0006639903545106592,0.00419944372927268,40,0.5671891666666667,0.3575936111111111,,
spatial,across,word,700,272,0.004333333333333333,0.00044975460228796133,0.002844497862746269,40,0.5328125,0.3967983333333333,,
spatial,across,word,700,273,0.00575,0.000596613185780614,0.0037733130983118456,40,0.5158861111111112,0.3773066666666666,,
spatial,across,word,700,274,0.005416666666666667,0.0004875588940976005,0.0030835931976424856,40,0.5626869444444446,0.36833972222222217,,
spatial,across,word,700,275,0.005666666666666667,0.0007472647177570733,0.004726117046390445,40,0.54083,0.33477722222222217,,
spatial,across,word,700,276,0.00575,0.0005061938301996515,0.003201450881910848,40,0.5819597222222221,0.35532166666666665,,
spatial,across,word,700,277,0.006166666666666666,0.0005,0.0031622776601683794,40,0.5223763888888889,0.3672636111111111,,
spatial,across,word,700,278,0.005,0.0005598127485064209,0.0035405666969586286,40,0.5410566666666667,0.3486338888888888,,
spatial,across,word,700,279,0.005583333333333333,0.0005389065112987853,0.003408344043198855,40,0.5594597222222223,0.3757372222222223,,
spatial,across,word,700,280,0.005333333333333334,0.0004591581544807963,0.0029039711487975277,40,0.5443233333333334,0.3721866666666666,,
spatial,across,word,700,281,0.005666666666666667,0.0005871365639519862,0.003713377679306778,40,0.5403369444444446,0.3378025,,
spatial,across,word,700,282,0.0045,0.0005410499447694665,0.003421900306759639,40,0.5253408333333333,0.34475222222222224,,
spatial,across,word,700,283,0.005833333333333334,0.000502840931954632,0.0031802452914767624,40,0.5456847222222223,0.38218611111111106,,
spatial,across,word,700,284,0.005666666666666667,0.0004653216269680752,0.0029429523715086966,40,0.5369936111111111,0.3510755555555556,,
spatial,across,word,700,285,0.005333333333333334,0.0005175000172041232,0.0032729574870827014,40,0.5950775000000001,0.3496986111111111,,
spatial,across,word,700,286,0.003083333333333333,0.0005389065112987854,0.0034083440431988553,40,0.5270213888888888,0.3284513888888888,,
spatial,across,word,700,287,0.0052499999999999995,0.0005187029077928006,0.003280565235155104,40,0.5452677777777778,0.3685755555555555,,
spatial,across,word,700,288,0.006833333333333333,0.00041258686385768536,0.002609428444912182,40,0.5476130555555556,0.39367944444444436,,
spatial,across,word,700,289,0.0035000000000000005,0.0005056659032384976,0.003198111978639933,40,0.5367377777777778,0.3346761111111111,,
spatial,across,word,700,290,0.0025833333333333333,0.00043832593994609724,0.0027722166555277,40,0.5272952777777777,0.3559622222222223,,
spatial,across,word,700,291,0.004333333333333333,0.0005364226763936138,0.0033926348919345135,40,0.5553980555555555,0.36041222222222213,,
spatial,across,word,700,292,0.004,0.0005364226763936138,0.003392634891934514,40,0.5422469444444445,0.36352166666666674,,
spatial,across,word,700,293,0.0059166666666666656,0.0006481125346341155,0.004099023579097137,40,0.5442772222222223,0.34578,,
spatial,across,word,700,294,0.0065833333333333325,0.00043832593994609713,0.0027722166555276995,40,0.5198716666666667,0.38486972222222227,,
spatial,across,word,700,295,0.004416666666666667,0.0005771960417875981,0.0036505082969650717,40,0.5239155555555556,0.3525644444444444,,
spatial,across,word,700,296,0.004583333333333333,0.00042512776695202844,0.0026887440802993373,40,0.5447594444444445,0.3623594444444444,,
spatial,across,word,700,297,0.004666666666666666,0.00044337478117411743,0.002804148331177911,40,0.5231363888888888,0.37939527777777776,,
spatial,across,word,700,298,0.003333333333333333,0.00041344911529736153,0.002614881801842454,40,0.5113375,0.33366666666666667,,
spatial,across,word,700,299,0.00375,0.0005493780477196366,0.0034745718545814495,40,0.539581388888889,0.3594852777777778,,
spatial,across,word,700,300,0.003916666666666666,0.0005187029077928005,0.0032805652351551038,40,0.504888611111111,0.36831,,
spatial,across,word,700,301,0.005666666666666667,0.0007081133393917258,0.004478501988051368,40,0.5349177777777777,0.3808797222222222,,
spatial,across,word,700,302,0.003333333333333333,0.00037742567804819856,0.002387049580131443,40,0.5237441666666667,0.37069944444444436,,
spatial,across,word,700,303,0.005916666666666666,0.0006590105247982552,0.004167948520770725,40,0.555510277777778,0.38134722222222217,,
spatial,across,word,700,304,0.006,0.0004653216269680751,0.002942952371508696,40,0.5116508333333335,0.38974000000000003,,
spatial,across,word,700,305,0.004,0.00048038446141526135,0.003038218101251,40,0.5385841666666666,0.35345249999999995,,
spatial,across,word,700,306,0.00575,0.0004463766758603509,0.002823133980186819,40,0.5362533333333334,0.3538688888888889,,
spatial,across,word,700,307,0.0032500000000000003,0.0004846283858428769,0.0030650590360687827,40,0.5214722222222223,0.3658983333333333,,
spatial,across,word,700,308,0.004666666666666666,0.000557262335477027,0.003524436468664519,40,0.5348083333333333,0.3822938888888888,,
spatial,across,word,700,309,0.002916666666666667,0.0004801990921390503,0.0030370457230089122,40,0.5194744444444446,0.3463216666666667,,
spatial,across,word,700,310,0.005333333333333333,0.0005175000172041232,0.0032729574870827014,40,0.576506111111111,0.3375922222222222,,
spatial,across,word,700,311,0.006,0.0005623515948579822,0.0035566237711589133,40,0.5425725,0.3507413888888889,,
spatial,across,word,700,312,0.004916666666666667,0.000584553059355846,0.003697038161568145,40,0.581763888888889,0.3574380555555555,,
spatial,across,word,700,313,0.005083333333333334,0.0004772233913401199,0.0030182257386893066,40,0.5082977777777778,0.3577172222222222,,
spatial,across,word,700,314,0.004666666666666667,0.0007240279857964913,0.004579155049641907,40,0.5498197222222222,0.36858416666666666,,
spatial,across,word,700,315,0.003166666666666666,0.00051956041029222,0.003285988557150009,40,0.531995,0.34992444444444437,,
spatial,across,word,700,316,0.006083333333333334,0.0005709927876363795,0.003611275472919581,40,0.5700875,0.3495794444444445,,
spatial,across,word,700,317,0.005583333333333333,0.0006130989425780422,0.003877578179174798,40,0.5161863888888889,0.33262888888888886,,
spatial,across,word,700,318,0.006083333333333334,0.0007631795463342947,0.0048267712601407576,40,0.5415647222222222,0.3478330555555555,,
spatial,across,word,700,319,0.003083333333333333,0.0003456588737180878,0.002186138668795344,40,0.5293358333333333,0.3613449999999999,,
spatial,across,word,700,320,0.004,0.0005091750772173156,0.0032203059435976533,40,0.5054716666666665,0.36832972222222216,,
spatial,across,word,700,321,0.00575,0.0005061938301996516,0.0032014508819108484,40,0.5839408333333334,0.37063888888888885,,
spatial,across,word,700,322,0.004,0.0005229763603684908,0.0033075929223788923,40,0.5101472222222222,0.3509666666666666,,
spatial,across,word,700,323,0.00425,0.0005335936864527374,0.0033747427885527648,40,0.5271202777777777,0.3375894444444444,,
spatial,across,word,700,324,0.0035000000000000005,0.0004614791034954486,0.0029186501192363773,40,0.5121319444444445,0.34086722222222227,,
spatial,across,word,700,325,0.004666666666666667,0.000557262335477027,0.003524436468664519,40,0.56321,0.3654425,,
spatial,across,word,700,326,0.003583333333333333,0.0005647213971599238,0.003571611716915804,40,0.5367855555555555,0.3361024999999999,,
spatial,across,word,700,327,0.005583333333333333,0.0004831564663131095,0.0030557497995756847,40,0.49534555555555554,0.37562000000000006,,
spatial,across,word,700,328,0.005,0.00046225016352102424,0.0029235267310234307,40,0.5601238888888889,0.3488219444444445,,
spatial,across,word,700,329,0.003583333333333333,0.0004027593570795094,0.0025472738346326235,40,0.5187894444444444,0.3711291666666666,,
spatial,across,word,700,330,0.007000000000000001,0.0005443310539518173,0.0034426518632954817,40,0.5296736111111111,0.35069805555555555,,
spatial,across,word,700,331,0.0035000000000000005,0.0005961653339578756,0.003770480634683623,40,0.5292616666666666,0.3424025,,
spatial,across,word,700,332,0.006500000000000001,0.0006851081807811226,0.004333004589765487,40,0.5292408333333333,0.3682986111111111,,
spatial,across,word,700,333,0.006166666666666666,0.0005410499447694665,0.003421900306759639,40,0.5812147222222223,0.3487205555555555,,
spatial,across,word,700,334,0.003166666666666666,0.00051956041029222,0.003285988557150009,40,0.5369644444444445,0.34035833333333326,,
spatial,across,word,700,335,0.0037500000000000007,0.000522806092950542,0.003306516056674825,40,0.5224958333333334,0.3292658333333333,,
spatial,across,word,700,336,0.005416666666666667,0.0005295740910852022,0.0033493206352854187,40,0.543178611111111,0.3374452777777778,,
spatial,across,word,700,337,0.003916666666666666,0.0005047847980156418,0.0031925393799149436,40,0.5394886111111111,0.3413747222222222,,
spatial,across,word,700,338,0.006,0.0005623515948579822,0.0035566237711589133,40,0.5454625,0.36430999999999997,,
spatial,across,word,700,339,0.0036666666666666666,0.0005443310539518173,0.0034426518632954817,40,0.5177022222222223,0.36439555555555553,,
spatial,across,word,700,340,0.005416666666666667,0.0006823737268783896,0.004315710384786742,40,0.5337211111111112,0.3582994444444444,,
spatial,across,word,700,341,0.00375,0.0004948092383294619,0.003129448400828378,40,0.5299180555555555,0.37121944444444444,,
spatial,across,word,700,342,0.004,0.0005495400822454191,0.0034755966509035655,40,0.5297788888888888,0.36491083333333335,,
spatial,across,word,700,343,0.004916666666666666,0.0005335936864527374,0.0033747427885527643,40,0.5330091666666666,0.3311280555555555,,
spatial,across,word,700,344,0.005416666666666667,0.0006165742596507072,0.0038995580142565786,40,0.5366905555555557,0.33587888888888895,,
spatial,across,word,700,345,0.00525,0.0006188802957865281,0.003914142667368273,40,0.5233997222222223,0.37424,,
spatial,across,word,700,346,0.005,0.0006201736729460423,0.003922322702763681,40,0.5315738888888889,0.35357916666666667,,
spatial,across,word,700,347,0.004416666666666668,0.0005389065112987853,0.003408344043198855,40,0.5062161111111111,0.33824750000000003,,
spatial,across,word,700,348,0.006333333333333334,0.0005035486605694166,0.0031847213602527527,40,0.5428013888888887,0.3592427777777778,,
spatial,across,word,700,349,0.005416666666666667,0.0005159493228057419,0.003263150034575203,40,0.5252275000000001,0.3303366666666666,,
spatial,across,word,700,350,0.00525,0.0006844581111966647,0.004328893188716515,40,0.542705,0.3511658333333333,,
spatial,across,word,700,351,0.004833333333333334,0.00047666337934435156,0.0030146839118420175,40,0.5511297222222222,0.33012138888888887,,
spatial,across,word,700,352,0.006083333333333334,0.0005583795745617396,0.0035315025090618263,40,0.5216341666666666,0.38337611111111114,,
spatial,across,word,700,353,0.004666666666666667,0.0003540566696958629,0.002239250994025684,40,0.5366238888888889,0.35963611111111116,,
spatial,across,word,700,354,0.004083333333333333,0.0004217636961434868,0.0026674678283691855,40,0.5607983333333333,0.3750852777777777,,
spatial,across,word,700,355,0.003333333333333333,0.0004465760847047224,0.0028243951524544115,40,0.5289719444444444,0.3482861111111111,,
spatial,across,word,700,356,0.005416666666666667,0.0004875588940976005,0.0030835931976424856,40,0.5211011111111111,0.38210111111111106,,
spatial,across,word,700,357,0.005083333333333334,0.0005061938301996516,0.0032014508819108484,40,0.5284916666666667,0.3410277777777777,,
spatial,across,word,700,358,0.004083333333333333,0.0005532537786493135,0.0034990841292529317,40,0.55785,0.3349319444444444,,
spatial,across,word,700,359,0.004833333333333334,0.0005056659032384978,0.0031981119786399334,40,0.5172711111111111,0.35693027777777775,,
spatial,across,word,700,360,0.004416666666666667,0.0005117911677922935,0.0032368515531621123,40,0.5313672222222223,0.3801461111111111,,
spatial,across,word,700,361,0.0042499999999999994,0.0005467789649092551,0.0034581338115650556,40,0.5446519444444444,0.3763305555555555,,
spatial,across,word,700,362,0.004083333333333333,0.0005131809630673188,0.003245641390262953,40,0.5334830555555555,0.3348888888888889,,
spatial,across,word,700,363,0.0055000000000000005,0.000566767210788584,0.0035845505783853645,40,0.5398747222222223,0.34776972222222213,,
spatial,across,word,700,364,0.00475,0.0005322571942188482,0.0033662900694843324,40,0.5471616666666668,0.35098916666666663,,
spatial,across,word,700,365,0.00525,0.0004757285610699276,0.0030087716019509612,40,0.5713863888888889,0.3638872222222222,,
spatial,across,word,700,366,0.0035000000000000005,0.0004913786640188923,0.003107751543820654,40,0.5217497222222223,0.3507719444444444,,
spatial,across,word,700,367,0.006,0.0004653216269680751,0.002942952371508696,40,0.5511947222222222,0.3539094444444445,,
spatial,across,word,700,368,0.0045000000000000005,0.0005,0.0031622776601683794,40,0.5182094444444445,0.3317794444444444,,
spatial,across,word,700,369,0.005833333333333334,0.0005168113941217019,0.003268602252303067,40,0.5734680555555556,0.3769002777777778,,
spatial,across,word,700,370,0.003833333333333333,0.00048554606965249525,0.0030708629780892916,40,0.4914322222222222,0.33853,,
spatial,across,word,700,371,0.003916666666666667,0.0005047847980156418,0.0031925393799149436,40,0.5402294444444444,0.34229305555555556,,
spatial,across,word,700,372,0.0038333333333333336,0.000514047677015483,0.0032511229705750244,40,0.5472294444444444,0.3376147222222222,,
spatial,across,word,700,373,0.004,0.0004336290903919939,0.0027425111706914744,40,0.5357552777777776,0.3423877777777778,,
spatial,across,word,700,374,0.006333333333333332,0.0004891995904702285,0.0030939698726150473,40,0.5319405555555556,0.37067666666666665,,
spatial,across,word,700,375,0.0037500000000000007,0.0005362566783465032,0.003391585028102495,40,0.5353297222222222,0.3503866666666666,,
spatial,across,word,700,376,0.0055,0.0006032910690206792,0.0038155477402863876,40,0.5182691666666667,0.3642302777777777,,
spatial,across,word,700,377,0.003916666666666667,0.0004757285610699276,0.0030087716019509612,40,0.5198561111111111,0.3278311111111111,,
spatial,across,word,700,378,0.00575,0.0004132337211096261,0.002613519529386442,40,0.5122966666666665,0.36899361111111106,,
spatial,across,word,700,379,0.004166666666666667,0.0004884710724331468,0.0030893623199876614,40,0.5192383333333334,0.32234694444444445,,
spatial,across,word,700,380,0.0045,0.000514047677015483,0.0032511229705750244,40,0.5505538888888889,0.3473875,,
spatial,across,word,700,381,0.005416666666666667,0.0006049122278635169,0.003825800849070968,40,0.56246,0.35806055555555555,,
spatial,across,word,700,382,0.005583333333333333,0.00046818282400698627,0.0029610481704636735,40,0.5729369444444444,0.38091888888888886,,
spatial,across,word,700,383,0.005416666666666666,0.0005428570089754134,0.003433329184297551,40,0.5349286111111111,0.3577927777777778,,
spatial,across,word,700,384,0.004916666666666667,0.000596613185780614,0.0037733130983118456,40,0.5396958333333333,0.3691738888888888,,
spatial,across,word,700,385,0.005416666666666667,0.0006392603899459486,0.0040430377003132,40,0.5183630555555555,0.3439075,,
spatial,across,word,700,386,0.003,0.0005035486605694166,0.0031847213602527527,40,0.5031772222222222,0.33452666666666664,,
spatial,across,word,700,387,0.005916666666666666,0.0006257474163429115,0.003957574151218542,40,0.5232144444444444,0.3641430555555555,,
spatial,across,word,700,388,0.004666666666666667,0.000557262335477027,0.003524436468664519,40,0.5230772222222223,0.34252222222222223,,
spatial,across,word,700,389,0.0069166666666666664,0.000577196041787598,0.0036505082969650712,40,0.5309719444444445,0.38069249999999993,,
spatial,across,word,700,390,0.0035000000000000005,0.0003949467128397272,0.002497862333940011,40,0.4978655555555555,0.3427874999999999,,
spatial,across,word,700,391,0.005583333333333333,0.0004976798018658033,0.00314760343871451,40,0.503118611111111,0.36844916666666666,,
spatial,across,word,700,392,0.004833333333333334,0.00035706144778297963,0.0022582548792629896,40,0.5244811111111112,0.34303416666666664,,
spatial,across,word,700,393,0.004916666666666666,0.0005335936864527374,0.0033747427885527643,40,0.5486483333333333,0.36881555555555556,,
spatial,across,word,700,394,0.0042499999999999994,0.0005061938301996517,0.003201450881910849,40,0.5691477777777778,0.3660527777777777,,
spatial,across,word,700,395,0.005333333333333334,0.0005175000172041232,0.0032729574870827014,40,0.5399327777777778,0.3523677777777777,,
spatial,across,word,700,396,0.0045000000000000005,0.0005410499447694665,0.003421900306759639,40,0.5387041666666667,0.3561072222222222,,
spatial,across,word,700,397,0.0059166666666666656,0.0006025527367540542,0.0038108781170213277,40,0.5293347222222222,0.33960666666666667,,
spatial,across,word,700,398,0.005833333333333334,0.0004425708371198286,0.002799063742532105,40,0.5321569444444444,0.3649891666666667,,
spatial,across,word,700,399,0.0035000000000000005,0.0005591762357951763,0.0035365410371042644,40,0.5238858333333333,0.3451391666666666,,
spatial,across,word,700,400,0.0021666666666666666,0.00034899122022605635,0.0022072142786315222,40,0.534215,0.34319888888888883,,
spatial,across,word,700,401,0.005583333333333333,0.00045271419510563445,0.002863215971247314,40,0.5349230555555556,0.36419027777777774,,
spatial,across,word,700,402,0.004333333333333333,0.0005871365639519862,0.003713377679306778,40,0.5600194444444444,0.3274397222222222,,
spatial,across,word,700,403,0.005583333333333333,0.0007099967898486877,0.0044904139746595375,40,0.5438780555555555,0.3716947222222221,,
spatial,across,word,700,404,0.003166666666666666,0.0003949467128397272,0.002497862333940011,40,0.5325888888888889,0.3352377777777778,,
spatial,across,word,700,405,0.003916666666666667,0.0004904718932443306,0.003102016621894074,40,0.5498725000000001,0.3332708333333333,,
spatial,across,word,700,406,0.0035833333333333333,0.0005647213971599238,0.003571611716915804,40,0.5260363888888888,0.33357916666666665,,
spatial,across,word,700,407,0.004833333333333334,0.0004913786640188923,0.003107751543820654,40,0.5260127777777779,0.3617677777777778,,
spatial,across,word,700,408,0.003999999999999999,0.0005091750772173156,0.0032203059435976533,40,0.5269066666666665,0.3466919444444444,,
spatial,across,word,700,409,0.004333333333333333,0.0005495400822454191,0.0034755966509035655,40,0.5406597222222222,0.3554152777777778,,
spatial,across,word,700,410,0.004,0.0005091750772173156,0.0032203059435976533,40,0.5715127777777779,0.35902222222222224,,
spatial,across,word,700,411,0.0035833333333333333,0.0004200715581423169,0.002656765807971143,40,0.5129436111111112,0.31541166666666665,,
spatial,across,word,700,412,0.005416666666666667,0.0005808861979155425,0.0036738468935369364,40,0.5398100000000001,0.3645355555555555,,
spatial,across,word,700,413,0.0055,0.0003054584150172382,0.0019318886438389074,40,0.5226436111111111,0.38085694444444446,,
spatial,across,word,700,414,0.005166666666666667,0.00061959917196776,0.003918689239544947,40,0.5387324999999998,0.3387972222222222,,
spatial,across,word,700,415,0.003833333333333333,0.0005913671446023187,0.003740134220666952,40,0.5219588888888889,0.33084499999999994,,
spatial,across,word,700,416,0.0035000000000000005,0.0004614791034954486,0.0029186501192363773,40,0.5513325,0.3341622222222222,,
spatial,across,word,700,417,0.004416666666666667,0.0004976798018658033,0.00314760343871451,40,0.5337936111111112,0.35521499999999995,,
spatial,across,word,700,418,0.005,0.0004921028776234113,0.0031123318728261753,40,0.5143683333333333,0.3461975,,
spatial,across,word,700,419,0.0037500000000000007,0.0005989960736902173,0.003788383804718293,40,0.5430877777777778,0.33111444444444443,,
spatial,across,word,700,420,0.004666666666666666,0.0006405126152203486,0.004050957468334667,40,0.5101222222222223,0.38477750000000005,,
spatial,across,word,700,421,0.003166666666666667,0.0005717718748968656,0.003616202853397895,40,0.5243297222222222,0.34394638888888884,,
spatial,across,word,700,422,0.004083333333333333,0.00036762694766511974,0.002325076967754596,40,0.5316508333333333,0.3233838888888889,,
spatial,across,word,700,423,0.005833333333333334,0.0006172958213483476,0.0039041215711303414,40,0.5435494444444443,0.35829999999999995,,
spatial,across,word,700,424,0.00375,0.0005362566783465032,0.0033915850281024955,40,0.4953497222222222,0.3300102777777777,,
spatial,across,word,700,425,0.005,0.0006085806194501846,0.0038490017945975053,40,0.519965,0.3553533333333333,,
spatial,across,word,700,426,0.0041666666666666675,0.0005566229063100617,0.0035203923635246104,40,0.5388897222222223,0.3538158333333333,,
spatial,across,word,700,427,0.005166666666666667,0.0004295031251026405,0.0027164162749691695,40,0.5356205555555554,0.31568055555555546,,
spatial,across,word,700,428,0.005,0.000559812748506421,0.003540566696958629,40,0.544511388888889,0.34838805555555563,,
spatial,across,word,700,429,0.003583333333333333,0.00045271419510563445,0.002863215971247314,40,0.5358325,0.3518916666666666,,
spatial,across,word,700,430,0.003583333333333333,0.00046818282400698627,0.0029610481704636735,40,0.5366077777777777,0.33116055555555557,,
spatial,across,word,700,431,0.00475,0.0006188802957865281,0.003914142667368273,40,0.5480938888888888,0.36610944444444443,,
spatial,across,word,700,432,0.0041666666666666675,0.0004425708371198286,0.002799063742532105,40,0.5162930555555555,0.376181111111111,,
spatial,across,word,700,433,0.005,0.000559812748506421,0.003540566696958629,40,0.5712719444444444,0.33353666666666665,,
spatial,across,word,700,434,0.005666666666666667,0.0005748776656683841,0.0036358455989457554,40,0.5518400000000001,0.3395205555555555,,
spatial,across,word,700,435,0.003583333333333333,0.00046818282400698627,0.0029610481704636735,40,0.5512869444444444,0.34495944444444443,,
spatial,across,word,700,436,0.004083333333333333,0.0006025527367540542,0.0038108781170213277,40,0.5378352777777777,0.329565,,
spatial,across,word,700,437,0.0021666666666666666,0.00043934034986550346,0.002778632347180483,40,0.5424377777777776,0.35547611111111105,,
spatial,across,word,700,438,0.0032500000000000003,0.0004991088925371763,0.003156641801723386,40,0.5282875,0.3557205555555555,,
spatial,across,word,700,439,0.0072499999999999995,0.0006188802957865281,0.003914142667368273,40,0.5375391666666667,0.36769805555555557,,
spatial,across,word,700,440,0.004833333333333334,0.0005717718748968656,0.003616202853397895,40,0.5310938888888889,0.3517944444444444,,
spatial,across,word,700,441,0.005333333333333334,0.0005310850045437943,0.003358876491038526,40,0.5499166666666666,0.3615552777777777,,
spatial,across,word,700,442,0.004583333333333333,0.0005930209011272614,0.0037505934952953204,40,0.5137805555555557,0.3344927777777778,,
spatial,across,word,700,443,0.0035000000000000005,0.00047666337934435156,0.0030146839118420175,40,0.5260133333333334,0.37663111111111097,,
spatial,across,word,700,444,0.00275,0.00041150650886420594,0.0026025956799903193,40,0.5234358333333333,0.3367219444444444,,
spatial,across,word,700,445,0.004083333333333333,0.0004697016692749325,0.002970654191383831,40,0.5494983333333334,0.3406894444444445,,
spatial,across,word,700,446,0.004166666666666667,0.0004884710724331468,0.0030893623199876614,40,0.5380897222222222,0.3429877777777777,,
spatial,across,word,700,447,0.006833333333333333,0.00051956041029222,0.003285988557150009,40,0.5450486111111111,0.358995,,
spatial,across,word,700,448,0.006750000000000001,0.0007500000000000001,0.00474341649025257,40,0.5143386111111111,0.35198833333333324,,
spatial,across,word,700,449,0.005,0.000559812748506421,0.003540566696958629,40,0.5293608333333333,0.34254694444444445,,
spatial,across,word,700,450,0.005083333333333334,0.0005061938301996517,0.003201450881910849,40,0.5415769444444445,0.33509611111111115,,
spatial,across,word,700,451,0.006,0.0005229763603684908,0.0033075929223788923,40,0.5540969444444445,0.36830694444444445,,
spatial,across,word,700,452,0.004083333333333333,0.00046970166927493256,0.0029706541913838316,40,0.5340397222222222,0.3392711111111111,,
spatial,across,word,700,453,0.003833333333333333,0.00048554606965249525,0.0030708629780892916,40,0.5774894444444444,0.3353205555555555,,
spatial,across,word,700,454,0.004333333333333333,0.0006109168300344762,0.0038637772876778144,40,0.5212805555555556,0.3528380555555556,,
spatial,across,word,700,455,0.0035000000000000005,0.0005591762357951763,0.0035365410371042644,40,0.5173786111111112,0.34189388888888883,,
spatial,across,word,700,456,0.003,0.0003922322702763681,0.0024806946917841693,40,0.5116641666666666,0.34273999999999993,,
spatial,across,word,700,457,0.004916666666666667,0.0005335936864527374,0.0033747427885527648,40,0.5300050000000001,0.3464355555555555,,
spatial,across,word,700,458,0.0036666666666666666,0.0004891995904702285,0.0030939698726150473,40,0.5317844444444445,0.3468380555555556,,
spatial,across,word,700,459,0.0037500000000000007,0.000574722774741238,0.0036348659827084013,40,0.5501066666666666,0.3578161111111111,,
spatial,across,word,700,460,0.00475,0.0005454747794744824,0.0034498854186348574,40,0.5545611111111112,0.3235372222222222,,
spatial,across,word,700,461,0.005916666666666667,0.0006481125346341155,0.004099023579097137,40,0.5666541666666667,0.3518116666666667,,
spatial,across,word,700,462,0.004333333333333333,0.0004168802871199042,0.0026365824378477057,40,0.5482377777777778,0.3340933333333333,,
spatial,across,word,700,463,0.0023333333333333335,0.00038118124993124375,0.0024108019022652635,40,0.5318169444444443,0.33355,,
spatial,across,word,700,464,0.0035000000000000005,0.0004913786640188923,0.0031077515438206536,40,0.5252186111111111,0.36197,,
spatial,across,word,700,465,0.0032500000000000003,0.00040452391911925445,0.0025584339048691576,40,0.5229427777777778,0.3624544444444444,,
spatial,across,word,700,466,0.00575,0.0004301245430187895,0.002720346466956902,40,0.5268686111111112,0.3552122222222222,,
spatial,across,word,700,467,0.0032500000000000003,0.0004846283858428769,0.0030650590360687827,40,0.5196080555555556,0.3645691666666666,,
spatial,across,word,700,468,0.0055000000000000005,0.0005913671446023187,0.003740134220666952,40,0.5505700000000001,0.35804749999999996,,
spatial,across,word,700,469,0.004083333333333333,0.0005532537786493135,0.0034990841292529317,40,0.5271411111111111,0.35456750000000004,,
spatial,across,word,700,470,0.005083333333333334,0.000596613185780614,0.0037733130983118456,40,0.5380038888888888,0.3591780555555556,,
spatial,across,word,700,471,0.0042499999999999994,0.0005596536881967729,0.0035395607112309897,40,0.542505,0.36185222222222213,,
spatial,across,word,700,472,0.006166666666666667,0.000637726553230424,0.004033336865153501,40,0.558496388888889,0.3333263888888889,,
spatial,across,word,700,473,0.004416666666666667,0.0005117911677922933,0.003236851553162112,40,0.49318249999999997,0.33985666666666664,,
spatial,across,word,700,474,0.004333333333333333,0.0006338054920158089,0.0040085378965872415,40,0.5477713888888889,0.3730497222222222,,
spatial,across,word,700,475,0.0034166666666666664,0.0003865159594306383,0.0024445415676121107,40,0.5354677777777777,0.3370197222222222,,
spatial,across,word,700,476,0.004583333333333333,0.0005558225853982063,0.0035153306896435585,40,0.5203397222222222,0.348533611111111,,
spatial,across,word,700,477,0.00525,0.0005954181656808868,0.0037657551275822065,40,0.544135,0.33939499999999995,,
spatial,across,word,700,478,0.0032500000000000003,0.0004991088925371763,0.003156641801723386,40,0.5230530555555555,0.33610527777777777,,
spatial,across,word,700,479,0.004333333333333333,0.0005991446895152781,0.0037893237337253676,40,0.5274372222222221,0.3705833333333333,,
spatial,across,word,700,480,0.0045,0.0005913671446023187,0.003740134220666952,40,0.5291313888888889,0.33759583333333326,,
spatial,across,word,700,481,0.00575,0.000596613185780614,0.0037733130983118456,40,0.5391952777777778,0.3640375,,
spatial,across,word,700,482,0.0036666666666666666,0.0004591581544807963,0.0029039711487975277,40,0.5052744444444444,0.36247805555555546,,
spatial,across,word,700,483,0.006,0.0006109168300344762,0.0038637772876778144,40,0.5339094444444445,0.3509175,,
spatial,across,word,700,484,0.0041666666666666675,0.0005937710859953544,0.003755338080994054,40,0.5293216666666666,0.3403497222222222,,
spatial,across,word,700,485,0.006166666666666667,0.0004855460696524952,0.003070862978089291,40,0.5383452777777779,0.3821555555555555,,
spatial,across,word,700,486,0.00375,0.00043342372495760464,0.0027412123256407945,40,0.49827111111111116,0.34837861111111107,,
spatial,across,word,700,487,0.0061666666666666675,0.0005,0.0031622776601683794,40,0.5367161111111111,0.3777994444444444,,
spatial,across,word,700,488,0.00225,0.0004200715581423169,0.002656765807971143,40,0.5182980555555556,0.32897194444444444,,
spatial,across,word,700,489,0.004333333333333333,0.0005623515948579822,0.0035566237711589133,40,0.5322941666666667,0.3503691666666666,,
spatial,across,word,700,490,0.0038333333333333336,0.0006264584123867621,0.003962070885030416,40,0.5467311111111111,0.3427544444444444,,
spatial,across,word,700,491,0.004833333333333334,0.00047666337934435156,0.0030146839118420175,40,0.5221616666666666,0.3365533333333333,,
spatial,across,word,700,492,0.0036666666666666666,0.0005443310539518173,0.0034426518632954817,40,0.5245200000000001,0.3542794444444444,,
spatial,across,word,700,493,0.005416666666666667,0.0005808861979155425,0.0036738468935369364,40,0.5150794444444445,0.3847505555555555,,
spatial,across,word,700,494,0.00575,0.0005722388181146617,0.003619156061610303,40,0.5350002777777778,0.35887777777777774,,
spatial,across,word,700,495,0.003916666666666667,0.00041150650886420594,0.0026025956799903193,40,0.5282661111111111,0.346635,,
spatial,across,word,700,496,0.005666666666666667,0.000599144689515278,0.003789323733725367,40,0.530666388888889,0.3651305555555555,,
spatial,across,word,700,497,0.0030833333333333333,0.00046818282400698627,0.0029610481704636735,40,0.49893027777777776,0.3529458333333333,,
spatial,across,word,700,498,0.004583333333333333,0.0004727247200735973,0.002989773643396175,40,0.5141322222222222,0.3535444444444444,,
spatial,across,word,700,499,0.0036666666666666666,0.0005943705521611524,0.003759129437922314,40,0.5416002777777777,0.3410794444444444,,
spatial,across,word,700,500,0.004,0.0006338054920158089,0.0040085378965872415,40,0.48600777777777776,0.3497569444444445,,
spatial,across,word,700,501,0.004583333333333333,0.0006049122278635169,0.0038258008490709675,40,0.5311658333333333,0.3221352777777778,,
spatial,across,word,700,502,0.0045,0.0005277215444626347,0.0033376041016874875,40,0.5359625000000001,0.3373055555555556,,
spatial,across,word,700,503,0.0042499999999999994,0.0004919219241781967,0.0031111874227515096,40,0.5073325000000001,0.37290888888888885,,
spatial,across,word,700,504,0.005333333333333333,0.0006623793767520534,0.004189255011318546,40,0.5183344444444444,0.3678888888888888,,
spatial,across,word,700,505,0.00525,0.0004757285610699276,0.0030087716019509612,40,0.5317686111111112,0.34111416666666666,,
spatial,across,word,700,506,0.00375,0.0004651302547095317,0.0029417420270727605,40,0.53244,0.35656999999999994,,
spatial,across,word,700,507,0.00425,0.0004620575191436137,0.002922308341001346,40,0.5505175,0.34010083333333324,,
spatial,across,word,700,508,0.005583333333333333,0.0005255237517707585,0.0033237040402250844,40,0.5402330555555556,0.35679194444444445,,
spatial,across,word,700,509,0.006416666666666666,0.0005894067228156503,0.003727735424625975,40,0.5484219444444445,0.37366805555555554,,
spatial,across,word,700,510,0.0025833333333333333,0.0004217636961434867,0.002667467828369185,40,0.5042366666666666,0.3368661111111111,,
spatial,across,word,700,511,0.0045,0.0005,0.0031622776601683794,40,0.5531177777777778,0.35075500000000004,,
spatial,across,word,700,512,0.004666666666666667,0.0003922322702763681,0.0024806946917841693,40,0.518356111111111,0.3609158333333333,,
spatial,across,word,700,513,0.004166666666666667,0.0005566229063100618,0.003520392363524611,40,0.5653227777777777,0.31706555555555554,,
spatial,across,word,700,514,0.0034166666666666664,0.0004991088925371763,0.003156641801723386,40,0.527348611111111,0.3439213888888889,,
spatial,across,word,700,515,0.0036666666666666666,0.0004591581544807963,0.0029039711487975277,40,0.5235108333333333,0.34452222222222223,,
spatial,across,word,700,516,0.00525,0.0005954181656808868,0.0037657551275822065,40,0.506185,0.3395916666666666,,
spatial,across,word,700,517,0.004583333333333333,0.00044156384869985954,0.002792694988563072,40,0.5113222222222221,0.3398202777777777,,
spatial,across,word,700,518,0.0052499999999999995,0.0005583795745617396,0.0035315025090618263,40,0.5509472222222224,0.3430427777777777,,
spatial,across,word,700,519,0.0034166666666666664,0.0004697016692749325,0.002970654191383831,40,0.5241791666666666,0.3374716666666666,,
spatial,across,word,700,520,0.0045,0.0005913671446023187,0.003740134220666952,40,0.5318077777777778,0.347165,,
spatial,across,word,700,521,0.005166666666666667,0.0005462902602399647,0.0034550429718488217,40,0.5337316666666666,0.3373069444444444,,
spatial,across,word,700,522,0.003,0.000557262335477027,0.003524436468664519,40,0.4912330555555555,0.3454480555555555,,
spatial,across,word,700,523,0.003833333333333333,0.000626458412386762,0.003962070885030415,40,0.5223697222222222,0.33382333333333325,,
spatial,across,word,700,524,0.005583333333333333,0.0005389065112987853,0.003408344043198855,40,0.5189583333333333,0.3363713888888889,,
spatial,across,word,700,525,0.004916666666666666,0.0006535842445105027,0.004133629710907181,40,0.5356736111111109,0.3202058333333333,,
spatial,across,word,700,526,0.00275,0.0004757285610699276,0.0030087716019509612,40,0.5120144444444443,0.33190111111111115,,
spatial,across,word,700,527,0.004916666666666666,0.0006084343084444759,0.003848076442547927,40,0.5758594444444445,0.3222994444444444,,
spatial,across,word,700,528,0.0025,0.00044257083711982863,0.0027990637425321053,40,0.5250688888888889,0.32144611111111104,,
spatial,across,word,700,529,0.0045,0.0005540578101426393,0.0035041692709117636,40,0.5191269444444445,0.3170113888888889,,
spatial,across,word,700,530,0.00575,0.0005722388181146617,0.003619156061610303,40,0.5336144444444445,0.35496833333333333,,
spatial,across,word,700,531,0.004333333333333333,0.00048038446141526135,0.003038218101251,40,0.50285,0.37247472222222217,,
spatial,across,word,700,532,0.004666666666666667,0.00044337478117411743,0.002804148331177911,40,0.5462916666666666,0.33635805555555554,,
spatial,across,word,700,533,0.0042499999999999994,0.0005200742331410084,0.0032892382581820247,40,0.5145386111111112,0.3622344444444444,,
spatial,across,word,700,534,0.00575,0.0006200300976060129,0.003921414652583029,40,0.5338822222222223,0.33386972222222216,,
spatial,across,word,700,535,0.004333333333333333,0.0005871365639519861,0.0037133776793067774,40,0.5033263888888888,0.3486769444444444,,
spatial,across,word,700,536,0.004916666666666666,0.000596613185780614,0.0037733130983118456,40,0.5197227777777778,0.34706833333333337,,
spatial,across,word,700,537,0.003916666666666667,0.0005454747794744824,0.0034498854186348574,40,0.5130502777777778,0.35333638888888885,,
spatial,across,word,700,538,0.005416666666666667,0.0005558225853982065,0.0035153306896435594,40,0.5188608333333334,0.36247777777777773,,
spatial,across,word,700,539,0.0034166666666666664,0.0006025527367540542,0.0038108781170213277,40,0.5314730555555556,0.3321491666666666,,
spatial,across,word,700,540,0.0035833333333333333,0.0004681828240069863,0.002961048170463674,40,0.5358186111111112,0.3417280555555556,,
spatial,across,word,700,541,0.0055000000000000005,0.0007015448967566097,0.0044369595092371185,40,0.513585,0.330311111111111,,
spatial,across,word,700,542,0.00275,0.00046051346296568745,0.0029125428722863436,40,0.5128547222222222,0.34679638888888886,,
spatial,across,word,700,543,0.0041666666666666675,0.0006056476837313231,0.0038304522803925744,40,0.520738611111111,0.33677083333333335,,
spatial,across,word,700,544,0.0052499999999999995,0.0004904718932443306,0.003102016621894074,40,0.5599702777777777,0.35862916666666667,,
spatial,across,word,700,545,0.0032500000000000003,0.00045428476077747075,0.0028731491007230646,40,0.5417405555555556,0.3307833333333333,,
spatial,across,word,700,546,0.0052499999999999995,0.0005454747794744822,0.003449885418634857,40,0.5201322222222222,0.3509886111111111,,
spatial,across,word,700,547,0.003,0.0005699002761767403,0.003604365823754991,40,0.5180030555555555,0.3417363888888888,,
spatial,across,word,700,548,0.00475,0.0006844581111966647,0.004328893188716515,40,0.5307686111111112,0.3480902777777777,,
spatial,across,word,700,549,0.004416666666666667,0.0004976798018658033,0.00314760343871451,40,0.5087780555555554,0.36314833333333335,,
spatial,across,word,700,550,0.0035833333333333333,0.0003846687997096794,0.002432859103771408,40,0.5245727777777778,0.3602683333333333,,
spatial,across,word,700,551,0.00575,0.0004772233913401199,0.0030182257386893066,40,0.5398905555555555,0.34398888888888896,,
spatial,across,word,700,552,0.00475,0.0005583795745617396,0.003531502509061826,40,0.5396608333333333,0.36110472222222223,,
spatial,across,word,700,553,0.005333333333333333,0.0006623793767520533,0.004189255011318545,40,0.5384713888888889,0.36040777777777777,,
spatial,across,word,700,554,0.003,0.0004891995904702285,0.0030939698726150473,40,0.5165161111111111,0.38024749999999996,,
spatial,across,word,700,555,0.003333333333333333,0.0004465760847047224,0.0028243951524544115,40,0.5236477777777777,0.32582111111111106,,
spatial,across,word,700,556,0.005916666666666667,0.0005906139063083313,0.0037353703234072324,40,0.5199311111111111,0.35024527777777775,,
spatial,across,word,700,557,0.0055000000000000005,0.0005,0.00316227766016838,40,0.5234375,0.3522908333333333,,
spatial,across,word,700,558,0.0034166666666666664,0.0005784287095915729,0.003658304372682908,40,0.5256216666666667,0.3399683333333334,,
spatial,across,word,700,559,0.0035000000000000005,0.0005330928945203023,0.0033715755022721006,40,0.5154083333333332,0.32890249999999993,,
spatial,across,word,700,560,0.0019166666666666666,0.00039381796885438406,0.002490723530162211,40,0.5057202777777778,0.356315,,
spatial,across,word,700,561,0.0021666666666666666,0.00045526361293755647,0.002879339905359958,40,0.5190372222222223,0.32739277777777775,,
spatial,across,word,700,562,0.004416666666666668,0.0006013695196343918,0.0038033947948920535,40,0.5341277777777778,0.329941111111111,,
spatial,across,word,700,563,0.0035000000000000005,0.0005330928945203023,0.0033715755022721006,40,0.5180772222222222,0.338228611111111,,
spatial,across,word,700,564,0.00375,0.0005362566783465032,0.003391585028102495,40,0.5419441666666667,0.34675861111111106,,
spatial,across,word,700,565,0.004,0.0005091750772173155,0.003220305943597653,40,0.5362302777777778,0.36699638888888886,,
spatial,across,word,700,566,0.0025833333333333333,0.0004697016692749325,0.002970654191383831,40,0.5101852777777778,0.3237830555555556,,
spatial,across,word,700,567,0.004833333333333334,0.0005330928945203023,0.0033715755022721006,40,0.5400966666666667,0.3673180555555556,,
spatial,across,word,700,568,0.005583333333333333,0.0005117911677922935,0.0032368515531621123,40,0.5454833333333333,0.33576805555555544,,
spatial,across,word,700,569,0.00425,0.0005200742331410084,0.0032892382581820243,40,0.5304830555555556,0.3231491666666667,,
spatial,across,word,700,570,0.0036666666666666666,0.0004891995904702285,0.0030939698726150473,40,0.5428483333333334,0.3472133333333333,,
spatial,across,word,700,571,0.004583333333333333,0.0005808861979155425,0.0036738468935369364,40,0.516273611111111,0.33999944444444447,,
spatial,across,word,700,572,0.005333333333333333,0.0005443310539518173,0.0034426518632954817,40,0.5167058333333333,0.3581158333333333,,
spatial,across,word,700,573,0.005916666666666666,0.0005131809630673188,0.003245641390262953,40,0.5428808333333333,0.3823147222222222,,
spatial,across,word,700,574,0.00425,0.0005335936864527374,0.0033747427885527648,40,0.5128869444444444,0.3387447222222222,,
spatial,across,word,700,575,0.005333333333333333,0.00044337478117411743,0.002804148331177911,40,0.5593027777777777,0.34043916666666674,,
spatial,across,word,700,576,0.0032500000000000003,0.0003477133279075716,0.002199132177969832,40,0.5043858333333333,0.35287888888888885,,
spatial,across,word,700,577,0.0028333333333333335,0.00043934034986550346,0.002778632347180483,40,0.5225211111111111,0.3574491666666667,,
spatial,across,word,700,578,0.004916666666666666,0.0006314129680188206,0.003993406246213056,40,0.5295038888888889,0.3292730555555555,,
spatial,across,word,700,579,0.0035000000000000005,0.0004457779141208643,0.002819347078441735,40,0.5209747222222223,0.3237930555555556,,
spatial,across,word,700,580,0.0035833333333333333,0.0004976798018658033,0.00314760343871451,40,0.5420697222222223,0.35966694444444436,,
spatial,across,word,700,581,0.00475,0.0006072625513464554,0.0038406655999594984,40,0.5075008333333333,0.3435747222222222,,
spatial,across,word,700,582,0.002916666666666667,0.0004651302547095317,0.0029417420270727605,40,0.5064949999999999,0.3358766666666667,,
spatial,across,word,700,583,0.004583333333333333,0.0005019548679499876,0.003174641330662029,40,0.5332969444444443,0.3239369444444444,,
spatial,across,word,700,584,0.0028333333333333335,0.0004855460696524952,0.003070862978089291,40,0.5146788888888889,0.35638916666666665,,
spatial,across,word,700,585,0.00475,0.00046051346296568745,0.0029125428722863436,40,0.5219008333333333,0.33197166666666666,,
spatial,across,word,700,586,0.004416666666666667,0.0005771960417875981,0.0036505082969650717,40,0.4981183333333334,0.33449805555555556,,
spatial,across,word,700,587,0.006500000000000001,0.0005056659032384978,0.0031981119786399334,40,0.549793888888889,0.3910630555555555,,
spatial,across,word,700,588,0.0036666666666666666,0.0006292943635623921,0.0039800070151264615,40,0.5507652777777777,0.3311561111111111,,
spatial,across,word,700,589,0.0061666666666666675,0.0006032910690206793,0.003815547740286388,40,0.5341897222222223,0.34837166666666664,,
spatial,across,word,700,590,0.003916666666666667,0.0005047847980156418,0.0031925393799149436,40,0.50834,0.32142944444444443,,
spatial,across,word,700,591,0.002916666666666667,0.0004801990921390503,0.0030370457230089122,40,0.5023775,0.34252027777777777,,
spatial,across,word,700,592,0.0032500000000000003,0.0004697016692749325,0.002970654191383831,40,0.5233088888888887,0.33808666666666665,,
spatial,across,word,700,593,0.004583333333333333,0.0006611685674953662,0.004181597181192252,40,0.48294972222222227,0.34041999999999994,,
spatial,across,word,700,594,0.004083333333333333,0.00046970166927493256,0.0029706541913838316,40,0.5389283333333333,0.33934944444444437,,
spatial,across,word,700,595,0.004999999999999999,0.0005723943812052382,0.0036201399289824566,40,0.5170280555555555,0.3619555555555555,,
spatial,across,word,700,596,0.003083333333333333,0.0004366979828269512,0.002761920550668525,40,0.5176447222222222,0.33405027777777774,,
spatial,across,word,700,597,0.0019166666666666666,0.00039381796885438406,0.002490723530162211,40,0.4899638888888889,0.3342191666666666,,
spatial,across,word,700,598,0.004083333333333333,0.000540226553720501,0.0034166927245201867,40,0.5250666666666666,0.3715508333333334,,
spatial,across,word,700,599,0.005083333333333334,0.000596613185780614,0.0037733130983118456,40,0.542525,0.3428902777777778,,
spatial,across,word,700,600,0.006500000000000001,0.0005330928945203023,0.0033715755022721006,40,0.5242783333333333,0.3541986111111111,,
spatial,across,word,700,601,0.002416666666666667,0.00039562241344126857,0.002502135839774444,40,0.5008819444444443,0.3317124999999999,,
spatial,across,word,700,602,0.0072499999999999995,0.0005322571942188482,0.0033662900694843324,40,0.5617797222222223,0.35307861111111116,,
spatial,across,word,700,603,0.003333333333333333,0.00046225016352102424,0.0029235267310234307,40,0.5221030555555556,0.3416738888888889,,
spatial,across,word,700,604,0.004583333333333333,0.0005428570089754135,0.0034333291842975513,40,0.5434255555555556,0.3651861111111111,,
spatial,across,word,700,605,0.0030833333333333333,0.0004366979828269512,0.002761920550668525,40,0.5262236111111112,0.3423086111111111,,
spatial,across,word,700,606,0.003833333333333333,0.000566767210788584,0.0035845505783853645,40,0.5122822222222222,0.3375477777777777,,
spatial,across,word,700,607,0.004416666666666667,0.0004976798018658033,0.00314760343871451,40,0.5247913888888889,0.3672436111111111,,
spatial,across,word,700,608,0.0030833333333333333,0.0004366979828269512,0.002761920550668525,40,0.5114677777777779,0.32805388888888887,,
spatial,across,word,700,609,0.0032500000000000003,0.00043832593994609724,0.0027722166555277,40,0.49851083333333346,0.3560413888888889,,
spatial,across,word,700,610,0.0035833333333333333,0.0005255237517707585,0.0033237040402250844,40,0.5138291666666668,0.34979083333333333,,
spatial,across,word,700,611,0.005,0.0004465760847047224,0.0028243951524544115,40,0.5121275,0.3668497222222221,,
spatial,across,word,700,612,0.004916666666666666,0.0007059726877843333,0.004464963318538847,40,0.5270555555555557,0.3595508333333332,,
spatial,across,word,700,613,0.004583333333333333,0.0005159493228057419,0.003263150034575203,40,0.5319452777777778,0.3636902777777777,,
spatial,across,word,700,614,0.00475,0.0005454747794744822,0.003449885418634857,40,0.5318972222222224,0.32466166666666674,,
spatial,across,word,700,615,0.004916666666666666,0.0005722388181146617,0.003619156061610303,40,0.5419297222222221,0.32915527777777775,,
spatial,across,word,700,616,0.004333333333333333,0.0004949891362588122,0.003130586175234568,40,0.5067122222222222,0.34090944444444443,,
spatial,across,word,700,617,0.004583333333333333,0.0005019548679499876,0.003174641330662029,40,0.5342408333333333,0.33697333333333335,,
spatial,across,word,700,618,0.003083333333333333,0.0004681828240069863,0.002961048170463674,40,0.5159172222222222,0.3348344444444444,,
spatial,across,word,700,619,0.0021666666666666666,0.00045526361293755647,0.002879339905359958,40,0.5130747222222223,0.3502761111111111,,
spatial,across,word,700,620,0.007916666666666666,0.0006280197703168522,0.003971945779634117,40,0.5650694444444444,0.35345388888888885,,
spatial,across,word,700,621,0.0034999999999999996,0.00047666337934435156,0.0030146839118420175,40,0.5036877777777777,0.34984777777777776,,
spatial,across,word,700,622,0.0035000000000000005,0.0004295031251026405,0.0027164162749691695,40,0.5158225,0.34482944444444436,,
spatial,across,word,700,623,0.00375,0.000522806092950542,0.003306516056674825,40,0.5166213888888889,0.3453055555555556,,
spatial,across,word,700,624,0.0037500000000000007,0.0004166666666666666,0.002635231383473649,40,0.5173155555555555,0.33338222222222214,,
spatial,across,word,700,625,0.005,0.0005469417694282446,0.003459163477751806,40,0.5404994444444444,0.3622572222222222,,
spatial,across,word,700,626,0.0023333333333333335,0.00041688028711990425,0.002636582437847706,40,0.5063288888888888,0.33161666666666667,,
spatial,across,word,700,627,0.0045000000000000005,0.0005277215444626347,0.0033376041016874875,40,0.5181277777777777,0.33527,,
spatial,across,word,700,628,0.00425,0.0005467789649092551,0.0034581338115650556,40,0.5004897222222222,0.3485019444444444,,
spatial,across,word,700,629,0.0042499999999999994,0.00041323372110962616,0.0026135195293864426,40,0.5198772222222222,0.33251722222222224,,
spatial,across,word,700,630,0.004666666666666667,0.0005699002761767403,0.003604365823754991,40,0.49555249999999995,0.338205,,
spatial,across,word,700,631,0.004833333333333334,0.0004913786640188924,0.0031077515438206545,40,0.5221375,0.34081,,
spatial,across,word,700,632,0.003333333333333333,0.00041344911529736153,0.002614881801842454,40,0.5187458333333332,0.33525666666666665,,
spatial,across,word,700,633,0.0035000000000000005,0.0004614791034954486,0.0029186501192363773,40,0.5209325,0.3393275,,
spatial,across,word,700,634,0.003833333333333333,0.0005410499447694665,0.003421900306759639,40,0.5000133333333333,0.3589130555555556,,
spatial,across,word,700,635,0.002666666666666667,0.0005229763603684908,0.0033075929223788923,40,0.5346547222222222,0.3551391666666666,,
spatial,across,word,700,636,0.004416666666666667,0.0005647213971599238,0.003571611716915804,40,0.49922750000000005,0.34451388888888884,,
spatial,across,word,700,637,0.003583333333333333,0.0004527141951056344,0.0028632159712473136,40,0.5255394444444444,0.3579147222222222,,
spatial,across,word,700,638,0.0041666666666666675,0.0004583818933094545,0.002899061642076347,40,0.529841111111111,0.3401208333333333,,
spatial,across,word,700,639,0.00275,0.00046051346296568745,0.0029125428722863436,40,0.5052763888888889,0.3461683333333333,,
spatial,across,word,700,640,0.00375,0.0005621932528599516,0.003555622328432836,40,0.49352777777777773,0.34253861111111106,,
spatial,across,word,700,641,0.00375,0.000522806092950542,0.003306516056674825,40,0.5131197222222224,0.34243222222222225,,
spatial,across,word,700,642,0.0019999999999999996,0.0003922322702763681,0.0024806946917841693,40,0.5205188888888889,0.3382133333333333,,
spatial,across,word,700,643,0.005833333333333334,0.0005566229063100618,0.003520392363524611,40,0.4972027777777777,0.3256286111111112,,
spatial,across,word,700,644,0.005083333333333334,0.0005596536881967729,0.0035395607112309897,40,0.5185394444444444,0.3481794444444445,,
spatial,across,word,700,645,0.0037500000000000007,0.00043342372495760464,0.0027412123256407945,40,0.5037597222222223,0.32910416666666664,,
spatial,across,word,700,646,0.0035000000000000005,0.0004457779141208643,0.002819347078441735,40,0.5382844444444445,0.33464777777777777,,
spatial,across,word,700,647,0.0037500000000000007,0.00044955660333392903,0.002843245607408123,40,0.5131202777777778,0.3528102777777778,,
spatial,across,word,700,648,0.0045000000000000005,0.0003688358524328757,0.0023327227528352878,40,0.4965491666666667,0.35561583333333335,,
spatial,across,word,700,649,0.003,0.0005175000172041232,0.003272957487082702,40,0.48883527777777774,0.32628305555555553,,
spatial,across,word,700,650,0.0035833333333333333,0.0004681828240069863,0.002961048170463674,40,0.5100783333333334,0.34501777777777776,,
spatial,across,word,700,651,0.002916666666666667,0.0004334237249576047,0.002741212325640795,40,0.5117616666666667,0.34212444444444445,,
spatial,across,word,700,652,0.003,0.0004744167209018092,0.0030004747962362566,40,0.5264783333333333,0.3487394444444445,,
spatial,across,word,700,653,0.0025,0.0004091196858853377,0.0025875000860206164,40,0.521561111111111,0.3415652777777778,,
spatial,across,word,700,654,0.003166666666666666,0.0004295031251026405,0.0027164162749691695,40,0.5017441666666667,0.351715,,
spatial,across,word,700,655,0.0030833333333333338,0.0004527141951056344,0.0028632159712473136,40,0.5163641666666667,0.3579724999999999,,
spatial,across,word,700,656,0.004916666666666667,0.0005596536881967729,0.0035395607112309897,40,0.5468622222222222,0.3247436111111111,,
spatial,across,word,700,657,0.005083333333333334,0.0006535842445105027,0.004133629710907181,40,0.5174800000000002,0.3257577777777777,,
spatial,across,word,700,658,0.0027500000000000003,0.00042846542577274665,0.0027098532881513794,40,0.5027819444444445,0.3459605555555555,,
spatial,across,word,700,659,0.0042499999999999994,0.0005596536881967729,0.0035395607112309897,40,0.5348777777777778,0.3199777777777778,,
spatial,across,word,700,660,0.0035000000000000005,0.0005840959605818987,0.0036941472150854577,40,0.5098722222222222,0.3357513888888889,,
spatial,across,word,700,661,0.00475,0.000595418165680887,0.0037657551275822074,40,0.551861388888889,0.3374302777777778,,
spatial,across,word,700,662,0.00525,0.0006633195892576047,0.004195201437322778,40,0.5295202777777778,0.3274363888888889,,
spatial,across,word,700,663,0.0028333333333333335,0.00038766596482655045,0.0024518148403572426,40,0.5039913888888888,0.34807416666666663,,
spatial,across,word,700,664,0.005666666666666667,0.0006449452813645634,0.0040789921105803375,40,0.539943888888889,0.37270194444444443,,
spatial,across,word,700,665,0.003916666666666667,0.0005322571942188482,0.0033662900694843324,40,0.5165441666666666,0.3415722222222223,,
spatial,across,word,700,666,0.003333333333333334,0.00047740991602628855,0.0030194054243855885,40,0.5228258333333333,0.34257111111111105,,
spatial,across,word,700,667,0.006500000000000001,0.0005330928945203023,0.0033715755022721006,40,0.5339955555555557,0.35699083333333337,,
spatial,across,word,700,668,0.00375,0.000522806092950542,0.003306516056674825,40,0.49711805555555555,0.35218111111111106,,
spatial,across,word,700,669,0.002916666666666667,0.0004948092383294621,0.0031294484008283787,40,0.48465777777777774,0.3399294444444444,,
spatial,across,word,700,670,0.003833333333333333,0.00048554606965249525,0.0030708629780892916,40,0.5006180555555555,0.3400677777777778,,
spatial,across,word,700,671,0.002333333333333333,0.00038118124993124375,0.0024108019022652635,40,0.5125263888888888,0.33644361111111115,,
spatial,across,word,700,672,0.003166666666666666,0.0005056659032384976,0.003198111978639933,40,0.5383919444444445,0.3276769444444444,,
spatial,across,word,700,673,0.004666666666666667,0.0004591581544807963,0.0029039711487975277,40,0.5168958333333333,0.35755777777777775,,
spatial,across,word,700,674,0.004583333333333333,0.0004727247200735973,0.002989773643396175,40,0.4970055555555556,0.32115805555555554,,
spatial,across,word,700,675,0.003833333333333333,0.00048554606965249525,0.0030708629780892916,40,0.5313008333333332,0.3522788888888889,,
spatial,across,word,700,676,0.004,0.00048038446141526135,0.003038218101251,40,0.5144819444444444,0.3427519444444445,,
spatial,across,word,700,677,0.004666666666666667,0.0005035486605694166,0.0031847213602527527,40,0.48923638888888893,0.3509577777777778,,
spatial,across,word,700,678,0.005,0.00047740991602628855,0.0030194054243855885,40,0.5192297222222221,0.34822361111111105,,
spatial,across,word,700,679,0.005333333333333333,0.00040998922923799846,0.0025929995610579504,40,0.5161713888888888,0.36560916666666665,,
spatial,across,word,700,680,0.0030833333333333333,0.0005519648921491675,0.003490932495281123,40,0.5049977777777779,0.3680905555555556,,
spatial,across,word,700,681,0.0042499999999999994,0.0005200742331410084,0.0032892382581820247,40,0.5496308333333333,0.35343027777777775,,
spatial,across,word,700,682,0.0045000000000000005,0.0004706484585228889,0.0029766422123592316,40,0.5154997222222223,0.36438333333333334,,
spatial,across,word,700,683,0.00375,0.00048019909213905024,0.003037045723008912,40,0.5116666666666667,0.34043972222222224,,
spatial,across,word,700,684,0.00425,0.0005467789649092551,0.0034581338115650556,40,0.51895,0.3786777777777778,,
spatial,across,word,700,685,0.004666666666666667,0.000557262335477027,0.003524436468664519,40,0.4960858333333332,0.3390741666666666,,
spatial,across,word,700,686,0.0025,0.0004425708371198286,0.002799063742532105,40,0.5147433333333333,0.33630277777777773,,
spatial,across,word,700,687,0.0036666666666666666,0.0005175000172041232,0.0032729574870827014,40,0.5197100000000001,0.3382199999999999,,
spatial,across,word,700,688,0.002916666666666667,0.0004334237249576047,0.002741212325640795,40,0.5377697222222222,0.35400083333333326,,
spatial,across,word,700,689,0.0036666666666666666,0.0005175000172041232,0.003272957487082702,40,0.5261997222222222,0.3267511111111111,,
spatial,across,word,700,690,0.007083333333333333,0.0006336650053706131,0.004007649381027932,40,0.518713611111111,0.3243202777777777,,
spatial,across,word,700,691,0.002333333333333333,0.00036201399289824567,0.0022895775248209533,40,0.5034061111111111,0.3349280555555555,,
spatial,across,word,700,692,0.0028333333333333335,0.0004228178434916492,0.002674134841588425,40,0.5004602777777778,0.33287083333333334,,
spatial,across,word,700,693,0.002666666666666667,0.00048038446141526145,0.0030382181012510003,40,0.5090030555555554,0.33693,,
spatial,across,word,700,694,0.004083333333333333,0.0005532537786493135,0.0034990841292529317,40,0.5065522222222223,0.34042416666666664,,
spatial,across,word,700,695,0.003583333333333333,0.0004831564663131095,0.0030557497995756847,40,0.5095108333333332,0.3431313888888889,,
spatial,across,word,700,696,0.005333333333333334,0.0006062354060275328,0.0038341693625679476,40,0.5167605555555556,0.34817416666666673,,
spatial,across,word,700,697,0.0025833333333333333,0.00038651595943063843,0.002444541567612111,40,0.5211605555555556,0.3342463888888889,,
spatial,across,word,700,698,0.00275,0.00044477818665896303,0.0028130242468036807,40,0.4825105555555556,0.3383447222222221,,
spatial,across,word,700,699,0.003333333333333333,0.0004465760847047224,0.0028243951524544115,40,0.4930975,0.33407777777777775,,
